#options: 854x480 fps=30/1 timebase=1/30 bitdepth=8 cabac=1 ref=1 deblock=1:0:0 analyse=0x1:0 me=dia subme=2 psy=1 psy_rd=1.00:0.00 mixed_ref=0 me_range=16 chroma_me=1 trellis=0 8x8dct=0 cqm=0 deadzone=21,11 fast_pskip=1 chroma_qp_offset=0 threads=3 lookahead_threads=1 sliced_threads=0 nr=0 decimate=1 interlaced=0 bluray_compat=0 constrained_intra=0 bframes=3 b_pyramid=2 b_adapt=1 b_bias=0 direct=3 weightb=1 open_gop=0 weightp=2 keyint=250 keyint_min=25 scenecut=40 intra_refresh=0 rc_lookahead=50 rc=abr mbtree=1 bitrate=170 ratetol=1.0 qcomp=0.60 qpmin=0 qpmax=69 qpstep=4 vbv_maxrate=250 vbv_bufsize=500 nal_hrd=none filler=0 ip_ratio=1.40 aq=1:1.00
in:0 out:0 type:I dur:2 cpbdur:2 q:47.85 aq:28.00 tex:233 mv:490 misc:93 imb:1620 pmb:0 smb:0 d:- ref:;
in:4 out:1 type:P dur:2 cpbdur:2 q:47.80 aq:28.00 tex:0 mv:0 misc:160 imb:0 pmb:0 smb:1620 d:- ref:0 ;
in:2 out:2 type:B dur:2 cpbdur:2 q:47.85 aq:32.00 tex:0 mv:0 misc:152 imb:0 pmb:0 smb:1620 d:- ref:0 ;
in:1 out:3 type:b dur:2 cpbdur:2 q:47.85 aq:33.00 tex:0 mv:0 misc:144 imb:0 pmb:0 smb:1620 d:- ref:0 ;
in:3 out:4 type:b dur:2 cpbdur:2 q:47.85 aq:33.00 tex:0 mv:0 misc:144 imb:0 pmb:0 smb:1620 d:- ref:0 ;
in:8 out:5 type:P dur:2 cpbdur:2 q:43.80 aq:24.00 tex:0 mv:0 misc:168 imb:0 pmb:0 smb:1620 d:- ref:0 ;
in:6 out:6 type:B dur:2 cpbdur:2 q:47.73 aq:30.00 tex:0 mv:0 misc:160 imb:0 pmb:0 smb:1620 d:- ref:0 ;
in:5 out:7 type:b dur:2 cpbdur:2 q:47.76 aq:32.00 tex:0 mv:0 misc:144 imb:0 pmb:0 smb:1620 d:- ref:0 ;
in:7 out:8 type:b dur:2 cpbdur:2 q:47.70 aq:30.00 tex:0 mv:0 misc:144 imb:0 pmb:0 smb:1620 d:- ref:0 ;
in:12 out:9 type:P dur:2 cpbdur:2 q:35.80 aq:18.02 tex:1702 mv:828 misc:342 imb:115 pmb:56 smb:1449 d:- ref:0 ;
in:10 out:10 type:B dur:2 cpbdur:2 q:43.66 aq:24.00 tex:17 mv:66 misc:229 imb:0 pmb:79 smb:1541 d:s ref:0 ;
in:9 out:11 type:b dur:2 cpbdur:2 q:43.73 aq:27.00 tex:0 mv:0 misc:144 imb:0 pmb:0 smb:1620 d:- ref:0 ;
in:11 out:12 type:b dur:2 cpbdur:2 q:43.60 aq:26.93 tex:85 mv:154 misc:257 imb:9 pmb:22 smb:1589 d:- ref:0 ;
in:16 out:13 type:P dur:2 cpbdur:2 q:28.33 aq:10.90 tex:15033 mv:2316 misc:395 imb:227 pmb:53 smb:1340 d:s ref:0 ;
in:14 out:14 type:B dur:2 cpbdur:2 q:35.67 aq:20.17 tex:946 mv:373 misc:313 imb:16 pmb:24 smb:1580 d:s ref:0 ;
in:13 out:15 type:b dur:2 cpbdur:2 q:35.73 aq:24.27 tex:66 mv:70 misc:232 imb:0 pmb:20 smb:1600 d:s ref:0 ;
in:15 out:16 type:b dur:2 cpbdur:2 q:35.61 aq:26.79 tex:216 mv:74 misc:238 imb:1 pmb:23 smb:1596 d:- ref:0 ;
in:20 out:17 type:P dur:2 cpbdur:2 q:28.17 aq:10.14 tex:1246 mv:766 misc:604 imb:111 pmb:40 smb:1469 d:s ref:0 ;
in:18 out:18 type:B dur:2 cpbdur:2 q:28.33 aq:14.00 tex:212 mv:103 misc:285 imb:0 pmb:17 smb:1603 d:s ref:0 ;
in:17 out:19 type:b dur:2 cpbdur:2 q:28.33 aq:13.24 tex:119 mv:48 misc:273 imb:0 pmb:15 smb:1605 d:s ref:0 ;
in:19 out:20 type:b dur:2 cpbdur:2 q:28.33 aq:17.33 tex:25 mv:14 misc:185 imb:0 pmb:3 smb:1617 d:- ref:0 ;
in:24 out:21 type:P dur:2 cpbdur:2 q:25.98 aq:8.02 tex:5004 mv:1933 misc:687 imb:234 pmb:84 smb:1302 d:s ref:0 ;
in:22 out:22 type:B dur:2 cpbdur:2 q:28.13 aq:11.73 tex:507 mv:284 misc:489 imb:8 pmb:70 smb:1542 d:s ref:0 ;
in:21 out:23 type:b dur:2 cpbdur:2 q:28.15 aq:13.00 tex:218 mv:126 misc:440 imb:0 pmb:58 smb:1562 d:s ref:0 ;
in:23 out:24 type:b dur:2 cpbdur:2 q:28.12 aq:13.62 tex:186 mv:75 misc:267 imb:3 pmb:19 smb:1598 d:- ref:0 ;
in:28 out:25 type:P dur:2 cpbdur:2 q:24.56 aq:6.45 tex:7042 mv:2837 misc:745 imb:315 pmb:116 smb:1189 d:s ref:0 ;
in:26 out:26 type:B dur:2 cpbdur:2 q:25.96 aq:13.18 tex:307 mv:299 misc:570 imb:7 pmb:84 smb:1529 d:s ref:0 ;
in:25 out:27 type:b dur:2 cpbdur:2 q:25.97 aq:12.38 tex:388 mv:235 misc:657 imb:1 pmb:111 smb:1508 d:s ref:0 ;
in:27 out:28 type:b dur:2 cpbdur:2 q:25.95 aq:10.54 tex:79 mv:130 misc:295 imb:7 pmb:14 smb:1599 d:- ref:0 ;
in:32 out:29 type:P dur:2 cpbdur:2 q:23.55 aq:5.79 tex:10452 mv:3420 misc:872 imb:350 pmb:143 smb:1127 d:s ref:0 ;
in:30 out:30 type:B dur:2 cpbdur:2 q:24.54 aq:10.49 tex:588 mv:345 misc:739 imb:2 pmb:125 smb:1493 d:s ref:0 ;
in:29 out:31 type:b dur:2 cpbdur:2 q:24.55 aq:14.50 tex:308 mv:258 misc:722 imb:2 pmb:128 smb:1490 d:s ref:0 ;
in:31 out:32 type:b dur:2 cpbdur:2 q:24.53 aq:10.09 tex:380 mv:157 misc:415 imb:4 pmb:40 smb:1576 d:- ref:0 ;
in:36 out:33 type:P dur:2 cpbdur:2 q:23.14 aq:6.70 tex:12351 mv:3827 misc:1006 imb:366 pmb:150 smb:1104 d:s ref:0 ;
in:34 out:34 type:B dur:2 cpbdur:2 q:23.54 aq:9.70 tex:1101 mv:569 misc:834 imb:5 pmb:155 smb:1460 d:s ref:0 ;
in:33 out:35 type:b dur:2 cpbdur:2 q:23.54 aq:12.45 tex:170 mv:164 misc:354 imb:3 pmb:31 smb:1586 d:s ref:0 ;
in:35 out:36 type:b dur:2 cpbdur:2 q:23.54 aq:11.38 tex:224 mv:160 misc:368 imb:1 pmb:29 smb:1590 d:- ref:0 ;
in:40 out:37 type:P dur:2 cpbdur:2 q:23.05 aq:7.81 tex:28046 mv:6017 misc:945 imb:511 pmb:182 smb:927 d:s ref:0 ;
in:38 out:38 type:B dur:2 cpbdur:2 q:23.14 aq:9.59 tex:2480 mv:1155 misc:645 imb:28 pmb:97 smb:1495 d:s ref:0 ;
in:37 out:39 type:b dur:2 cpbdur:2 q:23.14 aq:11.16 tex:1309 mv:831 misc:780 imb:10 pmb:147 smb:1463 d:s ref:0 ;
in:39 out:40 type:b dur:2 cpbdur:2 q:23.14 aq:11.92 tex:541 mv:410 misc:497 imb:6 pmb:67 smb:1547 d:- ref:0 ;
in:42 out:41 type:P dur:2 cpbdur:2 q:24.09 aq:8.80 tex:27909 mv:5596 misc:1231 imb:398 pmb:253 smb:969 d:s ref:0 ;
in:41 out:42 type:b dur:2 cpbdur:2 q:24.07 aq:14.65 tex:503 mv:403 misc:622 imb:6 pmb:84 smb:1530 d:s ref:0 ;
in:46 out:43 type:P dur:2 cpbdur:2 q:24.78 aq:10.52 tex:17391 mv:6892 misc:1117 imb:546 pmb:305 smb:769 d:s ref:0 ;
in:44 out:44 type:B dur:2 cpbdur:2 q:24.77 aq:11.17 tex:1467 mv:1358 misc:1255 imb:13 pmb:317 smb:1290 d:s ref:0 ;
in:43 out:45 type:b dur:2 cpbdur:2 q:24.77 aq:16.82 tex:278 mv:228 misc:446 imb:1 pmb:47 smb:1572 d:s ref:0 ;
in:45 out:46 type:b dur:2 cpbdur:2 q:24.78 aq:15.14 tex:501 mv:444 misc:911 imb:5 pmb:168 smb:1447 d:- ref:0 ;
in:48 out:47 type:P dur:2 cpbdur:2 q:25.78 aq:10.67 tex:16380 mv:6710 misc:1270 imb:473 pmb:362 smb:785 d:s ref:0 w:5,33,-1,6,64,0,67,-6 ;
in:47 out:48 type:b dur:2 cpbdur:2 q:25.76 aq:16.28 tex:551 mv:485 misc:732 imb:3 pmb:118 smb:1499 d:s ref:0 ;
in:52 out:49 type:P dur:2 cpbdur:2 q:25.78 aq:11.73 tex:21461 mv:8399 misc:1156 imb:525 pmb:431 smb:664 d:s ref:0 ;
in:50 out:50 type:B dur:2 cpbdur:2 q:25.78 aq:13.72 tex:5592 mv:3698 misc:1478 imb:56 pmb:619 smb:945 d:s ref:0 ;
in:49 out:51 type:b dur:2 cpbdur:2 q:25.78 aq:16.50 tex:819 mv:784 misc:877 imb:7 pmb:174 smb:1439 d:s ref:0 ;
in:51 out:52 type:b dur:2 cpbdur:2 q:25.78 aq:16.22 tex:580 mv:407 misc:653 imb:2 pmb:98 smb:1520 d:- ref:0 ;
in:54 out:53 type:P dur:2 cpbdur:2 q:27.42 aq:12.49 tex:15051 mv:5975 misc:1310 imb:310 pmb:418 smb:892 d:s ref:0 ;
in:53 out:54 type:b dur:2 cpbdur:2 q:27.40 aq:17.02 tex:406 mv:303 misc:515 imb:3 pmb:59 smb:1558 d:s ref:0 ;
in:58 out:55 type:P dur:2 cpbdur:2 q:27.45 aq:12.81 tex:17369 mv:7453 misc:1378 imb:388 pmb:493 smb:739 d:s ref:0 ;
in:56 out:56 type:B dur:2 cpbdur:2 q:27.45 aq:15.22 tex:865 mv:1060 misc:1059 imb:14 pmb:207 smb:1399 d:s ref:0 ;
in:55 out:57 type:b dur:2 cpbdur:2 q:27.45 aq:16.50 tex:309 mv:157 misc:438 imb:0 pmb:43 smb:1577 d:s ref:0 ;
in:57 out:58 type:b dur:2 cpbdur:2 q:27.45 aq:15.73 tex:322 mv:113 misc:365 imb:1 pmb:31 smb:1588 d:- ref:0 ;
in:62 out:59 type:P dur:2 cpbdur:2 q:28.33 aq:13.79 tex:20484 mv:6834 misc:1322 imb:255 pmb:508 smb:857 d:s ref:0 ;
in:60 out:60 type:B dur:2 cpbdur:2 q:28.32 aq:17.38 tex:1842 mv:911 misc:823 imb:13 pmb:135 smb:1472 d:s ref:0 ;
in:59 out:61 type:b dur:2 cpbdur:2 q:28.31 aq:17.48 tex:168 mv:244 misc:492 imb:0 pmb:65 smb:1555 d:s ref:0 ;
in:61 out:62 type:b dur:2 cpbdur:2 q:28.33 aq:20.14 tex:325 mv:202 misc:369 imb:1 pmb:42 smb:1577 d:- ref:0 ;
in:66 out:63 type:P dur:2 cpbdur:2 q:28.82 aq:14.20 tex:17903 mv:4082 misc:1247 imb:125 pmb:348 smb:1147 d:s ref:0 ;
in:64 out:64 type:B dur:2 cpbdur:2 q:28.82 aq:18.71 tex:792 mv:245 misc:459 imb:4 pmb:48 smb:1568 d:s ref:0 ;
in:63 out:65 type:b dur:2 cpbdur:2 q:28.81 aq:19.28 tex:144 mv:133 misc:339 imb:0 pmb:32 smb:1588 d:s ref:0 ;
in:65 out:66 type:b dur:2 cpbdur:2 q:28.82 aq:20.62 tex:129 mv:100 misc:291 imb:0 pmb:27 smb:1593 d:- ref:0 ;
in:68 out:67 type:P dur:2 cpbdur:2 q:28.96 aq:14.76 tex:7168 mv:1778 misc:1038 imb:30 pmb:248 smb:1342 d:s ref:0 ;
in:67 out:68 type:b dur:2 cpbdur:2 q:28.95 aq:23.66 tex:174 mv:35 misc:247 imb:0 pmb:11 smb:1609 d:s ref:0 ;
in:72 out:69 type:P dur:2 cpbdur:2 q:28.75 aq:14.42 tex:8672 mv:2222 misc:1034 imb:44 pmb:272 smb:1304 d:s ref:0 ;
in:70 out:70 type:B dur:2 cpbdur:2 q:28.95 aq:18.25 tex:636 mv:337 misc:571 imb:2 pmb:74 smb:1544 d:s ref:0 ;
in:69 out:71 type:b dur:2 cpbdur:2 q:28.96 aq:21.20 tex:143 mv:52 misc:245 imb:0 pmb:11 smb:1609 d:s ref:0 ;
in:71 out:72 type:b dur:2 cpbdur:2 q:28.95 aq:22.00 tex:162 mv:66 misc:244 imb:0 pmb:11 smb:1609 d:- ref:0 ;
in:76 out:73 type:P dur:2 cpbdur:2 q:28.59 aq:14.95 tex:9337 mv:1896 misc:919 imb:24 pmb:259 smb:1337 d:s ref:0 ;
in:74 out:74 type:B dur:2 cpbdur:2 q:28.74 aq:19.25 tex:1180 mv:324 misc:576 imb:1 pmb:81 smb:1538 d:s ref:0 ;
in:73 out:75 type:b dur:2 cpbdur:2 q:28.75 aq:20.31 tex:128 mv:68 misc:252 imb:0 pmb:16 smb:1604 d:s ref:0 ;
in:75 out:76 type:b dur:2 cpbdur:2 q:28.74 aq:19.27 tex:45 mv:68 misc:207 imb:0 pmb:7 smb:1613 d:- ref:0 ;
in:80 out:77 type:P dur:2 cpbdur:2 q:28.32 aq:14.77 tex:11658 mv:2477 misc:961 imb:47 pmb:274 smb:1299 d:s ref:0 ;
in:78 out:78 type:B dur:2 cpbdur:2 q:28.58 aq:19.78 tex:1173 mv:518 misc:661 imb:1 pmb:108 smb:1511 d:s ref:0 ;
in:77 out:79 type:b dur:2 cpbdur:2 q:28.58 aq:23.22 tex:159 mv:58 misc:239 imb:0 pmb:10 smb:1610 d:s ref:0 ;
in:79 out:80 type:b dur:2 cpbdur:2 q:28.58 aq:18.23 tex:97 mv:94 misc:289 imb:0 pmb:21 smb:1599 d:- ref:0 ;
in:84 out:81 type:P dur:2 cpbdur:2 q:28.18 aq:14.60 tex:14322 mv:3034 misc:1036 imb:63 pmb:326 smb:1231 d:s ref:0 ;
in:82 out:82 type:B dur:2 cpbdur:2 q:28.32 aq:19.55 tex:1797 mv:732 misc:775 imb:2 pmb:152 smb:1466 d:s ref:0 ;
in:81 out:83 type:b dur:2 cpbdur:2 q:28.32 aq:22.28 tex:159 mv:89 misc:256 imb:0 pmb:14 smb:1606 d:s ref:0 ;
in:83 out:84 type:b dur:2 cpbdur:2 q:28.31 aq:23.50 tex:129 mv:164 misc:267 imb:0 pmb:17 smb:1603 d:- ref:0 ;
in:88 out:85 type:P dur:2 cpbdur:2 q:28.20 aq:15.30 tex:16696 mv:3252 misc:1036 imb:66 pmb:339 smb:1215 d:s ref:0 ;
in:86 out:86 type:B dur:2 cpbdur:2 q:28.20 aq:20.06 tex:429 mv:375 misc:436 imb:0 pmb:51 smb:1569 d:s ref:0 ;
in:85 out:87 type:b dur:2 cpbdur:2 q:28.20 aq:23.00 tex:223 mv:109 misc:292 imb:0 pmb:21 smb:1599 d:s ref:0 ;
in:87 out:88 type:b dur:2 cpbdur:2 q:28.20 aq:22.93 tex:214 mv:148 misc:302 imb:0 pmb:23 smb:1597 d:- ref:0 ;
in:92 out:89 type:P dur:2 cpbdur:2 q:28.22 aq:14.64 tex:19181 mv:3725 misc:1030 imb:73 pmb:377 smb:1170 d:s ref:0 ;
in:90 out:90 type:B dur:2 cpbdur:2 q:28.22 aq:18.26 tex:642 mv:521 misc:453 imb:0 pmb:63 smb:1557 d:s ref:0 ;
in:89 out:91 type:b dur:2 cpbdur:2 q:28.22 aq:16.96 tex:85 mv:134 misc:309 imb:0 pmb:26 smb:1594 d:s ref:0 ;
in:91 out:92 type:b dur:2 cpbdur:2 q:28.22 aq:20.85 tex:126 mv:129 misc:257 imb:0 pmb:16 smb:1604 d:- ref:0 ;
in:96 out:93 type:P dur:2 cpbdur:2 q:28.36 aq:14.88 tex:13381 mv:2126 misc:917 imb:39 pmb:244 smb:1337 d:s ref:0 ;
in:94 out:94 type:B dur:2 cpbdur:2 q:28.36 aq:18.29 tex:903 mv:628 misc:533 imb:0 pmb:87 smb:1533 d:s ref:0 ;
in:93 out:95 type:b dur:2 cpbdur:2 q:28.36 aq:19.65 tex:156 mv:123 misc:337 imb:0 pmb:34 smb:1586 d:s ref:0 ;
in:95 out:96 type:b dur:2 cpbdur:2 q:28.36 aq:19.56 tex:166 mv:106 misc:248 imb:0 pmb:12 smb:1608 d:- ref:0 ;
in:100 out:97 type:P dur:2 cpbdur:2 q:28.24 aq:14.49 tex:9998 mv:1946 misc:984 imb:32 pmb:260 smb:1328 d:s ref:0 ;
in:98 out:98 type:B dur:2 cpbdur:2 q:28.36 aq:18.72 tex:835 mv:436 misc:473 imb:0 pmb:68 smb:1552 d:s ref:0 ;
in:97 out:99 type:b dur:2 cpbdur:2 q:28.36 aq:20.12 tex:235 mv:143 misc:262 imb:0 pmb:17 smb:1603 d:s ref:0 ;
in:99 out:100 type:b dur:2 cpbdur:2 q:28.36 aq:19.81 tex:143 mv:114 misc:287 imb:0 pmb:25 smb:1595 d:- ref:0 ;
in:104 out:101 type:P dur:2 cpbdur:2 q:28.03 aq:13.84 tex:9928 mv:1864 misc:864 imb:29 pmb:239 smb:1352 d:s ref:0 ;
in:102 out:102 type:B dur:2 cpbdur:2 q:28.24 aq:18.69 tex:899 mv:504 misc:469 imb:0 pmb:74 smb:1546 d:t ref:0 ;
in:101 out:103 type:b dur:2 cpbdur:2 q:28.24 aq:18.72 tex:169 mv:129 misc:246 imb:0 pmb:14 smb:1606 d:s ref:0 ;
in:103 out:104 type:b dur:2 cpbdur:2 q:28.23 aq:17.52 tex:85 mv:82 misc:265 imb:0 pmb:20 smb:1600 d:- ref:0 ;
in:108 out:105 type:P dur:2 cpbdur:2 q:27.84 aq:14.70 tex:12048 mv:2445 misc:1067 imb:44 pmb:317 smb:1259 d:s ref:0 ;
in:106 out:106 type:B dur:2 cpbdur:2 q:28.03 aq:18.59 tex:1435 mv:904 misc:501 imb:0 pmb:95 smb:1525 d:t ref:0 ;
in:105 out:107 type:b dur:2 cpbdur:2 q:28.03 aq:18.41 tex:182 mv:100 misc:262 imb:0 pmb:15 smb:1605 d:s ref:0 ;
in:107 out:108 type:b dur:2 cpbdur:2 q:28.03 aq:20.21 tex:130 mv:72 misc:238 imb:0 pmb:11 smb:1609 d:- ref:0 ;
in:112 out:109 type:P dur:2 cpbdur:2 q:27.76 aq:14.45 tex:9354 mv:2231 misc:983 imb:42 pmb:259 smb:1319 d:s ref:0 ;
in:110 out:110 type:B dur:2 cpbdur:2 q:27.83 aq:18.16 tex:730 mv:709 misc:465 imb:0 pmb:75 smb:1545 d:s ref:0 ;
in:109 out:111 type:b dur:2 cpbdur:2 q:27.83 aq:18.56 tex:140 mv:159 misc:309 imb:0 pmb:30 smb:1590 d:s ref:0 ;
in:111 out:112 type:b dur:2 cpbdur:2 q:27.83 aq:20.47 tex:287 mv:143 misc:274 imb:0 pmb:18 smb:1602 d:- ref:0 ;
in:114 out:113 type:P dur:2 cpbdur:2 q:27.55 aq:14.27 tex:11144 mv:2288 misc:968 imb:43 pmb:303 smb:1274 d:s ref:0 ;
in:113 out:114 type:b dur:2 cpbdur:2 q:27.76 aq:20.32 tex:558 mv:241 misc:337 imb:1 pmb:31 smb:1588 d:s ref:0 ;
in:118 out:115 type:P dur:2 cpbdur:2 q:27.46 aq:14.16 tex:11505 mv:3061 misc:1082 imb:61 pmb:370 smb:1189 d:s ref:0 ;
in:116 out:116 type:B dur:2 cpbdur:2 q:27.54 aq:17.61 tex:1463 mv:1165 misc:876 imb:2 pmb:187 smb:1431 d:s ref:0 ;
in:115 out:117 type:b dur:2 cpbdur:2 q:27.54 aq:16.53 tex:117 mv:143 misc:316 imb:0 pmb:34 smb:1586 d:s ref:0 ;
in:117 out:118 type:b dur:2 cpbdur:2 q:27.54 aq:18.77 tex:264 mv:263 misc:321 imb:0 pmb:32 smb:1588 d:- ref:0 ;
in:122 out:119 type:P dur:2 cpbdur:2 q:27.61 aq:14.69 tex:11159 mv:2928 misc:1145 imb:69 pmb:346 smb:1205 d:s ref:0 ;
in:120 out:120 type:B dur:2 cpbdur:2 q:27.61 aq:18.93 tex:1940 mv:1239 misc:957 imb:5 pmb:201 smb:1414 d:s ref:0 ;
in:119 out:121 type:b dur:2 cpbdur:2 q:27.61 aq:17.23 tex:132 mv:209 misc:363 imb:0 pmb:41 smb:1579 d:s ref:0 ;
in:121 out:122 type:b dur:2 cpbdur:2 q:27.61 aq:18.22 tex:322 mv:417 misc:365 imb:1 pmb:43 smb:1576 d:- ref:0 ;
in:126 out:123 type:P dur:2 cpbdur:2 q:27.55 aq:14.77 tex:12166 mv:3154 misc:1064 imb:72 pmb:345 smb:1203 d:s ref:0 ;
in:124 out:124 type:B dur:2 cpbdur:2 q:27.61 aq:17.97 tex:2373 mv:1541 misc:942 imb:5 pmb:222 smb:1393 d:t ref:0 ;
in:123 out:125 type:b dur:2 cpbdur:2 q:27.61 aq:18.11 tex:170 mv:264 misc:398 imb:0 pmb:56 smb:1564 d:s ref:0 ;
in:125 out:126 type:b dur:2 cpbdur:2 q:27.61 aq:22.13 tex:405 mv:533 misc:326 imb:0 pmb:47 smb:1573 d:- ref:0 ;
in:130 out:127 type:P dur:2 cpbdur:2 q:27.56 aq:15.03 tex:10551 mv:2889 misc:992 imb:71 pmb:294 smb:1255 d:s ref:0 ;
in:128 out:128 type:B dur:2 cpbdur:2 q:27.56 aq:18.63 tex:1788 mv:1528 misc:844 imb:9 pmb:182 smb:1429 d:t ref:0 ;
in:127 out:129 type:b dur:2 cpbdur:2 q:27.56 aq:20.29 tex:446 mv:623 misc:355 imb:1 pmb:55 smb:1564 d:s ref:0 ;
in:129 out:130 type:b dur:2 cpbdur:2 q:27.56 aq:16.83 tex:90 mv:282 misc:372 imb:0 pmb:65 smb:1555 d:- ref:0 ;
in:134 out:131 type:P dur:2 cpbdur:2 q:27.51 aq:14.71 tex:12937 mv:3298 misc:1141 imb:97 pmb:322 smb:1201 d:s ref:0 ;
in:132 out:132 type:B dur:2 cpbdur:2 q:27.56 aq:19.04 tex:2475 mv:1995 misc:938 imb:4 pmb:245 smb:1371 d:t ref:0 ;
in:131 out:133 type:b dur:2 cpbdur:2 q:27.56 aq:19.85 tex:397 mv:656 misc:371 imb:0 pmb:63 smb:1557 d:s ref:0 ;
in:133 out:134 type:b dur:2 cpbdur:2 q:27.56 aq:19.99 tex:189 mv:264 misc:451 imb:0 pmb:78 smb:1542 d:- ref:0 ;
in:138 out:135 type:P dur:2 cpbdur:2 q:27.57 aq:15.67 tex:22075 mv:4127 misc:1046 imb:124 pmb:334 smb:1162 d:s ref:0 ;
in:136 out:136 type:B dur:2 cpbdur:2 q:27.57 aq:19.02 tex:4790 mv:2398 misc:940 imb:9 pmb:264 smb:1347 d:t ref:0 ;
in:135 out:137 type:b dur:2 cpbdur:2 q:27.57 aq:24.07 tex:358 mv:862 misc:412 imb:1 pmb:77 smb:1542 d:s ref:0 ;
in:137 out:138 type:b dur:2 cpbdur:2 q:27.57 aq:20.21 tex:631 mv:1011 misc:470 imb:1 pmb:94 smb:1525 d:- ref:0 ;
in:142 out:139 type:P dur:2 cpbdur:2 q:28.19 aq:16.12 tex:16491 mv:3589 misc:968 imb:94 pmb:302 smb:1224 d:s ref:0 ;
in:140 out:140 type:B dur:2 cpbdur:2 q:28.18 aq:19.59 tex:2301 mv:1569 misc:850 imb:12 pmb:205 smb:1403 d:s ref:0 ;
in:139 out:141 type:b dur:2 cpbdur:2 q:28.17 aq:18.84 tex:122 mv:369 misc:381 imb:0 pmb:63 smb:1557 d:s ref:0 ;
in:141 out:142 type:b dur:2 cpbdur:2 q:28.18 aq:20.15 tex:723 mv:1147 misc:434 imb:8 pmb:87 smb:1525 d:- ref:0 ;
in:146 out:143 type:P dur:2 cpbdur:2 q:28.07 aq:16.26 tex:18412 mv:3582 misc:934 imb:124 pmb:271 smb:1225 d:s ref:0 ;
in:144 out:144 type:B dur:2 cpbdur:2 q:28.19 aq:19.32 tex:5121 mv:2524 misc:875 imb:16 pmb:272 smb:1332 d:s ref:0 ;
in:143 out:145 type:b dur:2 cpbdur:2 q:28.19 aq:20.70 tex:544 mv:1193 misc:407 imb:5 pmb:88 smb:1527 d:s ref:0 ;
in:145 out:146 type:b dur:2 cpbdur:2 q:28.18 aq:19.55 tex:77 mv:240 misc:379 imb:1 pmb:68 smb:1551 d:- ref:0 ;
in:150 out:147 type:P dur:2 cpbdur:2 q:29.37 aq:17.90 tex:16490 mv:3865 misc:941 imb:121 pmb:304 smb:1195 d:s ref:0 ;
in:148 out:148 type:B dur:2 cpbdur:2 q:29.35 aq:19.89 tex:5192 mv:2455 misc:817 imb:6 pmb:283 smb:1331 d:s ref:0 ;
in:147 out:149 type:b dur:2 cpbdur:2 q:29.34 aq:21.94 tex:699 mv:1052 misc:457 imb:2 pmb:103 smb:1515 d:s ref:0 ;
in:149 out:150 type:b dur:2 cpbdur:2 q:29.36 aq:23.37 tex:188 mv:284 misc:392 imb:0 pmb:71 smb:1549 d:- ref:0 ;
in:154 out:151 type:P dur:2 cpbdur:2 q:29.64 aq:18.20 tex:17023 mv:3605 misc:948 imb:121 pmb:273 smb:1226 d:s ref:0 ;
in:152 out:152 type:B dur:2 cpbdur:2 q:29.63 aq:20.20 tex:3685 mv:2636 misc:847 imb:17 pmb:279 smb:1324 d:s ref:0 ;
in:151 out:153 type:b dur:2 cpbdur:2 q:29.63 aq:21.82 tex:557 mv:1156 misc:455 imb:2 pmb:108 smb:1510 d:s ref:0 ;
in:153 out:154 type:b dur:2 cpbdur:2 q:29.63 aq:20.87 tex:210 mv:354 misc:436 imb:0 pmb:88 smb:1532 d:- ref:0 ;
in:156 out:155 type:P dur:2 cpbdur:2 q:30.30 aq:18.29 tex:12187 mv:2763 misc:746 imb:74 pmb:241 smb:1305 d:s ref:0 w:7,127,0 ;
in:155 out:156 type:b dur:2 cpbdur:2 q:30.28 aq:22.18 tex:1047 mv:1246 misc:467 imb:5 pmb:114 smb:1501 d:t ref:0 ;
in:160 out:157 type:P dur:2 cpbdur:2 q:29.92 aq:18.36 tex:16898 mv:3765 misc:849 imb:110 pmb:282 smb:1228 d:s ref:0 w:7,123,1,7,125,3,121,7 ;
in:158 out:158 type:B dur:2 cpbdur:2 q:30.29 aq:21.52 tex:2146 mv:1750 misc:496 imb:4 pmb:146 smb:1470 d:s ref:0 ;
in:157 out:159 type:b dur:2 cpbdur:2 q:30.29 aq:25.01 tex:722 mv:1227 misc:451 imb:3 pmb:97 smb:1520 d:s ref:0 ;
in:159 out:160 type:b dur:2 cpbdur:2 q:30.29 aq:21.71 tex:198 mv:359 misc:483 imb:1 pmb:101 smb:1518 d:- ref:0 ;
in:164 out:161 type:P dur:2 cpbdur:2 q:29.96 aq:18.83 tex:19365 mv:4008 misc:843 imb:116 pmb:281 smb:1223 d:s ref:0 ;
in:162 out:162 type:B dur:2 cpbdur:2 q:29.96 aq:20.59 tex:1479 mv:1909 misc:604 imb:6 pmb:162 smb:1452 d:s ref:0 ;
in:161 out:163 type:b dur:2 cpbdur:2 q:29.96 aq:21.80 tex:1300 mv:1569 misc:451 imb:4 pmb:125 smb:1491 d:s ref:0 ;
in:163 out:164 type:b dur:2 cpbdur:2 q:29.96 aq:21.50 tex:226 mv:397 misc:433 imb:0 pmb:94 smb:1526 d:- ref:0 ;
in:166 out:165 type:P dur:2 cpbdur:2 q:30.20 aq:18.78 tex:19409 mv:3896 misc:887 imb:125 pmb:288 smb:1207 d:s ref:0 ;
in:165 out:166 type:b dur:2 cpbdur:2 q:30.19 aq:21.72 tex:859 mv:1564 misc:497 imb:4 pmb:127 smb:1489 d:t ref:0 ;
in:168 out:167 type:P dur:2 cpbdur:2 q:30.44 aq:18.26 tex:18329 mv:3950 misc:809 imb:116 pmb:324 smb:1180 d:s ref:0 ;
in:167 out:168 type:b dur:2 cpbdur:2 q:30.44 aq:26.31 tex:676 mv:1341 misc:479 imb:1 pmb:112 smb:1507 d:t ref:0 ;
in:172 out:169 type:P dur:2 cpbdur:2 q:30.62 aq:19.95 tex:17612 mv:4728 misc:924 imb:126 pmb:350 smb:1144 d:s ref:0 ;
in:170 out:170 type:B dur:2 cpbdur:2 q:30.61 aq:22.13 tex:1009 mv:1884 misc:603 imb:2 pmb:158 smb:1460 d:s ref:0 ;
in:169 out:171 type:b dur:2 cpbdur:2 q:30.61 aq:19.64 tex:188 mv:359 misc:533 imb:5 pmb:96 smb:1519 d:s ref:0 ;
in:171 out:172 type:b dur:2 cpbdur:2 q:30.61 aq:22.03 tex:722 mv:1484 misc:530 imb:2 pmb:141 smb:1477 d:- ref:0 ;
in:174 out:173 type:P dur:2 cpbdur:2 q:30.95 aq:19.43 tex:21184 mv:4897 misc:1047 imb:151 pmb:365 smb:1104 d:s ref:0 ;
in:173 out:174 type:b dur:2 cpbdur:2 q:30.94 aq:23.77 tex:615 mv:1727 misc:578 imb:5 pmb:145 smb:1470 d:t ref:0 ;
in:178 out:175 type:P dur:2 cpbdur:2 q:31.05 aq:19.71 tex:21588 mv:6266 misc:1082 imb:253 pmb:433 smb:934 d:s ref:0 ;
in:176 out:176 type:B dur:2 cpbdur:2 q:31.05 aq:21.11 tex:2176 mv:2872 misc:1144 imb:17 pmb:342 smb:1261 d:s ref:0 ;
in:175 out:177 type:b dur:2 cpbdur:2 q:31.05 aq:20.94 tex:88 mv:518 misc:498 imb:2 pmb:100 smb:1518 d:s ref:0 ;
in:177 out:178 type:b dur:2 cpbdur:2 q:31.05 aq:24.38 tex:561 mv:1748 misc:643 imb:4 pmb:156 smb:1460 d:- ref:0 ;
in:182 out:179 type:P dur:2 cpbdur:2 q:31.35 aq:20.15 tex:21986 mv:6254 misc:1016 imb:215 pmb:454 smb:951 d:s ref:0 ;
in:180 out:180 type:B dur:2 cpbdur:2 q:31.34 aq:22.01 tex:2344 mv:3344 misc:1176 imb:26 pmb:361 smb:1233 d:s ref:0 ;
in:179 out:181 type:b dur:2 cpbdur:2 q:31.34 aq:21.63 tex:121 mv:459 misc:564 imb:3 pmb:114 smb:1503 d:s ref:0 ;
in:181 out:182 type:b dur:2 cpbdur:2 q:31.34 aq:22.82 tex:1054 mv:2390 misc:972 imb:9 pmb:252 smb:1359 d:- ref:0 ;
in:186 out:183 type:P dur:2 cpbdur:2 q:31.71 aq:20.75 tex:20542 mv:6978 misc:1136 imb:250 pmb:503 smb:867 d:s ref:0 ;
in:184 out:184 type:B dur:2 cpbdur:2 q:31.70 aq:22.46 tex:2939 mv:4461 misc:1248 imb:32 pmb:447 smb:1141 d:s ref:0 ;
in:183 out:185 type:b dur:2 cpbdur:2 q:31.70 aq:22.54 tex:700 mv:759 misc:917 imb:9 pmb:193 smb:1418 d:s ref:0 ;
in:185 out:186 type:b dur:2 cpbdur:2 q:31.70 aq:23.98 tex:800 mv:2242 misc:838 imb:12 pmb:204 smb:1404 d:- ref:0 ;
in:189 out:187 type:P dur:2 cpbdur:2 q:32.11 aq:21.15 tex:21162 mv:7738 misc:1108 imb:272 pmb:589 smb:759 d:s ref:0 ;
in:187 out:188 type:B dur:2 cpbdur:2 q:32.10 aq:23.63 tex:1708 mv:3199 misc:1117 imb:23 pmb:307 smb:1290 d:t ref:0 ;
in:188 out:189 type:b dur:2 cpbdur:2 q:32.11 aq:23.91 tex:701 mv:2232 misc:827 imb:8 pmb:203 smb:1409 d:- ref:0 ;
in:193 out:190 type:P dur:2 cpbdur:2 q:32.19 aq:21.57 tex:23103 mv:7865 misc:1000 imb:275 pmb:587 smb:758 d:s ref:0 ;
in:191 out:191 type:B dur:2 cpbdur:2 q:32.19 aq:23.88 tex:2497 mv:3899 misc:1228 imb:43 pmb:388 smb:1189 d:s ref:0 ;
in:190 out:192 type:b dur:2 cpbdur:2 q:32.19 aq:22.74 tex:324 mv:760 misc:780 imb:4 pmb:184 smb:1432 d:s ref:0 ;
in:192 out:193 type:b dur:2 cpbdur:2 q:32.19 aq:25.63 tex:718 mv:2499 misc:783 imb:7 pmb:198 smb:1415 d:- ref:0 ;
in:197 out:194 type:P dur:2 cpbdur:2 q:32.65 aq:22.73 tex:18442 mv:7562 misc:1036 imb:229 pmb:585 smb:806 d:s ref:0 ;
in:195 out:195 type:B dur:2 cpbdur:2 q:32.64 aq:23.84 tex:2034 mv:3761 misc:1213 imb:28 pmb:388 smb:1204 d:s ref:0 ;
in:194 out:196 type:b dur:2 cpbdur:2 q:32.63 aq:21.15 tex:249 mv:451 misc:620 imb:5 pmb:135 smb:1480 d:s ref:0 ;
in:196 out:197 type:b dur:2 cpbdur:2 q:32.64 aq:27.17 tex:936 mv:2513 misc:935 imb:9 pmb:240 smb:1371 d:- ref:0 ;
in:201 out:198 type:P dur:2 cpbdur:2 q:32.97 aq:23.67 tex:17505 mv:7400 misc:943 imb:210 pmb:596 smb:814 d:s ref:0 ;
in:199 out:199 type:B dur:2 cpbdur:2 q:32.96 aq:25.40 tex:3271 mv:4792 misc:1209 imb:51 pmb:407 smb:1162 d:s ref:0 ;
in:198 out:200 type:b dur:2 cpbdur:2 q:32.96 aq:26.19 tex:427 mv:421 misc:664 imb:4 pmb:133 smb:1483 d:s ref:0 ;
in:200 out:201 type:b dur:2 cpbdur:2 q:32.97 aq:28.64 tex:890 mv:2373 misc:857 imb:9 pmb:221 smb:1390 d:- ref:0 ;
in:204 out:202 type:P dur:2 cpbdur:2 q:33.31 aq:23.25 tex:21265 mv:8753 misc:902 imb:268 pmb:635 smb:717 d:s ref:0 ;
in:202 out:203 type:B dur:2 cpbdur:2 q:33.30 aq:26.29 tex:1507 mv:3186 misc:1011 imb:16 pmb:272 smb:1332 d:t ref:0 ;
in:203 out:204 type:b dur:2 cpbdur:2 q:33.31 aq:29.57 tex:525 mv:2245 misc:766 imb:4 pmb:191 smb:1425 d:- ref:0 ;
in:208 out:205 type:P dur:2 cpbdur:2 q:33.71 aq:23.25 tex:14658 mv:8342 misc:984 imb:235 pmb:679 smb:706 d:s ref:0 ;
in:206 out:206 type:B dur:2 cpbdur:2 q:33.71 aq:26.66 tex:1757 mv:3081 misc:1090 imb:25 pmb:304 smb:1291 d:s ref:0 ;
in:205 out:207 type:b dur:2 cpbdur:2 q:33.70 aq:24.20 tex:115 mv:186 misc:315 imb:1 pmb:39 smb:1580 d:s ref:0 ;
in:207 out:208 type:b dur:2 cpbdur:2 q:33.71 aq:30.33 tex:573 mv:2061 misc:718 imb:3 pmb:185 smb:1432 d:- ref:0 ;
in:212 out:209 type:P dur:2 cpbdur:2 q:33.97 aq:23.61 tex:16772 mv:8098 misc:1002 imb:233 pmb:614 smb:773 d:s ref:0 ;
in:210 out:210 type:B dur:2 cpbdur:2 q:33.96 aq:28.47 tex:942 mv:3039 misc:931 imb:15 pmb:253 smb:1352 d:s ref:0 ;
in:209 out:211 type:b dur:2 cpbdur:2 q:33.96 aq:24.94 tex:99 mv:173 misc:320 imb:2 pmb:39 smb:1579 d:s ref:0 ;
in:211 out:212 type:b dur:2 cpbdur:2 q:33.96 aq:28.96 tex:575 mv:2346 misc:807 imb:4 pmb:205 smb:1411 d:- ref:0 ;
in:216 out:213 type:P dur:2 cpbdur:2 q:34.20 aq:24.11 tex:13484 mv:7765 misc:831 imb:214 pmb:585 smb:821 d:s ref:0 ;
in:214 out:214 type:B dur:2 cpbdur:2 q:34.20 aq:26.21 tex:2096 mv:3305 misc:983 imb:7 pmb:320 smb:1293 d:s ref:0 ;
in:213 out:215 type:b dur:2 cpbdur:2 q:34.20 aq:25.86 tex:167 mv:229 misc:364 imb:3 pmb:48 smb:1569 d:s ref:0 ;
in:215 out:216 type:b dur:2 cpbdur:2 q:34.20 aq:30.92 tex:663 mv:2156 misc:765 imb:6 pmb:185 smb:1429 d:- ref:0 ;
in:219 out:217 type:P dur:2 cpbdur:2 q:34.39 aq:24.18 tex:16935 mv:8013 misc:796 imb:279 pmb:597 smb:744 d:s ref:0 ;
in:217 out:218 type:B dur:2 cpbdur:2 q:34.39 aq:27.45 tex:1256 mv:2765 misc:851 imb:17 pmb:223 smb:1380 d:t ref:0 ;
in:218 out:219 type:b dur:2 cpbdur:2 q:34.39 aq:26.30 tex:633 mv:2120 misc:815 imb:7 pmb:200 smb:1413 d:- ref:0 ;
in:223 out:220 type:P dur:2 cpbdur:2 q:34.67 aq:24.69 tex:15705 mv:8308 misc:907 imb:312 pmb:588 smb:720 d:s ref:0 ;
in:221 out:221 type:B dur:2 cpbdur:2 q:34.67 aq:26.85 tex:1035 mv:2665 misc:852 imb:14 pmb:214 smb:1392 d:s ref:0 ;
in:220 out:222 type:b dur:2 cpbdur:2 q:34.67 aq:25.47 tex:91 mv:97 misc:300 imb:1 pmb:27 smb:1592 d:s ref:0 ;
in:222 out:223 type:b dur:2 cpbdur:2 q:34.67 aq:28.37 tex:798 mv:1658 misc:688 imb:12 pmb:143 smb:1465 d:- ref:0 ;
in:227 out:224 type:P dur:2 cpbdur:2 q:34.92 aq:26.05 tex:13581 mv:7057 misc:962 imb:267 pmb:502 smb:851 d:s ref:0 ;
in:225 out:225 type:B dur:2 cpbdur:2 q:34.91 aq:27.28 tex:880 mv:2103 misc:833 imb:11 pmb:192 smb:1417 d:s ref:0 ;
in:224 out:226 type:b dur:2 cpbdur:2 q:34.91 aq:27.30 tex:152 mv:44 misc:228 imb:0 pmb:14 smb:1606 d:s ref:0 ;
in:226 out:227 type:b dur:2 cpbdur:2 q:34.91 aq:28.31 tex:656 mv:1663 misc:721 imb:6 pmb:166 smb:1448 d:- ref:0 ;
in:231 out:228 type:P dur:2 cpbdur:2 q:35.05 aq:24.50 tex:12885 mv:7238 misc:997 imb:339 pmb:485 smb:796 d:s ref:0 ;
in:229 out:229 type:B dur:2 cpbdur:2 q:35.05 aq:25.75 tex:2232 mv:3162 misc:990 imb:15 pmb:302 smb:1303 d:s ref:0 ;
in:228 out:230 type:b dur:2 cpbdur:2 q:35.04 aq:23.48 tex:122 mv:131 misc:251 imb:4 pmb:18 smb:1598 d:s ref:0 ;
in:230 out:231 type:b dur:2 cpbdur:2 q:35.05 aq:27.42 tex:459 mv:1399 misc:670 imb:1 pmb:133 smb:1486 d:- ref:0 ;
in:235 out:232 type:P dur:2 cpbdur:2 q:35.21 aq:24.52 tex:10797 mv:7210 misc:1065 imb:320 pmb:497 smb:803 d:s ref:0 ;
in:233 out:233 type:B dur:2 cpbdur:2 q:35.21 aq:25.79 tex:1250 mv:2566 misc:1080 imb:18 pmb:287 smb:1315 d:s ref:0 ;
in:232 out:234 type:b dur:2 cpbdur:2 q:35.21 aq:26.94 tex:681 mv:1875 misc:788 imb:9 pmb:164 smb:1447 d:s ref:0 ;
in:234 out:235 type:b dur:2 cpbdur:2 q:35.21 aq:25.88 tex:180 mv:139 misc:305 imb:4 pmb:22 smb:1594 d:- ref:0 ;
in:238 out:236 type:P dur:2 cpbdur:2 q:35.32 aq:24.59 tex:13865 mv:8179 misc:1036 imb:435 pmb:523 smb:662 d:s ref:0 ;
in:236 out:237 type:B dur:2 cpbdur:2 q:35.32 aq:28.29 tex:840 mv:2382 misc:874 imb:12 pmb:204 smb:1404 d:t ref:0 ;
in:237 out:238 type:b dur:2 cpbdur:2 q:35.32 aq:26.49 tex:550 mv:1783 misc:827 imb:7 pmb:182 smb:1431 d:- ref:0 ;
in:242 out:239 type:P dur:2 cpbdur:2 q:35.52 aq:24.65 tex:14116 mv:7787 misc:1089 imb:420 pmb:505 smb:695 d:s ref:0 ;
in:240 out:240 type:B dur:2 cpbdur:2 q:35.52 aq:26.62 tex:1009 mv:2775 misc:1056 imb:11 pmb:272 smb:1337 d:s ref:0 ;
in:239 out:241 type:b dur:2 cpbdur:2 q:35.52 aq:31.43 tex:127 mv:284 misc:389 imb:2 pmb:49 smb:1569 d:s ref:0 ;
in:241 out:242 type:b dur:2 cpbdur:2 q:35.52 aq:28.62 tex:717 mv:1918 misc:925 imb:10 pmb:205 smb:1405 d:- ref:0 ;
in:246 out:243 type:P dur:2 cpbdur:2 q:35.72 aq:25.07 tex:10044 mv:6615 misc:1117 imb:304 pmb:477 smb:839 d:s ref:0 ;
in:244 out:244 type:B dur:2 cpbdur:2 q:35.72 aq:27.93 tex:1656 mv:3228 misc:1028 imb:13 pmb:287 smb:1320 d:s ref:0 ;
in:243 out:245 type:b dur:2 cpbdur:2 q:35.72 aq:27.03 tex:164 mv:143 misc:309 imb:5 pmb:20 smb:1595 d:s ref:0 ;
in:245 out:246 type:b dur:2 cpbdur:2 q:35.72 aq:28.69 tex:517 mv:1552 misc:779 imb:7 pmb:151 smb:1462 d:- ref:0 ;
in:249 out:247 type:P dur:2 cpbdur:2 q:35.83 aq:25.94 tex:6609 mv:5774 misc:1209 imb:353 pmb:401 smb:866 d:s ref:0 ;
in:247 out:248 type:B dur:2 cpbdur:2 q:35.83 aq:28.85 tex:1143 mv:2137 misc:856 imb:13 pmb:198 smb:1409 d:t ref:0 ;
in:248 out:249 type:b dur:2 cpbdur:2 q:35.83 aq:31.79 tex:596 mv:1379 misc:753 imb:4 pmb:143 smb:1473 d:- ref:0 ;
in:250 out:250 type:I dur:2 cpbdur:2 q:31.93 aq:21.21 tex:49543 mv:19189 misc:140 imb:1620 pmb:0 smb:0 d:s ref:;
in:253 out:251 type:P dur:2 cpbdur:2 q:36.26 aq:25.07 tex:6241 mv:5714 misc:1037 imb:206 pmb:432 smb:982 d:s ref:0 ;
in:251 out:252 type:B dur:2 cpbdur:2 q:36.26 aq:25.34 tex:311 mv:1247 misc:682 imb:3 pmb:139 smb:1478 d:t ref:0 ;
in:252 out:253 type:b dur:2 cpbdur:2 q:36.26 aq:28.46 tex:371 mv:1197 misc:648 imb:6 pmb:110 smb:1504 d:- ref:0 ;
in:257 out:254 type:P dur:2 cpbdur:2 q:36.67 aq:26.81 tex:8596 mv:6570 misc:1042 imb:351 pmb:405 smb:864 d:s ref:0 ;
in:255 out:255 type:B dur:2 cpbdur:2 q:36.66 aq:26.46 tex:877 mv:2119 misc:964 imb:9 pmb:232 smb:1379 d:s ref:0 ;
in:254 out:256 type:b dur:2 cpbdur:2 q:36.66 aq:28.63 tex:270 mv:183 misc:371 imb:2 pmb:63 smb:1555 d:s ref:0 ;
in:256 out:257 type:b dur:2 cpbdur:2 q:36.67 aq:30.87 tex:485 mv:1449 misc:690 imb:7 pmb:132 smb:1481 d:- ref:0 ;
in:261 out:258 type:P dur:2 cpbdur:2 q:36.72 aq:25.81 tex:8795 mv:6420 misc:1009 imb:403 pmb:378 smb:839 d:s ref:0 ;
in:259 out:259 type:B dur:2 cpbdur:2 q:36.72 aq:27.29 tex:2860 mv:3434 misc:1034 imb:39 pmb:328 smb:1253 d:s ref:0 ;
in:258 out:260 type:b dur:2 cpbdur:2 q:36.72 aq:27.81 tex:314 mv:395 misc:563 imb:4 pmb:96 smb:1520 d:s ref:0 ;
in:260 out:261 type:b dur:2 cpbdur:2 q:36.72 aq:30.37 tex:841 mv:1913 misc:726 imb:18 pmb:153 smb:1449 d:- ref:0 ;
in:265 out:262 type:P dur:2 cpbdur:2 q:36.82 aq:26.99 tex:11225 mv:7198 misc:1041 imb:514 pmb:387 smb:719 d:s ref:0 ;
in:263 out:263 type:B dur:2 cpbdur:2 q:36.82 aq:28.60 tex:1989 mv:2927 misc:1084 imb:48 pmb:269 smb:1303 d:s ref:0 ;
in:262 out:264 type:b dur:2 cpbdur:2 q:36.82 aq:29.79 tex:802 mv:2079 misc:823 imb:16 pmb:187 smb:1417 d:s ref:0 ;
in:264 out:265 type:b dur:2 cpbdur:2 q:36.82 aq:29.30 tex:243 mv:143 misc:422 imb:2 pmb:55 smb:1563 d:- ref:0 ;
in:268 out:266 type:P dur:2 cpbdur:2 q:36.98 aq:27.21 tex:14404 mv:8054 misc:1070 imb:599 pmb:380 smb:641 d:s ref:0 ;
in:266 out:267 type:B dur:2 cpbdur:2 q:36.98 aq:30.07 tex:1980 mv:3115 misc:1049 imb:41 pmb:264 smb:1315 d:s ref:0 ;
in:267 out:268 type:b dur:2 cpbdur:2 q:36.98 aq:32.72 tex:1358 mv:2434 misc:864 imb:21 pmb:198 smb:1401 d:- ref:0 ;
in:272 out:269 type:P dur:2 cpbdur:2 q:37.20 aq:28.66 tex:11031 mv:7472 misc:1097 imb:675 pmb:296 smb:649 d:s ref:0 ;
in:270 out:270 type:B dur:2 cpbdur:2 q:37.19 aq:29.72 tex:2459 mv:3876 misc:1145 imb:60 pmb:349 smb:1211 d:s ref:0 ;
in:269 out:271 type:b dur:2 cpbdur:2 q:37.19 aq:28.32 tex:240 mv:265 misc:447 imb:7 pmb:65 smb:1548 d:s ref:0 ;
in:271 out:272 type:b dur:2 cpbdur:2 q:37.20 aq:31.62 tex:1140 mv:2574 misc:878 imb:21 pmb:199 smb:1400 d:- ref:0 ;
in:274 out:273 type:P dur:2 cpbdur:2 q:37.43 aq:30.03 tex:5911 mv:5278 misc:1139 imb:314 pmb:320 smb:986 d:s ref:0 ;
in:273 out:274 type:b dur:2 cpbdur:2 q:37.42 aq:30.90 tex:314 mv:308 misc:490 imb:5 pmb:73 smb:1542 d:s ref:0 ;
in:278 out:275 type:P dur:2 cpbdur:2 q:37.42 aq:29.86 tex:14477 mv:9166 misc:349 imb:1422 pmb:123 smb:75 d:s ref:0 ;
in:276 out:276 type:B dur:2 cpbdur:2 q:37.43 aq:29.79 tex:7545 mv:7291 misc:1476 imb:274 pmb:533 smb:813 d:s ref:0 ;
in:275 out:277 type:b dur:2 cpbdur:2 q:37.43 aq:31.25 tex:2021 mv:3569 misc:1090 imb:59 pmb:262 smb:1299 d:s ref:0 ;
in:277 out:278 type:b dur:2 cpbdur:2 q:37.43 aq:31.89 tex:2148 mv:3361 misc:931 imb:63 pmb:252 smb:1305 d:- ref:0 ;
in:280 out:279 type:P dur:2 cpbdur:2 q:37.87 aq:28.93 tex:6330 mv:6457 misc:1365 imb:730 pmb:251 smb:639 d:s ref:0 ;
in:279 out:280 type:b dur:2 cpbdur:2 q:37.86 aq:33.14 tex:142 mv:103 misc:331 imb:1 pmb:43 smb:1576 d:s ref:0 ;
in:283 out:281 type:P dur:2 cpbdur:2 q:37.93 aq:27.78 tex:10869 mv:8708 misc:751 imb:1153 pmb:208 smb:259 d:s ref:0 ;
in:281 out:282 type:B dur:2 cpbdur:2 q:37.93 aq:30.32 tex:2285 mv:3665 misc:1082 imb:103 pmb:288 smb:1229 d:s ref:0 ;
in:282 out:283 type:b dur:2 cpbdur:2 q:37.93 aq:31.76 tex:2181 mv:3256 misc:1011 imb:93 pmb:282 smb:1245 d:- ref:0 ;
in:287 out:284 type:P dur:2 cpbdur:2 q:38.18 aq:27.35 tex:11030 mv:7901 misc:1045 imb:1028 pmb:217 smb:375 d:s ref:0 ;
in:285 out:285 type:B dur:2 cpbdur:2 q:38.17 aq:30.11 tex:2759 mv:4015 misc:1218 imb:151 pmb:317 smb:1152 d:s ref:0 ;
in:284 out:286 type:b dur:2 cpbdur:2 q:38.17 aq:33.14 tex:409 mv:401 misc:814 imb:3 pmb:210 smb:1407 d:s ref:0 ;
in:286 out:287 type:b dur:2 cpbdur:2 q:38.18 aq:31.06 tex:1950 mv:2503 misc:907 imb:79 pmb:250 smb:1291 d:- ref:0 ;
in:291 out:288 type:P dur:2 cpbdur:2 q:38.47 aq:27.11 tex:9222 mv:6661 misc:1157 imb:708 pmb:254 smb:658 d:s ref:0 ;
in:289 out:289 type:B dur:2 cpbdur:2 q:38.47 aq:30.11 tex:3071 mv:3204 misc:1013 imb:86 pmb:336 smb:1198 d:s ref:0 ;
in:288 out:290 type:b dur:2 cpbdur:2 q:38.46 aq:29.23 tex:478 mv:466 misc:712 imb:11 pmb:164 smb:1445 d:s ref:0 ;
in:290 out:291 type:b dur:2 cpbdur:2 q:38.47 aq:32.69 tex:888 mv:1434 misc:686 imb:42 pmb:143 smb:1435 d:- ref:0 ;
in:295 out:292 type:P dur:2 cpbdur:2 q:38.61 aq:27.00 tex:9934 mv:5997 misc:1053 imb:574 pmb:293 smb:753 d:s ref:0 ;
in:293 out:293 type:B dur:2 cpbdur:2 q:38.61 aq:30.48 tex:1809 mv:1416 misc:959 imb:17 pmb:311 smb:1292 d:s ref:0 ;
in:292 out:294 type:b dur:2 cpbdur:2 q:38.61 aq:32.38 tex:1123 mv:794 misc:659 imb:13 pmb:134 smb:1473 d:s ref:0 ;
in:294 out:295 type:b dur:2 cpbdur:2 q:38.61 aq:28.99 tex:346 mv:192 misc:502 imb:1 pmb:94 smb:1525 d:- ref:0 ;
in:299 out:296 type:P dur:2 cpbdur:2 q:38.70 aq:28.65 tex:10042 mv:4352 misc:1214 imb:322 pmb:331 smb:967 d:s ref:0 ;
in:297 out:297 type:B dur:2 cpbdur:2 q:38.69 aq:32.75 tex:896 mv:539 misc:597 imb:7 pmb:115 smb:1498 d:s ref:0 ;
in:296 out:298 type:b dur:2 cpbdur:2 q:38.69 aq:28.23 tex:609 mv:278 misc:473 imb:0 pmb:94 smb:1526 d:s ref:0 ;
in:298 out:299 type:b dur:2 cpbdur:2 q:38.69 aq:27.29 tex:82 mv:38 misc:216 imb:0 pmb:11 smb:1609 d:- ref:0 ;
in:303 out:300 type:P dur:2 cpbdur:2 q:38.71 aq:28.10 tex:6022 mv:3785 misc:1273 imb:220 pmb:302 smb:1098 d:s ref:0 ;
in:301 out:301 type:B dur:2 cpbdur:2 q:38.71 aq:29.75 tex:687 mv:823 misc:506 imb:7 pmb:74 smb:1539 d:t ref:0 ;
in:300 out:302 type:b dur:2 cpbdur:2 q:38.71 aq:36.32 tex:177 mv:129 misc:230 imb:1 pmb:13 smb:1606 d:s ref:0 ;
in:302 out:303 type:b dur:2 cpbdur:2 q:38.71 aq:28.51 tex:104 mv:86 misc:210 imb:0 pmb:9 smb:1611 d:- ref:0 ;
in:307 out:304 type:P dur:2 cpbdur:2 q:38.64 aq:28.73 tex:4618 mv:3679 misc:1303 imb:250 pmb:266 smb:1104 d:s ref:0 ;
in:305 out:305 type:B dur:2 cpbdur:2 q:38.71 aq:29.50 tex:191 mv:463 misc:434 imb:3 pmb:52 smb:1565 d:t ref:0 ;
in:304 out:306 type:b dur:2 cpbdur:2 q:38.71 aq:28.03 tex:37 mv:51 misc:192 imb:0 pmb:8 smb:1612 d:s ref:0 ;
in:306 out:307 type:b dur:2 cpbdur:2 q:38.71 aq:28.84 tex:120 mv:111 misc:233 imb:2 pmb:12 smb:1606 d:- ref:0 ;
in:309 out:308 type:P dur:2 cpbdur:2 q:38.53 aq:27.62 tex:7116 mv:4768 misc:1140 imb:429 pmb:279 smb:912 d:s ref:0 ;
in:308 out:309 type:b dur:2 cpbdur:2 q:38.64 aq:28.71 tex:186 mv:158 misc:272 imb:1 pmb:21 smb:1598 d:t ref:0 ;
in:313 out:310 type:P dur:2 cpbdur:2 q:38.48 aq:27.97 tex:5164 mv:3663 misc:1301 imb:180 pmb:285 smb:1155 d:s ref:0 ;
in:311 out:311 type:B dur:2 cpbdur:2 q:38.53 aq:28.81 tex:694 mv:560 misc:514 imb:6 pmb:81 smb:1533 d:t ref:0 ;
in:310 out:312 type:b dur:2 cpbdur:2 q:38.53 aq:28.04 tex:37 mv:18 misc:177 imb:0 pmb:4 smb:1616 d:s ref:0 ;
in:312 out:313 type:b dur:2 cpbdur:2 q:38.53 aq:28.79 tex:288 mv:164 misc:268 imb:1 pmb:25 smb:1594 d:- ref:0 ;
in:317 out:314 type:P dur:2 cpbdur:2 q:38.49 aq:28.33 tex:5576 mv:4043 misc:1389 imb:226 pmb:308 smb:1086 d:s ref:0 ;
in:315 out:315 type:B dur:2 cpbdur:2 q:38.49 aq:27.23 tex:908 mv:838 misc:574 imb:14 pmb:103 smb:1503 d:t ref:0 ;
in:314 out:316 type:b dur:2 cpbdur:2 q:38.49 aq:30.91 tex:127 mv:101 misc:260 imb:2 pmb:23 smb:1595 d:s ref:0 ;
in:316 out:317 type:b dur:2 cpbdur:2 q:38.49 aq:32.45 tex:410 mv:233 misc:357 imb:3 pmb:42 smb:1575 d:- ref:0 ;
in:321 out:318 type:P dur:2 cpbdur:2 q:38.43 aq:29.01 tex:7146 mv:4603 misc:1323 imb:325 pmb:291 smb:1004 d:s ref:0 ;
in:319 out:319 type:B dur:2 cpbdur:2 q:38.49 aq:29.19 tex:1328 mv:1314 misc:774 imb:15 pmb:169 smb:1436 d:t ref:0 ;
in:318 out:320 type:b dur:2 cpbdur:2 q:38.49 aq:25.15 tex:347 mv:218 misc:403 imb:5 pmb:56 smb:1559 d:s ref:0 ;
in:320 out:321 type:b dur:2 cpbdur:2 q:38.49 aq:28.97 tex:538 mv:523 misc:419 imb:11 pmb:70 smb:1539 d:- ref:0 ;
in:324 out:322 type:P dur:2 cpbdur:2 q:38.40 aq:28.22 tex:9684 mv:5775 misc:1221 imb:438 pmb:338 smb:844 d:s ref:0 ;
in:322 out:323 type:B dur:2 cpbdur:2 q:38.42 aq:29.71 tex:1258 mv:1253 misc:657 imb:33 pmb:129 smb:1458 d:s ref:0 ;
in:323 out:324 type:b dur:2 cpbdur:2 q:38.42 aq:28.18 tex:592 mv:758 misc:490 imb:20 pmb:84 smb:1516 d:- ref:0 ;
in:328 out:325 type:P dur:2 cpbdur:2 q:38.47 aq:28.44 tex:8045 mv:5518 misc:1173 imb:398 pmb:341 smb:881 d:s ref:0 ;
in:326 out:326 type:B dur:2 cpbdur:2 q:38.47 aq:30.13 tex:1666 mv:2044 misc:858 imb:62 pmb:193 smb:1365 d:t ref:0 ;
in:325 out:327 type:b dur:2 cpbdur:2 q:38.47 aq:33.74 tex:201 mv:159 misc:400 imb:0 pmb:81 smb:1539 d:s ref:0 ;
in:327 out:328 type:b dur:2 cpbdur:2 q:38.47 aq:35.79 tex:945 mv:1111 misc:560 imb:32 pmb:106 smb:1482 d:- ref:0 ;
in:332 out:329 type:P dur:2 cpbdur:2 q:38.51 aq:29.02 tex:8112 mv:5551 misc:1369 imb:392 pmb:341 smb:887 d:s ref:0 ;
in:330 out:330 type:B dur:2 cpbdur:2 q:38.51 aq:29.82 tex:1373 mv:1635 misc:800 imb:47 pmb:164 smb:1409 d:s ref:0 ;
in:329 out:331 type:b dur:2 cpbdur:2 q:38.51 aq:27.01 tex:87 mv:213 misc:404 imb:5 pmb:59 smb:1556 d:s ref:0 ;
in:331 out:332 type:b dur:2 cpbdur:2 q:38.51 aq:32.56 tex:732 mv:1095 misc:605 imb:24 pmb:102 smb:1494 d:- ref:0 ;
in:336 out:333 type:P dur:2 cpbdur:2 q:38.54 aq:29.69 tex:7159 mv:5121 misc:1288 imb:343 pmb:304 smb:973 d:s ref:0 ;
in:334 out:334 type:B dur:2 cpbdur:2 q:38.54 aq:32.30 tex:1931 mv:2254 misc:919 imb:36 pmb:231 smb:1353 d:t ref:0 ;
in:333 out:335 type:b dur:2 cpbdur:2 q:38.54 aq:29.64 tex:297 mv:217 misc:510 imb:2 pmb:87 smb:1531 d:s ref:0 ;
in:335 out:336 type:b dur:2 cpbdur:2 q:38.54 aq:31.67 tex:902 mv:926 misc:492 imb:20 pmb:85 smb:1515 d:- ref:0 ;
in:339 out:337 type:P dur:2 cpbdur:2 q:38.56 aq:28.94 tex:9713 mv:6585 misc:1374 imb:431 pmb:391 smb:798 d:s ref:0 ;
in:337 out:338 type:B dur:2 cpbdur:2 q:38.56 aq:34.73 tex:1517 mv:1517 misc:654 imb:33 pmb:138 smb:1449 d:s ref:0 ;
in:338 out:339 type:b dur:2 cpbdur:2 q:38.56 aq:30.89 tex:713 mv:1173 misc:570 imb:16 pmb:119 smb:1485 d:- ref:0 ;
in:343 out:340 type:P dur:2 cpbdur:2 q:38.65 aq:29.14 tex:9284 mv:6569 misc:1371 imb:455 pmb:389 smb:776 d:s ref:0 ;
in:341 out:341 type:B dur:2 cpbdur:2 q:38.65 aq:31.34 tex:1382 mv:1964 misc:830 imb:58 pmb:180 smb:1382 d:s ref:0 ;
in:340 out:342 type:b dur:2 cpbdur:2 q:38.65 aq:27.80 tex:132 mv:287 misc:421 imb:6 pmb:68 smb:1546 d:s ref:0 ;
in:342 out:343 type:b dur:2 cpbdur:2 q:38.65 aq:28.86 tex:513 mv:1096 misc:559 imb:22 pmb:103 smb:1495 d:- ref:0 ;
in:347 out:344 type:P dur:2 cpbdur:2 q:38.73 aq:29.37 tex:8709 mv:6332 misc:1447 imb:395 pmb:397 smb:828 d:s ref:0 ;
in:345 out:345 type:B dur:2 cpbdur:2 q:38.73 aq:30.93 tex:1652 mv:1866 misc:882 imb:40 pmb:188 smb:1392 d:s ref:0 ;
in:344 out:346 type:b dur:2 cpbdur:2 q:38.73 aq:28.86 tex:145 mv:187 misc:420 imb:0 pmb:64 smb:1556 d:s ref:0 ;
in:346 out:347 type:b dur:2 cpbdur:2 q:38.73 aq:32.63 tex:811 mv:1259 misc:578 imb:22 pmb:118 smb:1480 d:- ref:0 ;
in:351 out:348 type:P dur:2 cpbdur:2 q:38.77 aq:30.81 tex:7540 mv:5347 misc:1457 imb:320 pmb:358 smb:942 d:s ref:0 ;
in:349 out:349 type:B dur:2 cpbdur:2 q:38.77 aq:31.48 tex:1825 mv:2212 misc:955 imb:33 pmb:217 smb:1370 d:t ref:0 ;
in:348 out:350 type:b dur:2 cpbdur:2 q:38.77 aq:26.98 tex:188 mv:167 misc:429 imb:4 pmb:60 smb:1556 d:s ref:0 ;
in:350 out:351 type:b dur:2 cpbdur:2 q:38.77 aq:35.58 tex:765 mv:1011 misc:520 imb:15 pmb:93 smb:1512 d:- ref:0 ;
in:354 out:352 type:P dur:2 cpbdur:2 q:38.80 aq:30.21 tex:10216 mv:6529 misc:1415 imb:369 pmb:410 smb:841 d:s ref:0 ;
in:352 out:353 type:B dur:2 cpbdur:2 q:38.80 aq:33.84 tex:1169 mv:1418 misc:757 imb:25 pmb:147 smb:1448 d:t ref:0 ;
in:353 out:354 type:b dur:2 cpbdur:2 q:38.80 aq:36.13 tex:764 mv:824 misc:524 imb:8 pmb:87 smb:1525 d:- ref:0 ;
in:358 out:355 type:P dur:2 cpbdur:2 q:38.90 aq:29.87 tex:9921 mv:6818 misc:1509 imb:389 pmb:434 smb:797 d:s ref:0 ;
in:356 out:356 type:B dur:2 cpbdur:2 q:38.89 aq:32.70 tex:1542 mv:1748 misc:918 imb:28 pmb:195 smb:1397 d:t ref:0 ;
in:355 out:357 type:b dur:2 cpbdur:2 q:38.89 aq:33.62 tex:301 mv:133 misc:350 imb:1 pmb:59 smb:1560 d:s ref:0 ;
in:357 out:358 type:b dur:2 cpbdur:2 q:38.89 aq:35.63 tex:679 mv:888 misc:537 imb:12 pmb:87 smb:1521 d:- ref:0 ;
in:362 out:359 type:P dur:2 cpbdur:2 q:38.97 aq:30.48 tex:8556 mv:6324 misc:1528 imb:419 pmb:371 smb:830 d:s ref:0 ;
in:360 out:360 type:B dur:2 cpbdur:2 q:38.97 aq:32.44 tex:1437 mv:1843 misc:1016 imb:25 pmb:222 smb:1373 d:t ref:0 ;
in:359 out:361 type:b dur:2 cpbdur:2 q:38.97 aq:29.18 tex:143 mv:101 misc:372 imb:0 pmb:49 smb:1571 d:s ref:0 ;
in:361 out:362 type:b dur:2 cpbdur:2 q:38.97 aq:34.30 tex:716 mv:909 misc:623 imb:10 pmb:101 smb:1509 d:- ref:0 ;
in:366 out:363 type:P dur:2 cpbdur:2 q:39.01 aq:30.98 tex:7951 mv:6119 misc:1458 imb:387 pmb:358 smb:875 d:s ref:0 ;
in:364 out:364 type:B dur:2 cpbdur:2 q:39.01 aq:32.01 tex:2501 mv:2854 misc:1157 imb:39 pmb:306 smb:1275 d:t ref:0 ;
in:363 out:365 type:b dur:2 cpbdur:2 q:39.01 aq:34.13 tex:474 mv:402 misc:668 imb:5 pmb:118 smb:1497 d:s ref:0 ;
in:365 out:366 type:b dur:2 cpbdur:2 q:39.01 aq:35.06 tex:724 mv:974 misc:630 imb:9 pmb:108 smb:1503 d:- ref:0 ;
in:369 out:367 type:P dur:2 cpbdur:2 q:39.07 aq:30.31 tex:12150 mv:7863 misc:1459 imb:546 pmb:413 smb:661 d:s ref:0 ;
in:367 out:368 type:B dur:2 cpbdur:2 q:39.07 aq:35.61 tex:1603 mv:1905 misc:932 imb:33 pmb:209 smb:1378 d:t ref:0 ;
in:368 out:369 type:b dur:2 cpbdur:2 q:39.07 aq:33.07 tex:852 mv:1101 misc:727 imb:18 pmb:129 smb:1473 d:- ref:0 ;
in:373 out:370 type:P dur:2 cpbdur:2 q:39.20 aq:30.34 tex:12256 mv:8327 misc:1361 imb:615 pmb:422 smb:583 d:s ref:0 ;
in:371 out:371 type:B dur:2 cpbdur:2 q:39.20 aq:33.36 tex:1956 mv:2317 misc:1151 imb:37 pmb:293 smb:1290 d:t ref:0 ;
in:370 out:372 type:b dur:2 cpbdur:2 q:39.20 aq:31.95 tex:204 mv:171 misc:473 imb:1 pmb:69 smb:1550 d:s ref:0 ;
in:372 out:373 type:b dur:2 cpbdur:2 q:39.20 aq:35.46 tex:994 mv:1472 misc:758 imb:26 pmb:162 smb:1432 d:- ref:0 ;
in:377 out:374 type:P dur:2 cpbdur:2 q:39.35 aq:31.23 tex:8137 mv:6637 misc:1522 imb:461 pmb:374 smb:785 d:s ref:0 ;
in:375 out:375 type:B dur:2 cpbdur:2 q:39.34 aq:33.53 tex:1944 mv:2365 misc:1075 imb:55 pmb:250 smb:1315 d:t ref:0 ;
in:374 out:376 type:b dur:2 cpbdur:2 q:39.34 aq:35.55 tex:281 mv:190 misc:545 imb:1 pmb:110 smb:1509 d:s ref:0 ;
in:376 out:377 type:b dur:2 cpbdur:2 q:39.35 aq:36.97 tex:1216 mv:1284 misc:732 imb:16 pmb:153 smb:1451 d:- ref:0 ;
in:381 out:378 type:P dur:2 cpbdur:2 q:39.41 aq:31.80 tex:8616 mv:6936 misc:1536 imb:447 pmb:403 smb:770 d:s ref:0 ;
in:379 out:379 type:B dur:2 cpbdur:2 q:39.41 aq:32.69 tex:2605 mv:2815 misc:1236 imb:40 pmb:305 smb:1275 d:t ref:0 ;
in:378 out:380 type:b dur:2 cpbdur:2 q:39.41 aq:36.50 tex:371 mv:344 misc:629 imb:3 pmb:104 smb:1513 d:s ref:0 ;
in:380 out:381 type:b dur:2 cpbdur:2 q:39.41 aq:36.69 tex:705 mv:976 misc:647 imb:8 pmb:105 smb:1507 d:- ref:0 ;
in:384 out:382 type:P dur:2 cpbdur:2 q:39.50 aq:31.47 tex:11284 mv:7749 misc:1519 imb:564 pmb:414 smb:642 d:s ref:0 ;
in:382 out:383 type:B dur:2 cpbdur:2 q:39.49 aq:35.52 tex:1646 mv:1763 misc:999 imb:22 pmb:211 smb:1387 d:t ref:0 ;
in:383 out:384 type:b dur:2 cpbdur:2 q:39.50 aq:37.89 tex:806 mv:1078 misc:716 imb:11 pmb:124 smb:1485 d:- ref:0 ;
in:388 out:385 type:P dur:2 cpbdur:2 q:39.61 aq:31.54 tex:9573 mv:7374 misc:1541 imb:483 pmb:398 smb:739 d:s ref:0 ;
in:386 out:386 type:B dur:2 cpbdur:2 q:39.61 aq:34.45 tex:1830 mv:2179 misc:1143 imb:28 pmb:272 smb:1320 d:t ref:0 ;
in:385 out:387 type:b dur:2 cpbdur:2 q:39.61 aq:32.60 tex:232 mv:186 misc:502 imb:1 pmb:71 smb:1548 d:s ref:0 ;
in:387 out:388 type:b dur:2 cpbdur:2 q:39.61 aq:36.13 tex:598 mv:1059 misc:671 imb:6 pmb:119 smb:1495 d:- ref:0 ;
in:392 out:389 type:P dur:2 cpbdur:2 q:39.71 aq:32.00 tex:8329 mv:6789 misc:1610 imb:483 pmb:358 smb:779 d:s ref:0 ;
in:390 out:390 type:B dur:2 cpbdur:2 q:39.71 aq:34.47 tex:1897 mv:2497 misc:1206 imb:39 pmb:289 smb:1292 d:t ref:0 ;
in:389 out:391 type:b dur:2 cpbdur:2 q:39.71 aq:37.07 tex:225 mv:152 misc:487 imb:2 pmb:65 smb:1553 d:s ref:0 ;
in:391 out:392 type:b dur:2 cpbdur:2 q:39.71 aq:36.67 tex:1136 mv:1260 misc:836 imb:12 pmb:155 smb:1453 d:- ref:0 ;
in:396 out:393 type:P dur:2 cpbdur:2 q:39.77 aq:32.47 tex:9255 mv:6932 misc:1517 imb:542 pmb:358 smb:720 d:s ref:0 ;
in:394 out:394 type:B dur:2 cpbdur:2 q:39.77 aq:33.94 tex:3281 mv:3815 misc:1464 imb:69 pmb:396 smb:1155 d:t ref:0 ;
in:393 out:395 type:b dur:2 cpbdur:2 q:39.77 aq:33.70 tex:501 mv:535 misc:700 imb:13 pmb:123 smb:1484 d:s ref:0 ;
in:395 out:396 type:b dur:2 cpbdur:2 q:39.77 aq:36.03 tex:1257 mv:1494 misc:921 imb:20 pmb:190 smb:1410 d:- ref:0 ;
in:399 out:397 type:P dur:2 cpbdur:2 q:39.89 aq:31.77 tex:13675 mv:8796 misc:1321 imb:757 pmb:383 smb:480 d:s ref:0 ;
in:397 out:398 type:B dur:2 cpbdur:2 q:39.88 aq:35.91 tex:2395 mv:2543 misc:1118 imb:48 pmb:263 smb:1309 d:t ref:0 ;
in:398 out:399 type:b dur:2 cpbdur:2 q:39.89 aq:36.92 tex:1135 mv:1839 misc:914 imb:27 pmb:180 smb:1413 d:- ref:0 ;
in:403 out:400 type:P dur:2 cpbdur:2 q:40.06 aq:32.39 tex:10984 mv:7610 misc:1550 imb:653 pmb:318 smb:649 d:s ref:0 ;
in:401 out:401 type:B dur:2 cpbdur:2 q:40.05 aq:33.93 tex:2515 mv:3134 misc:1319 imb:84 pmb:330 smb:1206 d:s ref:0 ;
in:400 out:402 type:b dur:2 cpbdur:2 q:40.05 aq:37.07 tex:324 mv:228 misc:640 imb:0 pmb:128 smb:1492 d:s ref:0 ;
in:402 out:403 type:b dur:2 cpbdur:2 q:40.05 aq:36.31 tex:1371 mv:1857 misc:956 imb:38 pmb:198 smb:1384 d:- ref:0 ;
in:407 out:404 type:P dur:2 cpbdur:2 q:40.22 aq:33.01 tex:9078 mv:6876 misc:1534 imb:572 pmb:320 smb:728 d:s ref:0 ;
in:405 out:405 type:B dur:2 cpbdur:2 q:40.22 aq:35.55 tex:2651 mv:2975 misc:1294 imb:55 pmb:355 smb:1210 d:t ref:0 ;
in:404 out:406 type:b dur:2 cpbdur:2 q:40.22 aq:37.19 tex:440 mv:261 misc:587 imb:4 pmb:107 smb:1509 d:s ref:0 ;
in:406 out:407 type:b dur:2 cpbdur:2 q:40.22 aq:37.58 tex:1751 mv:1718 misc:955 imb:20 pmb:223 smb:1377 d:- ref:0 ;
in:411 out:408 type:P dur:2 cpbdur:2 q:40.47 aq:33.62 tex:10138 mv:7289 misc:1397 imb:721 pmb:283 smb:616 d:s ref:0 ;
in:409 out:409 type:B dur:2 cpbdur:2 q:40.46 aq:34.13 tex:4224 mv:4354 misc:1534 imb:94 pmb:447 smb:1079 d:t ref:0 ;
in:408 out:410 type:b dur:2 cpbdur:2 q:40.46 aq:36.01 tex:693 mv:606 misc:885 imb:15 pmb:177 smb:1428 d:s ref:0 ;
in:410 out:411 type:b dur:2 cpbdur:2 q:40.47 aq:38.23 tex:1909 mv:1929 misc:1082 imb:32 pmb:238 smb:1350 d:- ref:0 ;
in:414 out:412 type:P dur:2 cpbdur:2 q:41.43 aq:32.90 tex:12712 mv:8149 misc:1323 imb:844 pmb:273 smb:503 d:s ref:0 ;
in:412 out:413 type:B dur:2 cpbdur:2 q:41.41 aq:37.77 tex:2966 mv:2702 misc:1260 imb:45 pmb:349 smb:1226 d:t ref:0 ;
in:413 out:414 type:b dur:2 cpbdur:2 q:41.42 aq:38.41 tex:1935 mv:2001 misc:1048 imb:27 pmb:283 smb:1310 d:- ref:0 ;
in:418 out:415 type:P dur:2 cpbdur:2 q:41.62 aq:33.09 tex:12104 mv:7616 misc:1400 imb:755 pmb:281 smb:584 d:s ref:0 ;
in:416 out:416 type:B dur:2 cpbdur:2 q:41.62 aq:37.54 tex:2818 mv:2690 misc:1308 imb:46 pmb:364 smb:1210 d:s ref:0 ;
in:415 out:417 type:b dur:2 cpbdur:2 q:41.61 aq:36.73 tex:588 mv:367 misc:677 imb:6 pmb:129 smb:1485 d:s ref:0 ;
in:417 out:418 type:b dur:2 cpbdur:2 q:41.62 aq:38.82 tex:1789 mv:2196 misc:1023 imb:42 pmb:254 smb:1324 d:- ref:0 ;
in:422 out:419 type:P dur:2 cpbdur:2 q:43.30 aq:34.42 tex:9055 mv:6389 misc:1324 imb:840 pmb:181 smb:599 d:s ref:0 ;
in:420 out:420 type:B dur:2 cpbdur:2 q:43.27 aq:39.00 tex:2889 mv:2501 misc:1170 imb:46 pmb:351 smb:1223 d:s ref:0 ;
in:419 out:421 type:b dur:2 cpbdur:2 q:43.25 aq:39.17 tex:439 mv:285 misc:652 imb:5 pmb:129 smb:1486 d:s ref:0 ;
in:421 out:422 type:b dur:2 cpbdur:2 q:43.28 aq:40.16 tex:1988 mv:1853 misc:999 imb:55 pmb:262 smb:1303 d:- ref:0 ;
in:424 out:423 type:P dur:2 cpbdur:2 q:44.22 aq:36.70 tex:4421 mv:3685 misc:1374 imb:400 pmb:195 smb:1025 d:s ref:0 ;
in:423 out:424 type:b dur:2 cpbdur:2 q:44.21 aq:38.74 tex:712 mv:372 misc:828 imb:0 pmb:207 smb:1413 d:s ref:0 ;
in:426 out:425 type:P dur:2 cpbdur:2 q:44.13 aq:35.92 tex:8296 mv:5929 misc:1399 imb:816 pmb:198 smb:606 d:s ref:0 ;
in:425 out:426 type:b dur:2 cpbdur:2 q:44.22 aq:41.31 tex:2544 mv:1751 misc:961 imb:47 pmb:272 smb:1301 d:t ref:0 ;
in:428 out:427 type:P dur:2 cpbdur:2 q:45.16 aq:35.33 tex:10357 mv:5448 misc:1299 imb:810 pmb:178 smb:632 d:s ref:0 ;
in:427 out:428 type:b dur:2 cpbdur:2 q:45.15 aq:41.39 tex:2408 mv:1825 misc:1031 imb:52 pmb:295 smb:1273 d:t ref:0 ;
in:431 out:429 type:P dur:2 cpbdur:2 q:45.67 aq:39.22 tex:13724 mv:5551 misc:1013 imb:895 pmb:179 smb:546 d:s ref:0 ;
in:429 out:430 type:B dur:2 cpbdur:2 q:45.66 aq:42.37 tex:3468 mv:2131 misc:1249 imb:60 pmb:383 smb:1177 d:s ref:0 ;
in:430 out:431 type:b dur:2 cpbdur:2 q:45.67 aq:43.52 tex:1448 mv:956 misc:988 imb:24 pmb:216 smb:1380 d:- ref:0 ;
in:432 out:432 type:I dur:2 cpbdur:2 q:43.10 aq:36.83 tex:45084 mv:13704 misc:148 imb:1620 pmb:0 smb:0 d:s ref:;
in:434 out:433 type:P dur:2 cpbdur:2 q:46.67 aq:43.38 tex:7799 mv:5320 misc:1497 imb:304 pmb:332 smb:984 d:s ref:0 ;
in:433 out:434 type:b dur:2 cpbdur:2 q:46.67 aq:44.73 tex:534 mv:322 misc:760 imb:2 pmb:139 smb:1479 d:s ref:0 ;
in:438 out:435 type:P dur:2 cpbdur:2 q:47.58 aq:42.21 tex:13916 mv:6843 misc:1401 imb:619 pmb:318 smb:683 d:s ref:0 ;
in:436 out:436 type:B dur:2 cpbdur:2 q:47.57 aq:45.90 tex:7060 mv:4061 misc:1407 imb:94 pmb:457 smb:1069 d:t ref:0 ;
in:435 out:437 type:b dur:2 cpbdur:2 q:47.56 aq:47.54 tex:3442 mv:2135 misc:1191 imb:41 pmb:279 smb:1300 d:s ref:0 ;
in:437 out:438 type:b dur:2 cpbdur:2 q:47.58 aq:47.46 tex:2918 mv:2015 misc:1083 imb:34 pmb:257 smb:1329 d:- ref:0 ;
in:442 out:439 type:P dur:2 cpbdur:2 q:45.65 aq:41.64 tex:15548 mv:6565 misc:1455 imb:547 pmb:356 smb:717 d:s ref:0 ;
in:440 out:440 type:B dur:2 cpbdur:2 q:47.55 aq:46.26 tex:5344 mv:3311 misc:1353 imb:83 pmb:365 smb:1172 d:t ref:0 ;
in:439 out:441 type:b dur:2 cpbdur:2 q:47.57 aq:48.17 tex:941 mv:377 misc:810 imb:3 pmb:154 smb:1463 d:s ref:0 ;
in:441 out:442 type:b dur:2 cpbdur:2 q:47.53 aq:47.69 tex:2928 mv:1890 misc:1062 imb:39 pmb:239 smb:1342 d:- ref:0 ;
in:444 out:443 type:P dur:2 cpbdur:2 q:45.74 aq:40.84 tex:16355 mv:7867 misc:1482 imb:562 pmb:432 smb:626 d:s ref:0 ;
in:443 out:444 type:b dur:2 cpbdur:2 q:45.74 aq:45.77 tex:3254 mv:2367 misc:1195 imb:42 pmb:288 smb:1290 d:t ref:0 ;
in:446 out:445 type:P dur:2 cpbdur:2 q:45.60 aq:41.69 tex:9047 mv:5387 misc:1590 imb:303 pmb:393 smb:924 d:s ref:0 ;
in:445 out:446 type:b dur:2 cpbdur:2 q:45.74 aq:43.65 tex:666 mv:315 misc:739 imb:3 pmb:135 smb:1482 d:s ref:0 ;
in:450 out:447 type:P dur:2 cpbdur:2 q:45.58 aq:40.43 tex:16464 mv:7564 misc:1356 imb:700 pmb:352 smb:568 d:s ref:0 ;
in:448 out:448 type:B dur:2 cpbdur:2 q:45.60 aq:42.30 tex:7674 mv:5215 misc:1599 imb:98 pmb:555 smb:967 d:s ref:0 ;
in:447 out:449 type:b dur:2 cpbdur:2 q:45.60 aq:45.12 tex:3624 mv:2530 misc:1214 imb:37 pmb:330 smb:1253 d:s ref:0 ;
in:449 out:450 type:b dur:2 cpbdur:2 q:45.59 aq:44.05 tex:1091 mv:385 misc:940 imb:2 pmb:204 smb:1414 d:- ref:0 ;
in:452 out:451 type:P dur:2 cpbdur:2 q:46.86 aq:42.03 tex:12574 mv:6641 misc:1521 imb:492 pmb:370 smb:758 d:s ref:0 ;
in:451 out:452 type:b dur:2 cpbdur:2 q:46.84 aq:47.19 tex:2658 mv:1409 misc:989 imb:30 pmb:227 smb:1363 d:t ref:0 ;
in:456 out:453 type:P dur:2 cpbdur:2 q:45.82 aq:40.43 tex:17038 mv:7865 misc:1353 imb:742 pmb:358 smb:520 d:s ref:0 ;
in:454 out:454 type:B dur:2 cpbdur:2 q:46.85 aq:44.37 tex:5792 mv:3884 misc:1412 imb:55 pmb:460 smb:1105 d:t ref:0 ;
in:453 out:455 type:b dur:2 cpbdur:2 q:46.85 aq:44.67 tex:1082 mv:465 misc:925 imb:4 pmb:203 smb:1413 d:s ref:0 ;
in:455 out:456 type:b dur:2 cpbdur:2 q:46.84 aq:47.08 tex:2553 mv:1510 misc:1009 imb:22 pmb:236 smb:1362 d:- ref:0 ;
in:460 out:457 type:P dur:2 cpbdur:2 q:47.75 aq:41.44 tex:13866 mv:6686 misc:1384 imb:700 pmb:297 smb:623 d:s ref:0 ;
in:458 out:458 type:B dur:2 cpbdur:2 q:47.72 aq:46.43 tex:4802 mv:2543 misc:1311 imb:54 pmb:411 smb:1155 d:t ref:0 ;
in:457 out:459 type:b dur:2 cpbdur:2 q:47.70 aq:47.24 tex:2847 mv:1321 misc:1016 imb:27 pmb:250 smb:1343 d:s ref:0 ;
in:459 out:460 type:b dur:2 cpbdur:2 q:47.74 aq:45.88 tex:1016 mv:394 misc:862 imb:2 pmb:175 smb:1443 d:- ref:0 ;
in:464 out:461 type:P dur:2 cpbdur:2 q:48.05 aq:42.95 tex:12569 mv:6324 misc:1459 imb:656 pmb:304 smb:660 d:s ref:0 ;
in:462 out:462 type:B dur:2 cpbdur:2 q:48.04 aq:46.18 tex:4655 mv:2160 misc:1321 imb:38 pmb:382 smb:1200 d:t ref:0 ;
in:461 out:463 type:b dur:2 cpbdur:2 q:48.04 aq:47.83 tex:2838 mv:1241 misc:1017 imb:21 pmb:240 smb:1359 d:s ref:0 ;
in:463 out:464 type:b dur:2 cpbdur:2 q:48.05 aq:48.02 tex:1114 mv:249 misc:797 imb:2 pmb:147 smb:1471 d:- ref:0 ;
in:466 out:465 type:P dur:2 cpbdur:2 q:48.21 aq:42.60 tex:11673 mv:5337 misc:1526 imb:488 pmb:281 smb:851 d:s ref:0 ;
in:465 out:466 type:b dur:2 cpbdur:2 q:48.21 aq:48.44 tex:2595 mv:1004 misc:1001 imb:14 pmb:215 smb:1391 d:t ref:0 ;
in:468 out:467 type:P dur:2 cpbdur:2 q:47.14 aq:40.22 tex:14616 mv:6776 misc:1520 imb:611 pmb:325 smb:684 d:s ref:0 ;
in:467 out:468 type:b dur:2 cpbdur:2 q:48.19 aq:48.69 tex:2327 mv:980 misc:933 imb:15 pmb:188 smb:1417 d:t ref:0 ;
in:472 out:469 type:P dur:2 cpbdur:2 q:47.18 aq:41.34 tex:13785 mv:6531 misc:1468 imb:571 pmb:312 smb:737 d:s ref:0 ;
in:470 out:470 type:B dur:2 cpbdur:2 q:47.17 aq:45.30 tex:4320 mv:2280 misc:1248 imb:33 pmb:348 smb:1239 d:t ref:0 ;
in:469 out:471 type:b dur:2 cpbdur:2 q:47.17 aq:46.45 tex:954 mv:379 misc:739 imb:2 pmb:135 smb:1483 d:s ref:0 ;
in:471 out:472 type:b dur:2 cpbdur:2 q:47.18 aq:47.24 tex:2489 mv:1162 misc:949 imb:17 pmb:195 smb:1408 d:- ref:0 ;
in:474 out:473 type:P dur:2 cpbdur:2 q:47.89 aq:41.29 tex:12185 mv:5487 misc:1472 imb:481 pmb:305 smb:834 d:s ref:0 ;
in:473 out:474 type:b dur:2 cpbdur:2 q:47.88 aq:47.32 tex:2094 mv:930 misc:856 imb:13 pmb:171 smb:1436 d:t ref:0 ;
in:478 out:475 type:P dur:2 cpbdur:2 q:46.91 aq:39.75 tex:15656 mv:6747 misc:1389 imb:632 pmb:328 smb:660 d:s ref:0 w:6,63,0,5,32,0,31,4 ;
in:476 out:476 type:B dur:2 cpbdur:2 q:47.87 aq:47.55 tex:3606 mv:1983 misc:1131 imb:29 pmb:304 smb:1287 d:t ref:0 ;
in:475 out:477 type:b dur:2 cpbdur:2 q:47.88 aq:47.41 tex:1076 mv:327 misc:725 imb:3 pmb:126 smb:1491 d:s ref:0 ;
in:477 out:478 type:b dur:2 cpbdur:2 q:47.87 aq:48.47 tex:2735 mv:1033 misc:880 imb:26 pmb:176 smb:1418 d:- ref:0 ;
in:482 out:479 type:P dur:2 cpbdur:2 q:46.89 aq:40.22 tex:14430 mv:6307 misc:1423 imb:625 pmb:287 smb:708 d:s ref:0 ;
in:480 out:480 type:B dur:2 cpbdur:2 q:46.91 aq:45.51 tex:3189 mv:1830 misc:1125 imb:26 pmb:276 smb:1318 d:t ref:0 ;
in:479 out:481 type:b dur:2 cpbdur:2 q:46.91 aq:47.14 tex:797 mv:260 misc:679 imb:3 pmb:105 smb:1512 d:s ref:0 ;
in:481 out:482 type:b dur:2 cpbdur:2 q:46.91 aq:47.79 tex:2344 mv:976 misc:808 imb:15 pmb:168 smb:1437 d:- ref:0 ;
in:486 out:483 type:P dur:2 cpbdur:2 q:46.38 aq:38.98 tex:12653 mv:6010 misc:1441 imb:560 pmb:297 smb:763 d:s ref:0 w:7,123,1,3,8,0,7,16 ;
in:484 out:484 type:B dur:2 cpbdur:2 q:46.88 aq:44.00 tex:3698 mv:1985 misc:1077 imb:28 pmb:275 smb:1317 d:t ref:0 ;
in:483 out:485 type:b dur:2 cpbdur:2 q:46.88 aq:44.78 tex:983 mv:275 misc:702 imb:2 pmb:129 smb:1489 d:s ref:0 ;
in:485 out:486 type:b dur:2 cpbdur:2 q:46.87 aq:48.15 tex:1670 mv:692 misc:702 imb:3 pmb:144 smb:1473 d:- ref:0 ;
in:490 out:487 type:P dur:2 cpbdur:2 q:46.44 aq:37.98 tex:12237 mv:6227 misc:1408 imb:601 pmb:281 smb:738 d:s ref:0 ;
in:488 out:488 type:B dur:2 cpbdur:2 q:46.44 aq:43.01 tex:2915 mv:1216 misc:1037 imb:22 pmb:239 smb:1359 d:s ref:0 ;
in:487 out:489 type:b dur:2 cpbdur:2 q:46.43 aq:47.23 tex:1972 mv:842 misc:738 imb:11 pmb:148 smb:1461 d:s ref:0 ;
in:489 out:490 type:b dur:2 cpbdur:2 q:46.44 aq:47.84 tex:734 mv:214 misc:644 imb:0 pmb:113 smb:1507 d:- ref:0 ;
in:493 out:491 type:P dur:2 cpbdur:2 q:46.55 aq:38.26 tex:11649 mv:5554 misc:1533 imb:462 pmb:274 smb:884 d:s ref:0 w:7,123,1,4,16,0,15,8 ;
in:491 out:492 type:B dur:2 cpbdur:2 q:46.55 aq:46.25 tex:1838 mv:1002 misc:720 imb:6 pmb:151 smb:1463 d:t ref:0 ;
in:492 out:493 type:b dur:2 cpbdur:2 q:46.55 aq:47.58 tex:1107 mv:425 misc:532 imb:1 pmb:87 smb:1532 d:- ref:0 ;
in:497 out:494 type:P dur:2 cpbdur:2 q:46.65 aq:39.26 tex:9812 mv:4650 misc:1434 imb:404 pmb:246 smb:970 d:s ref:0 w:5,31,1,7,124,4,121,7 ;
in:495 out:495 type:B dur:2 cpbdur:2 q:46.64 aq:46.04 tex:1858 mv:970 misc:772 imb:5 pmb:168 smb:1447 d:t ref:0 ;
in:494 out:496 type:b dur:2 cpbdur:2 q:46.64 aq:46.35 tex:573 mv:169 misc:482 imb:0 pmb:65 smb:1555 d:s ref:0 ;
in:496 out:497 type:b dur:2 cpbdur:2 q:46.65 aq:48.26 tex:1027 mv:461 misc:496 imb:2 pmb:83 smb:1535 d:- ref:0 ;
in:501 out:498 type:P dur:2 cpbdur:2 q:46.69 aq:38.34 tex:10208 mv:4673 misc:1567 imb:484 pmb:207 smb:929 d:s ref:0 w:7,127,0,7,123,5,119,9 ;
in:499 out:499 type:B dur:2 cpbdur:2 q:46.69 aq:45.86 tex:2103 mv:952 misc:745 imb:7 pmb:154 smb:1459 d:t ref:0 ;
in:498 out:500 type:b dur:2 cpbdur:2 q:46.69 aq:43.70 tex:626 mv:245 misc:521 imb:3 pmb:81 smb:1536 d:s ref:0 ;
in:500 out:501 type:b dur:2 cpbdur:2 q:46.69 aq:47.81 tex:865 mv:308 misc:443 imb:1 pmb:66 smb:1553 d:- ref:0 ;
in:504 out:502 type:P dur:2 cpbdur:2 q:46.74 aq:38.27 tex:9364 mv:4627 misc:1417 imb:415 pmb:249 smb:956 d:s ref:0 ;
in:502 out:503 type:B dur:2 cpbdur:2 q:46.74 aq:47.11 tex:1214 mv:540 misc:582 imb:1 pmb:107 smb:1512 d:t ref:0 ;
in:503 out:504 type:b dur:2 cpbdur:2 q:46.74 aq:47.33 tex:565 mv:236 misc:399 imb:0 pmb:55 smb:1565 d:- ref:0 ;
in:506 out:505 type:P dur:2 cpbdur:2 q:46.79 aq:41.04 tex:3276 mv:1579 misc:1073 imb:102 pmb:160 smb:1358 d:s ref:0 ;
in:505 out:506 type:b dur:2 cpbdur:2 q:46.79 aq:45.69 tex:217 mv:45 misc:258 imb:0 pmb:18 smb:1602 d:s ref:0 ;
in:508 out:507 type:P dur:2 cpbdur:2 q:46.75 aq:38.73 tex:7760 mv:3596 misc:1300 imb:301 pmb:218 smb:1101 d:s ref:0 ;
in:507 out:508 type:b dur:2 cpbdur:2 q:46.79 aq:47.57 tex:525 mv:263 misc:372 imb:3 pmb:45 smb:1572 d:t ref:0 ;
in:512 out:509 type:P dur:2 cpbdur:2 q:46.75 aq:37.41 tex:7036 mv:3644 misc:1408 imb:352 pmb:195 smb:1073 d:s ref:0 w:6,61,1,5,30,8,29,12 ;
in:510 out:510 type:B dur:2 cpbdur:2 q:46.75 aq:44.60 tex:1007 mv:568 misc:601 imb:3 pmb:97 smb:1520 d:t ref:0 ;
in:509 out:511 type:b dur:2 cpbdur:2 q:46.75 aq:44.47 tex:127 mv:63 misc:234 imb:0 pmb:15 smb:1605 d:s ref:0 ;
in:511 out:512 type:b dur:2 cpbdur:2 q:46.75 aq:45.51 tex:332 mv:161 misc:299 imb:2 pmb:27 smb:1591 d:- ref:0 ;
in:516 out:513 type:P dur:2 cpbdur:2 q:46.79 aq:38.52 tex:5824 mv:3052 misc:1356 imb:281 pmb:170 smb:1169 d:s ref:0 w:5,31,1,7,120,8,115,13 ;
in:514 out:514 type:B dur:2 cpbdur:2 q:46.79 aq:42.99 tex:1551 mv:668 misc:573 imb:6 pmb:114 smb:1500 d:s ref:0 ;
in:513 out:515 type:b dur:2 cpbdur:2 q:46.79 aq:45.96 tex:172 mv:122 misc:338 imb:3 pmb:28 smb:1589 d:s ref:0 ;
in:515 out:516 type:b dur:2 cpbdur:2 q:46.79 aq:47.03 tex:251 mv:147 misc:290 imb:0 pmb:24 smb:1596 d:- ref:0 ;
in:520 out:517 type:P dur:2 cpbdur:2 q:46.75 aq:37.01 tex:7043 mv:3614 misc:1327 imb:403 pmb:164 smb:1053 d:s ref:0 ;
in:518 out:518 type:B dur:2 cpbdur:2 q:46.79 aq:40.42 tex:1168 mv:522 misc:662 imb:1 pmb:120 smb:1499 d:t ref:0 ;
in:517 out:519 type:b dur:2 cpbdur:2 q:46.79 aq:45.95 tex:483 mv:238 misc:359 imb:1 pmb:40 smb:1579 d:s ref:0 ;
in:519 out:520 type:b dur:2 cpbdur:2 q:46.79 aq:40.49 tex:176 mv:62 misc:258 imb:1 pmb:17 smb:1602 d:- ref:0 ;
in:524 out:521 type:P dur:2 cpbdur:2 q:46.73 aq:36.79 tex:6121 mv:3256 misc:1215 imb:328 pmb:161 smb:1131 d:s ref:0 ;
in:522 out:522 type:B dur:2 cpbdur:2 q:46.75 aq:42.77 tex:701 mv:330 misc:457 imb:2 pmb:61 smb:1557 d:s ref:0 ;
in:521 out:523 type:b dur:2 cpbdur:2 q:46.75 aq:41.14 tex:299 mv:155 misc:250 imb:3 pmb:18 smb:1599 d:s ref:0 ;
in:523 out:524 type:b dur:2 cpbdur:2 q:46.75 aq:42.28 tex:196 mv:89 misc:275 imb:0 pmb:21 smb:1599 d:- ref:0 ;
in:528 out:525 type:P dur:2 cpbdur:2 q:46.69 aq:36.28 tex:8723 mv:4301 misc:1336 imb:496 pmb:170 smb:954 d:s ref:0 ;
in:526 out:526 type:B dur:2 cpbdur:2 q:46.73 aq:43.23 tex:1137 mv:748 misc:499 imb:21 pmb:90 smb:1509 d:s ref:0 ;
in:525 out:527 type:b dur:2 cpbdur:2 q:46.73 aq:38.20 tex:334 mv:291 misc:335 imb:8 pmb:45 smb:1567 d:s ref:0 ;
in:527 out:528 type:b dur:2 cpbdur:2 q:46.73 aq:43.09 tex:155 mv:95 misc:230 imb:0 pmb:14 smb:1606 d:- ref:0 ;
in:532 out:529 type:P dur:2 cpbdur:2 q:46.68 aq:38.09 tex:6690 mv:3006 misc:1152 imb:297 pmb:150 smb:1173 d:s ref:0 ;
in:530 out:530 type:B dur:2 cpbdur:2 q:46.69 aq:44.70 tex:732 mv:388 misc:456 imb:1 pmb:79 smb:1540 d:t ref:0 ;
in:529 out:531 type:b dur:2 cpbdur:2 q:46.69 aq:46.18 tex:177 mv:101 misc:282 imb:1 pmb:38 smb:1581 d:s ref:0 ;
in:531 out:532 type:b dur:2 cpbdur:2 q:46.69 aq:44.64 tex:464 mv:171 misc:325 imb:0 pmb:35 smb:1585 d:- ref:0 ;
in:534 out:533 type:P dur:2 cpbdur:2 q:46.64 aq:36.46 tex:7424 mv:3393 misc:1295 imb:323 pmb:182 smb:1115 d:s ref:0 ;
in:533 out:534 type:b dur:2 cpbdur:2 q:46.68 aq:47.25 tex:446 mv:196 misc:318 imb:2 pmb:39 smb:1579 d:s ref:0 ;
in:538 out:535 type:P dur:2 cpbdur:2 q:46.62 aq:36.65 tex:8002 mv:4156 misc:1314 imb:404 pmb:190 smb:1026 d:s ref:0 ;
in:536 out:536 type:B dur:2 cpbdur:2 q:46.64 aq:47.08 tex:798 mv:364 misc:494 imb:1 pmb:75 smb:1544 d:s ref:0 ;
in:535 out:537 type:b dur:2 cpbdur:2 q:46.64 aq:44.98 tex:124 mv:88 misc:300 imb:0 pmb:29 smb:1591 d:s ref:0 ;
in:537 out:538 type:b dur:2 cpbdur:2 q:46.64 aq:47.44 tex:447 mv:105 misc:320 imb:0 pmb:33 smb:1587 d:- ref:0 ;
in:542 out:539 type:P dur:2 cpbdur:2 q:46.65 aq:37.07 tex:9358 mv:4650 misc:1496 imb:556 pmb:200 smb:864 d:s ref:0 ;
in:540 out:540 type:B dur:2 cpbdur:2 q:46.65 aq:45.06 tex:1583 mv:879 misc:834 imb:22 pmb:171 smb:1427 d:s ref:0 ;
in:539 out:541 type:b dur:2 cpbdur:2 q:46.65 aq:44.26 tex:264 mv:192 misc:392 imb:4 pmb:46 smb:1570 d:s ref:0 ;
in:541 out:542 type:b dur:2 cpbdur:2 q:46.65 aq:46.65 tex:814 mv:216 misc:402 imb:3 pmb:61 smb:1556 d:- ref:0 ;
in:546 out:543 type:P dur:2 cpbdur:2 q:46.67 aq:39.21 tex:8237 mv:4019 misc:1072 imb:349 pmb:209 smb:1062 d:s ref:0 ;
in:544 out:544 type:B dur:2 cpbdur:2 q:46.67 aq:42.55 tex:2483 mv:1471 misc:910 imb:24 pmb:211 smb:1385 d:t ref:0 ;
in:543 out:545 type:b dur:2 cpbdur:2 q:46.67 aq:43.40 tex:502 mv:214 misc:492 imb:3 pmb:79 smb:1538 d:s ref:0 ;
in:545 out:546 type:b dur:2 cpbdur:2 q:46.67 aq:47.57 tex:714 mv:396 misc:490 imb:7 pmb:67 smb:1546 d:- ref:0 ;
in:549 out:547 type:P dur:2 cpbdur:2 q:46.68 aq:36.23 tex:13811 mv:6967 misc:974 imb:1019 pmb:218 smb:383 d:s ref:0 ;
in:547 out:548 type:B dur:2 cpbdur:2 q:46.68 aq:43.48 tex:2211 mv:1092 misc:913 imb:29 pmb:206 smb:1385 d:s ref:0 ;
in:548 out:549 type:b dur:2 cpbdur:2 q:46.68 aq:48.13 tex:1055 mv:511 misc:602 imb:2 pmb:115 smb:1503 d:- ref:0 ;
in:553 out:550 type:P dur:2 cpbdur:2 q:46.78 aq:39.19 tex:12171 mv:5818 misc:1067 imb:624 pmb:221 smb:775 d:s ref:0 ;
in:551 out:551 type:B dur:2 cpbdur:2 q:46.78 aq:44.75 tex:2155 mv:1461 misc:904 imb:27 pmb:217 smb:1376 d:s ref:0 ;
in:550 out:552 type:b dur:2 cpbdur:2 q:46.78 aq:48.49 tex:345 mv:195 misc:564 imb:0 pmb:99 smb:1521 d:s ref:0 ;
in:552 out:553 type:b dur:2 cpbdur:2 q:46.78 aq:43.96 tex:1283 mv:941 misc:696 imb:34 pmb:120 smb:1466 d:- ref:0 ;
in:557 out:554 type:P dur:2 cpbdur:2 q:46.87 aq:39.39 tex:13096 mv:6808 misc:896 imb:713 pmb:273 smb:634 d:s ref:0 ;
in:555 out:555 type:B dur:2 cpbdur:2 q:46.87 aq:44.33 tex:4121 mv:2009 misc:950 imb:48 pmb:393 smb:1179 d:t ref:0 ;
in:554 out:556 type:b dur:2 cpbdur:2 q:46.86 aq:44.39 tex:1087 mv:372 misc:725 imb:5 pmb:222 smb:1393 d:s ref:0 ;
in:556 out:557 type:b dur:2 cpbdur:2 q:46.87 aq:46.31 tex:2807 mv:1614 misc:747 imb:52 pmb:283 smb:1285 d:- ref:0 ;
in:561 out:558 type:P dur:2 cpbdur:2 q:46.99 aq:41.58 tex:10898 mv:5983 misc:903 imb:712 pmb:197 smb:711 d:s ref:0 ;
in:559 out:559 type:B dur:2 cpbdur:2 q:46.99 aq:42.29 tex:5119 mv:3303 misc:1090 imb:61 pmb:429 smb:1130 d:s ref:0 ;
in:558 out:560 type:b dur:2 cpbdur:2 q:46.99 aq:47.48 tex:737 mv:324 misc:779 imb:0 pmb:179 smb:1441 d:s ref:0 ;
in:560 out:561 type:b dur:2 cpbdur:2 q:46.99 aq:45.53 tex:2447 mv:1194 misc:823 imb:12 pmb:247 smb:1361 d:- ref:0 ;
in:565 out:562 type:P dur:2 cpbdur:2 q:47.12 aq:39.62 tex:11941 mv:7052 misc:815 imb:1125 pmb:184 smb:311 d:s ref:0 ;
in:563 out:563 type:B dur:2 cpbdur:2 q:47.12 aq:42.10 tex:6419 mv:3816 misc:1045 imb:190 pmb:472 smb:958 d:s ref:0 ;
in:562 out:564 type:b dur:2 cpbdur:2 q:47.11 aq:43.66 tex:4546 mv:2626 misc:1044 imb:132 pmb:344 smb:1144 d:s ref:0 ;
in:564 out:565 type:b dur:2 cpbdur:2 q:47.12 aq:45.75 tex:1570 mv:441 misc:893 imb:2 pmb:258 smb:1360 d:- ref:0 ;
in:566 out:566 type:P dur:2 cpbdur:2 q:47.29 aq:42.50 tex:10605 mv:7161 misc:642 imb:1231 pmb:250 smb:139 d:s ref:0 ;
in:567 out:567 type:P dur:2 cpbdur:2 q:47.36 aq:44.14 tex:10055 mv:6877 misc:300 imb:1589 pmb:24 smb:7 d:s ref:0 ;
in:568 out:568 type:I dur:2 cpbdur:2 q:44.04 aq:39.60 tex:20175 mv:8436 misc:149 imb:1620 pmb:0 smb:0 d:s ref:;
in:571 out:569 type:P dur:2 cpbdur:2 q:48.14 aq:37.64 tex:13033 mv:6038 misc:297 imb:1509 pmb:109 smb:2 d:s ref:0 w:6,35,-11,6,69,-59,60,10 ;
in:569 out:570 type:B dur:2 cpbdur:2 q:48.14 aq:42.91 tex:127 mv:99 misc:358 imb:0 pmb:58 smb:1562 d:s ref:0 ;
in:570 out:571 type:b dur:2 cpbdur:2 q:48.14 aq:46.39 tex:5585 mv:2861 misc:850 imb:161 pmb:441 smb:1018 d:- ref:0 ;
in:572 out:572 type:P dur:2 cpbdur:2 q:47.81 aq:41.21 tex:6423 mv:3776 misc:625 imb:545 pmb:147 smb:928 d:s ref:0 ;
in:576 out:573 type:P dur:2 cpbdur:2 q:47.81 aq:40.11 tex:7989 mv:3980 misc:583 imb:600 pmb:129 smb:891 d:s ref:0 ;
in:574 out:574 type:B dur:2 cpbdur:2 q:47.81 aq:41.62 tex:5770 mv:2846 misc:824 imb:105 pmb:432 smb:1083 d:t ref:0 ;
in:573 out:575 type:b dur:2 cpbdur:2 q:47.81 aq:46.95 tex:1021 mv:237 misc:398 imb:3 pmb:141 smb:1476 d:s ref:0 ;
in:575 out:576 type:b dur:2 cpbdur:2 q:47.81 aq:45.34 tex:2156 mv:1431 misc:701 imb:59 pmb:200 smb:1361 d:- ref:0 ;
in:579 out:577 type:P dur:2 cpbdur:2 q:47.96 aq:36.46 tex:11896 mv:6554 misc:646 imb:1220 pmb:246 smb:154 d:s ref:0 ;
in:577 out:578 type:B dur:2 cpbdur:2 q:47.96 aq:43.06 tex:2007 mv:890 misc:799 imb:21 pmb:176 smb:1423 d:s ref:0 ;
in:578 out:579 type:b dur:2 cpbdur:2 q:47.96 aq:43.99 tex:1530 mv:521 misc:677 imb:6 pmb:184 smb:1430 d:- ref:0 ;
in:583 out:580 type:P dur:2 cpbdur:2 q:48.06 aq:40.81 tex:8628 mv:4451 misc:1057 imb:422 pmb:233 smb:965 d:s ref:0 ;
in:581 out:581 type:B dur:2 cpbdur:2 q:48.06 aq:45.87 tex:1706 mv:934 misc:800 imb:21 pmb:172 smb:1427 d:s ref:0 ;
in:580 out:582 type:b dur:2 cpbdur:2 q:48.06 aq:46.83 tex:251 mv:146 misc:451 imb:1 pmb:64 smb:1555 d:s ref:0 ;
in:582 out:583 type:b dur:2 cpbdur:2 q:48.06 aq:46.72 tex:917 mv:434 misc:529 imb:6 pmb:84 smb:1530 d:- ref:0 ;
in:587 out:584 type:P dur:2 cpbdur:2 q:48.09 aq:38.06 tex:11239 mv:6814 misc:763 imb:1137 pmb:260 smb:223 d:s ref:0 ;
in:585 out:585 type:B dur:2 cpbdur:2 q:48.09 aq:43.67 tex:2433 mv:819 misc:1044 imb:13 pmb:270 smb:1337 d:s ref:0 ;
in:584 out:586 type:b dur:2 cpbdur:2 q:48.09 aq:45.65 tex:448 mv:167 misc:489 imb:0 pmb:81 smb:1539 d:s ref:0 ;
in:586 out:587 type:b dur:2 cpbdur:2 q:48.09 aq:46.73 tex:1636 mv:1006 misc:694 imb:29 pmb:194 smb:1397 d:- ref:0 ;
in:591 out:588 type:P dur:2 cpbdur:2 q:48.14 aq:41.37 tex:9791 mv:5094 misc:1059 imb:545 pmb:291 smb:784 d:s ref:0 ;
in:589 out:589 type:B dur:2 cpbdur:2 q:48.14 aq:44.57 tex:4211 mv:2187 misc:994 imb:54 pmb:367 smb:1199 d:s ref:0 ;
in:588 out:590 type:b dur:2 cpbdur:2 q:48.14 aq:44.72 tex:2004 mv:371 misc:769 imb:0 pmb:277 smb:1343 d:s ref:0 ;
in:590 out:591 type:b dur:2 cpbdur:2 q:48.14 aq:45.55 tex:1820 mv:958 misc:750 imb:28 pmb:195 smb:1397 d:- ref:0 ;
in:594 out:592 type:P dur:2 cpbdur:2 q:48.22 aq:43.38 tex:11465 mv:5820 misc:875 imb:576 pmb:234 smb:810 d:s ref:0 ;
in:592 out:593 type:B dur:2 cpbdur:2 q:48.22 aq:47.25 tex:2695 mv:1296 misc:833 imb:25 pmb:220 smb:1375 d:t ref:0 ;
in:593 out:594 type:b dur:2 cpbdur:2 q:48.22 aq:48.74 tex:1833 mv:666 misc:725 imb:10 pmb:162 smb:1448 d:- ref:0 ;
in:598 out:595 type:P dur:2 cpbdur:2 q:48.32 aq:43.33 tex:11507 mv:6156 misc:897 imb:622 pmb:257 smb:741 d:s ref:0 ;
in:596 out:596 type:B dur:2 cpbdur:2 q:48.32 aq:47.36 tex:3522 mv:2036 misc:1018 imb:46 pmb:325 smb:1249 d:s ref:0 ;
in:595 out:597 type:b dur:2 cpbdur:2 q:48.32 aq:48.59 tex:951 mv:272 misc:705 imb:1 pmb:147 smb:1472 d:s ref:0 ;
in:597 out:598 type:b dur:2 cpbdur:2 q:48.32 aq:49.54 tex:1403 mv:530 misc:635 imb:9 pmb:122 smb:1489 d:- ref:0 ;
in:602 out:599 type:P dur:2 cpbdur:2 q:48.43 aq:44.38 tex:10537 mv:5186 misc:957 imb:568 pmb:227 smb:825 d:s ref:0 ;
in:600 out:600 type:B dur:2 cpbdur:2 q:48.43 aq:46.95 tex:3423 mv:1900 misc:1133 imb:39 pmb:313 smb:1268 d:s ref:0 ;
in:599 out:601 type:b dur:2 cpbdur:2 q:48.43 aq:47.19 tex:759 mv:271 misc:642 imb:0 pmb:149 smb:1471 d:s ref:0 ;
in:601 out:602 type:b dur:2 cpbdur:2 q:48.43 aq:48.43 tex:1807 mv:998 misc:899 imb:15 pmb:201 smb:1404 d:- ref:0 ;
in:604 out:603 type:P dur:2 cpbdur:2 q:48.51 aq:47.01 tex:5223 mv:3571 misc:1038 imb:353 pmb:235 smb:1032 d:s ref:0 ;
in:603 out:604 type:b dur:2 cpbdur:2 q:48.51 aq:46.30 tex:140 mv:25 misc:227 imb:0 pmb:10 smb:1610 d:s ref:0 ;
in:606 out:605 type:P dur:2 cpbdur:2 q:48.50 aq:40.98 tex:9629 mv:6422 misc:957 imb:856 pmb:310 smb:454 d:s ref:0 ;
in:605 out:606 type:b dur:2 cpbdur:2 q:48.51 aq:46.52 tex:2301 mv:1132 misc:815 imb:57 pmb:204 smb:1359 d:t ref:0 ;
in:610 out:607 type:P dur:2 cpbdur:2 q:48.59 aq:40.50 tex:9069 mv:5552 misc:875 imb:638 pmb:257 smb:725 d:s ref:0 ;
in:608 out:608 type:B dur:2 cpbdur:2 q:48.58 aq:47.48 tex:3296 mv:1369 misc:919 imb:13 pmb:321 smb:1286 d:s ref:0 ;
in:607 out:609 type:b dur:2 cpbdur:2 q:48.58 aq:48.39 tex:1869 mv:803 misc:800 imb:11 pmb:182 smb:1427 d:s ref:0 ;
in:609 out:610 type:b dur:2 cpbdur:2 q:48.58 aq:44.65 tex:911 mv:298 misc:695 imb:3 pmb:161 smb:1456 d:- ref:0 ;
in:614 out:611 type:P dur:2 cpbdur:2 q:48.68 aq:40.00 tex:10046 mv:5399 misc:1051 imb:684 pmb:267 smb:669 d:s ref:0 ;
in:612 out:612 type:B dur:2 cpbdur:2 q:48.67 aq:45.27 tex:3619 mv:1410 misc:1051 imb:10 pmb:414 smb:1196 d:s ref:0 ;
in:611 out:613 type:b dur:2 cpbdur:2 q:48.67 aq:47.98 tex:2102 mv:797 misc:741 imb:12 pmb:180 smb:1428 d:s ref:0 ;
in:613 out:614 type:b dur:2 cpbdur:2 q:48.67 aq:49.06 tex:793 mv:336 misc:599 imb:1 pmb:114 smb:1505 d:- ref:0 ;
in:616 out:615 type:P dur:2 cpbdur:2 q:48.75 aq:40.84 tex:6624 mv:3684 misc:940 imb:463 pmb:169 smb:988 d:s ref:0 ;
in:615 out:616 type:b dur:2 cpbdur:2 q:48.75 aq:46.34 tex:1600 mv:467 misc:645 imb:12 pmb:139 smb:1469 d:s ref:0 ;
in:618 out:617 type:P dur:2 cpbdur:2 q:48.75 aq:37.71 tex:5842 mv:3404 misc:938 imb:538 pmb:144 smb:938 d:s ref:0 ;
in:617 out:618 type:b dur:2 cpbdur:2 q:48.75 aq:49.03 tex:1001 mv:424 misc:663 imb:4 pmb:115 smb:1501 d:s ref:0 ;
in:622 out:619 type:P dur:2 cpbdur:2 q:48.79 aq:37.64 tex:4264 mv:2466 misc:830 imb:326 pmb:104 smb:1190 d:s ref:0 ;
in:620 out:620 type:B dur:2 cpbdur:2 q:48.79 aq:42.67 tex:1348 mv:772 misc:568 imb:21 pmb:124 smb:1475 d:t ref:0 ;
in:619 out:621 type:b dur:2 cpbdur:2 q:48.79 aq:38.79 tex:652 mv:257 misc:483 imb:10 pmb:98 smb:1512 d:s ref:0 ;
in:621 out:622 type:b dur:2 cpbdur:2 q:48.79 aq:43.31 tex:647 mv:293 misc:460 imb:6 pmb:94 smb:1520 d:- ref:0 ;
in:624 out:623 type:P dur:2 cpbdur:2 q:48.78 aq:38.24 tex:4768 mv:2787 misc:725 imb:273 pmb:138 smb:1209 d:s ref:0 ;
in:623 out:624 type:b dur:2 cpbdur:2 q:48.79 aq:42.90 tex:1182 mv:386 misc:432 imb:6 pmb:94 smb:1520 d:t ref:0 ;
in:628 out:625 type:P dur:2 cpbdur:2 q:48.75 aq:35.17 tex:4594 mv:2785 misc:973 imb:379 pmb:119 smb:1122 d:s ref:0 ;
in:626 out:626 type:B dur:2 cpbdur:2 q:48.78 aq:40.47 tex:1913 mv:571 misc:780 imb:18 pmb:219 smb:1383 d:s ref:0 ;
in:625 out:627 type:b dur:2 cpbdur:2 q:48.78 aq:41.54 tex:440 mv:135 misc:369 imb:0 pmb:64 smb:1556 d:s ref:0 ;
in:627 out:628 type:b dur:2 cpbdur:2 q:48.78 aq:38.63 tex:1712 mv:280 misc:816 imb:3 pmb:233 smb:1384 d:- ref:0 ;
in:632 out:629 type:P dur:2 cpbdur:2 q:48.76 aq:37.45 tex:4287 mv:1911 misc:586 imb:222 pmb:76 smb:1322 d:s ref:0 ;
in:630 out:630 type:B dur:2 cpbdur:2 q:48.76 aq:42.44 tex:720 mv:374 misc:458 imb:11 pmb:83 smb:1526 d:s ref:0 ;
in:629 out:631 type:b dur:2 cpbdur:2 q:48.76 aq:42.93 tex:201 mv:77 misc:298 imb:0 pmb:33 smb:1587 d:s ref:0 ;
in:631 out:632 type:b dur:2 cpbdur:2 q:48.76 aq:43.10 tex:377 mv:112 misc:351 imb:0 pmb:51 smb:1569 d:- ref:0 ;
in:636 out:633 type:P dur:2 cpbdur:2 q:48.71 aq:38.93 tex:3558 mv:1616 misc:538 imb:218 pmb:65 smb:1337 d:s ref:0 ;
in:634 out:634 type:B dur:2 cpbdur:2 q:48.76 aq:41.97 tex:1223 mv:383 misc:498 imb:7 pmb:106 smb:1507 d:s ref:0 ;
in:633 out:635 type:b dur:2 cpbdur:2 q:48.76 aq:43.32 tex:315 mv:144 misc:365 imb:3 pmb:50 smb:1567 d:s ref:0 ;
in:635 out:636 type:b dur:2 cpbdur:2 q:48.76 aq:43.29 tex:330 mv:119 misc:351 imb:0 pmb:48 smb:1572 d:- ref:0 ;
in:640 out:637 type:P dur:2 cpbdur:2 q:48.63 aq:38.45 tex:4237 mv:1935 misc:596 imb:262 pmb:63 smb:1295 d:s ref:0 ;
in:638 out:638 type:B dur:2 cpbdur:2 q:48.70 aq:42.01 tex:1192 mv:455 misc:585 imb:11 pmb:126 smb:1483 d:s ref:0 ;
in:637 out:639 type:b dur:2 cpbdur:2 q:48.71 aq:43.08 tex:533 mv:178 misc:353 imb:2 pmb:59 smb:1559 d:s ref:0 ;
in:639 out:640 type:b dur:2 cpbdur:2 q:48.70 aq:44.15 tex:337 mv:94 misc:353 imb:0 pmb:47 smb:1573 d:- ref:0 ;
in:644 out:641 type:P dur:2 cpbdur:2 q:48.57 aq:38.28 tex:4694 mv:2130 misc:640 imb:286 pmb:64 smb:1270 d:s ref:0 ;
in:642 out:642 type:B dur:2 cpbdur:2 q:48.63 aq:42.97 tex:1331 mv:405 misc:624 imb:10 pmb:146 smb:1464 d:s ref:0 ;
in:641 out:643 type:b dur:2 cpbdur:2 q:48.63 aq:44.33 tex:824 mv:240 misc:440 imb:5 pmb:85 smb:1530 d:s ref:0 ;
in:643 out:644 type:b dur:2 cpbdur:2 q:48.63 aq:44.04 tex:314 mv:85 misc:345 imb:0 pmb:45 smb:1575 d:- ref:0 ;
in:648 out:645 type:P dur:2 cpbdur:2 q:48.52 aq:38.16 tex:6149 mv:2676 misc:655 imb:356 pmb:103 smb:1161 d:s ref:0 ;
in:646 out:646 type:B dur:2 cpbdur:2 q:48.57 aq:43.52 tex:2377 mv:757 misc:706 imb:13 pmb:195 smb:1412 d:t ref:0 ;
in:645 out:647 type:b dur:2 cpbdur:2 q:48.57 aq:44.50 tex:1158 mv:209 misc:537 imb:6 pmb:106 smb:1508 d:s ref:0 ;
in:647 out:648 type:b dur:2 cpbdur:2 q:48.57 aq:44.90 tex:1449 mv:248 misc:551 imb:4 pmb:118 smb:1498 d:- ref:0 ;
in:652 out:649 type:P dur:2 cpbdur:2 q:48.50 aq:40.91 tex:5543 mv:2687 misc:714 imb:336 pmb:110 smb:1174 d:s ref:0 ;
in:650 out:650 type:B dur:2 cpbdur:2 q:48.52 aq:42.82 tex:2148 mv:567 misc:693 imb:9 pmb:191 smb:1420 d:t ref:0 ;
in:649 out:651 type:b dur:2 cpbdur:2 q:48.52 aq:45.05 tex:429 mv:118 misc:421 imb:0 pmb:60 smb:1560 d:s ref:0 ;
in:651 out:652 type:b dur:2 cpbdur:2 q:48.52 aq:43.38 tex:1624 mv:329 misc:639 imb:8 pmb:148 smb:1464 d:- ref:0 ;
in:654 out:653 type:P dur:2 cpbdur:2 q:48.48 aq:41.84 tex:6553 mv:3165 misc:706 imb:367 pmb:126 smb:1127 d:s ref:0 ;
in:653 out:654 type:b dur:2 cpbdur:2 q:48.50 aq:45.29 tex:1668 mv:355 misc:601 imb:4 pmb:156 smb:1460 d:t ref:0 ;
in:658 out:655 type:P dur:2 cpbdur:2 q:48.47 aq:39.07 tex:7549 mv:3755 misc:792 imb:462 pmb:153 smb:1005 d:s ref:0 ;
in:656 out:656 type:B dur:2 cpbdur:2 q:48.48 aq:44.20 tex:2628 mv:1086 misc:870 imb:20 pmb:254 smb:1346 d:t ref:0 ;
in:655 out:657 type:b dur:2 cpbdur:2 q:48.48 aq:44.69 tex:563 mv:134 misc:479 imb:0 pmb:76 smb:1544 d:s ref:0 ;
in:657 out:658 type:b dur:2 cpbdur:2 q:48.48 aq:45.35 tex:1983 mv:735 misc:714 imb:17 pmb:174 smb:1429 d:- ref:0 ;
in:662 out:659 type:P dur:2 cpbdur:2 q:48.52 aq:42.48 tex:7887 mv:3914 misc:839 imb:495 pmb:130 smb:995 d:s ref:0 ;
in:660 out:660 type:B dur:2 cpbdur:2 q:48.52 aq:44.81 tex:3265 mv:1540 misc:971 imb:41 pmb:299 smb:1280 d:t ref:0 ;
in:659 out:661 type:b dur:2 cpbdur:2 q:48.52 aq:44.30 tex:527 mv:178 misc:535 imb:0 pmb:96 smb:1524 d:s ref:0 ;
in:661 out:662 type:b dur:2 cpbdur:2 q:48.52 aq:45.88 tex:2507 mv:826 misc:843 imb:11 pmb:235 smb:1374 d:- ref:0 ;
in:666 out:663 type:P dur:2 cpbdur:2 q:48.56 aq:42.86 tex:8607 mv:4377 misc:880 imb:572 pmb:131 smb:917 d:s ref:0 ;
in:664 out:664 type:B dur:2 cpbdur:2 q:48.56 aq:43.77 tex:4146 mv:2308 misc:1098 imb:51 pmb:384 smb:1185 d:t ref:0 ;
in:663 out:665 type:b dur:2 cpbdur:2 q:48.56 aq:45.49 tex:1047 mv:273 misc:800 imb:1 pmb:181 smb:1438 d:s ref:0 ;
in:665 out:666 type:b dur:2 cpbdur:2 q:48.56 aq:46.70 tex:2750 mv:850 misc:928 imb:14 pmb:270 smb:1336 d:- ref:0 ;
in:670 out:667 type:P dur:2 cpbdur:2 q:48.62 aq:43.12 tex:8736 mv:4859 misc:1077 imb:549 pmb:201 smb:870 d:s ref:0 ;
in:668 out:668 type:B dur:2 cpbdur:2 q:48.62 aq:45.50 tex:4078 mv:2052 misc:1214 imb:60 pmb:394 smb:1166 d:t ref:0 ;
in:667 out:669 type:b dur:2 cpbdur:2 q:48.62 aq:47.15 tex:3035 mv:1113 misc:1044 imb:15 pmb:301 smb:1304 d:s ref:0 ;
in:669 out:670 type:b dur:2 cpbdur:2 q:48.62 aq:47.76 tex:1033 mv:262 misc:833 imb:0 pmb:178 smb:1442 d:- ref:0 ;
in:674 out:671 type:P dur:2 cpbdur:2 q:48.70 aq:43.67 tex:9869 mv:4880 misc:1179 imb:639 pmb:185 smb:796 d:s ref:0 ;
in:672 out:672 type:B dur:2 cpbdur:2 q:48.70 aq:46.03 tex:4486 mv:2452 misc:1254 imb:72 pmb:410 smb:1138 d:t ref:0 ;
in:671 out:673 type:b dur:2 cpbdur:2 q:48.70 aq:47.27 tex:3258 mv:1276 misc:1122 imb:30 pmb:315 smb:1275 d:s ref:0 ;
in:673 out:674 type:b dur:2 cpbdur:2 q:48.70 aq:48.40 tex:908 mv:273 misc:843 imb:1 pmb:183 smb:1436 d:- ref:0 ;
in:678 out:675 type:P dur:2 cpbdur:2 q:48.79 aq:43.73 tex:11466 mv:6321 misc:1245 imb:777 pmb:218 smb:625 d:s ref:0 ;
in:676 out:676 type:B dur:2 cpbdur:2 q:48.79 aq:47.56 tex:6403 mv:3423 misc:1406 imb:109 pmb:541 smb:970 d:t ref:0 ;
in:675 out:677 type:b dur:2 cpbdur:2 q:48.79 aq:48.45 tex:3674 mv:1520 misc:1190 imb:34 pmb:367 smb:1219 d:s ref:0 ;
in:677 out:678 type:b dur:2 cpbdur:2 q:48.79 aq:49.15 tex:3963 mv:1708 misc:1265 imb:40 pmb:359 smb:1221 d:- ref:0 ;
in:682 out:679 type:P dur:2 cpbdur:2 q:48.94 aq:44.98 tex:10035 mv:5134 misc:1343 imb:632 pmb:223 smb:765 d:s ref:0 ;
in:680 out:680 type:B dur:2 cpbdur:2 q:48.94 aq:48.61 tex:5535 mv:2515 misc:1462 imb:71 pmb:481 smb:1068 d:t ref:0 ;
in:679 out:681 type:b dur:2 cpbdur:2 q:48.94 aq:48.89 tex:1109 mv:340 misc:847 imb:2 pmb:179 smb:1439 d:s ref:0 ;
in:681 out:682 type:b dur:2 cpbdur:2 q:48.94 aq:49.16 tex:4326 mv:1076 misc:1262 imb:28 pmb:367 smb:1225 d:- ref:0 ;
in:686 out:683 type:P dur:2 cpbdur:2 q:49.08 aq:45.89 tex:10574 mv:5475 misc:1391 imb:706 pmb:212 smb:702 d:s ref:0 ;
in:684 out:684 type:B dur:2 cpbdur:2 q:49.08 aq:46.53 tex:7326 mv:3103 misc:1563 imb:81 pmb:555 smb:984 d:t ref:0 ;
in:683 out:685 type:b dur:2 cpbdur:2 q:49.08 aq:49.41 tex:3989 mv:1390 misc:1285 imb:30 pmb:352 smb:1238 d:s ref:0 ;
in:685 out:686 type:b dur:2 cpbdur:2 q:49.08 aq:49.76 tex:1596 mv:428 misc:1032 imb:0 pmb:246 smb:1374 d:- ref:0 ;
in:688 out:687 type:P dur:2 cpbdur:2 q:49.23 aq:44.56 tex:12954 mv:6004 misc:1482 imb:710 pmb:277 smb:633 d:s ref:0 ;
in:687 out:688 type:b dur:2 cpbdur:2 q:49.23 aq:49.55 tex:3688 mv:1240 misc:1256 imb:24 pmb:340 smb:1256 d:t ref:0 ;
in:692 out:689 type:P dur:2 cpbdur:2 q:49.72 aq:45.96 tex:10552 mv:5353 misc:1511 imb:683 pmb:252 smb:685 d:s ref:0 ;
in:690 out:690 type:B dur:2 cpbdur:2 q:49.72 aq:48.97 tex:6185 mv:2217 misc:1478 imb:67 pmb:466 smb:1087 d:t ref:0 ;
in:689 out:691 type:b dur:2 cpbdur:2 q:49.71 aq:49.53 tex:1162 mv:277 misc:825 imb:1 pmb:179 smb:1440 d:s ref:0 ;
in:691 out:692 type:b dur:2 cpbdur:2 q:49.72 aq:49.27 tex:4062 mv:1150 misc:1308 imb:24 pmb:365 smb:1231 d:- ref:0 ;
in:696 out:693 type:P dur:2 cpbdur:2 q:49.48 aq:45.53 tex:10744 mv:5782 misc:1498 imb:679 pmb:276 smb:665 d:s ref:0 ;
in:694 out:694 type:B dur:2 cpbdur:2 q:49.72 aq:48.05 tex:7427 mv:2864 misc:1509 imb:92 pmb:471 smb:1057 d:t ref:0 ;
in:693 out:695 type:b dur:2 cpbdur:2 q:49.72 aq:50.65 tex:381 mv:176 misc:371 imb:3 pmb:42 smb:1575 d:s ref:0 ;
in:695 out:696 type:b dur:2 cpbdur:2 q:49.72 aq:49.54 tex:4344 mv:1116 misc:1316 imb:25 pmb:362 smb:1233 d:- ref:0 ;
in:700 out:697 type:P dur:2 cpbdur:2 q:49.63 aq:45.27 tex:11960 mv:5155 misc:1573 imb:675 pmb:245 smb:700 d:s ref:0 ;
in:698 out:698 type:B dur:2 cpbdur:2 q:49.63 aq:48.89 tex:6355 mv:2061 misc:1448 imb:71 pmb:470 smb:1079 d:t ref:0 ;
in:697 out:699 type:b dur:2 cpbdur:2 q:49.63 aq:49.64 tex:4279 mv:1392 misc:1337 imb:27 pmb:365 smb:1228 d:s ref:0 ;
in:699 out:700 type:b dur:2 cpbdur:2 q:49.63 aq:47.37 tex:1319 mv:351 misc:834 imb:8 pmb:164 smb:1448 d:- ref:0 ;
in:703 out:701 type:P dur:2 cpbdur:2 q:49.76 aq:45.15 tex:12437 mv:5912 misc:1483 imb:718 pmb:248 smb:654 d:s ref:0 ;
in:701 out:702 type:B dur:2 cpbdur:2 q:49.76 aq:48.99 tex:5529 mv:1917 misc:1346 imb:66 pmb:383 smb:1171 d:t ref:0 ;
in:702 out:703 type:b dur:2 cpbdur:2 q:49.76 aq:49.34 tex:3974 mv:1329 misc:1241 imb:19 pmb:355 smb:1246 d:- ref:0 ;
in:707 out:704 type:P dur:2 cpbdur:2 q:49.88 aq:46.20 tex:10648 mv:5177 misc:1463 imb:622 pmb:266 smb:732 d:s ref:0 ;
in:705 out:705 type:B dur:2 cpbdur:2 q:49.88 aq:48.47 tex:5568 mv:2066 misc:1366 imb:85 pmb:375 smb:1160 d:t ref:0 ;
in:704 out:706 type:b dur:2 cpbdur:2 q:49.88 aq:49.89 tex:1091 mv:216 misc:773 imb:0 pmb:150 smb:1470 d:s ref:0 ;
in:706 out:707 type:b dur:2 cpbdur:2 q:49.88 aq:49.39 tex:3726 mv:1202 misc:1224 imb:32 pmb:323 smb:1265 d:- ref:0 ;
in:711 out:708 type:P dur:2 cpbdur:2 q:50.03 aq:45.30 tex:10548 mv:5086 misc:1454 imb:697 pmb:213 smb:710 d:s ref:0 ;
in:709 out:709 type:B dur:2 cpbdur:2 q:50.03 aq:47.36 tex:5817 mv:2366 misc:1361 imb:73 pmb:413 smb:1134 d:s ref:0 ;
in:708 out:710 type:b dur:2 cpbdur:2 q:50.03 aq:48.59 tex:137 mv:29 misc:218 imb:0 pmb:11 smb:1609 d:s ref:0 ;
in:710 out:711 type:b dur:2 cpbdur:2 q:50.03 aq:48.74 tex:3215 mv:1065 misc:1128 imb:16 pmb:296 smb:1308 d:- ref:0 ;
in:715 out:712 type:P dur:2 cpbdur:2 q:50.14 aq:45.72 tex:10582 mv:5248 misc:1298 imb:708 pmb:232 smb:680 d:s ref:0 ;
in:713 out:713 type:B dur:2 cpbdur:2 q:50.14 aq:49.05 tex:5493 mv:1899 misc:1288 imb:62 pmb:385 smb:1173 d:t ref:0 ;
in:712 out:714 type:b dur:2 cpbdur:2 q:50.14 aq:49.45 tex:4183 mv:1147 misc:1174 imb:24 pmb:310 smb:1286 d:s ref:0 ;
in:714 out:715 type:b dur:2 cpbdur:2 q:50.14 aq:48.85 tex:931 mv:210 misc:731 imb:0 pmb:137 smb:1483 d:- ref:0 ;
in:719 out:716 type:P dur:2 cpbdur:2 q:50.23 aq:45.77 tex:10563 mv:5153 misc:1364 imb:737 pmb:231 smb:652 d:s ref:0 ;
in:717 out:717 type:B dur:2 cpbdur:2 q:50.23 aq:48.96 tex:6402 mv:2252 misc:1370 imb:76 pmb:398 smb:1146 d:t ref:0 ;
in:716 out:718 type:b dur:2 cpbdur:2 q:50.23 aq:49.57 tex:3690 mv:1151 misc:1159 imb:13 pmb:327 smb:1280 d:s ref:0 ;
in:718 out:719 type:b dur:2 cpbdur:2 q:50.23 aq:48.28 tex:1201 mv:272 misc:791 imb:1 pmb:163 smb:1456 d:- ref:0 ;
in:723 out:720 type:P dur:2 cpbdur:2 q:50.36 aq:44.58 tex:10345 mv:5978 misc:1221 imb:896 pmb:207 smb:517 d:s ref:0 ;
in:721 out:721 type:B dur:2 cpbdur:2 q:50.36 aq:48.79 tex:7341 mv:2971 misc:1360 imb:101 pmb:435 smb:1084 d:t ref:0 ;
in:720 out:722 type:b dur:2 cpbdur:2 q:50.35 aq:49.02 tex:2828 mv:1217 misc:1075 imb:21 pmb:267 smb:1332 d:s ref:0 ;
in:722 out:723 type:b dur:2 cpbdur:2 q:50.36 aq:49.37 tex:2873 mv:978 misc:1061 imb:22 pmb:243 smb:1355 d:- ref:0 ;
in:727 out:724 type:P dur:2 cpbdur:2 q:50.49 aq:46.02 tex:8317 mv:4638 misc:1469 imb:701 pmb:244 smb:675 d:s ref:0 ;
in:725 out:725 type:B dur:2 cpbdur:2 q:50.49 aq:48.43 tex:5179 mv:2098 misc:1203 imb:60 pmb:344 smb:1216 d:s ref:0 ;
in:724 out:726 type:b dur:2 cpbdur:2 q:50.49 aq:48.49 tex:740 mv:162 misc:634 imb:0 pmb:113 smb:1507 d:s ref:0 ;
in:726 out:727 type:b dur:2 cpbdur:2 q:50.49 aq:49.49 tex:3753 mv:1411 misc:1124 imb:25 pmb:310 smb:1285 d:- ref:0 ;
in:729 out:728 type:P dur:2 cpbdur:2 q:50.59 aq:44.97 tex:12136 mv:5710 misc:1330 imb:812 pmb:255 smb:553 d:s ref:0 ;
in:728 out:729 type:b dur:2 cpbdur:2 q:50.59 aq:48.29 tex:1967 mv:1396 misc:1037 imb:19 pmb:260 smb:1341 d:s ref:0 ;
in:733 out:730 type:P dur:2 cpbdur:2 q:50.63 aq:44.01 tex:9029 mv:5885 misc:1270 imb:854 pmb:257 smb:509 d:s ref:0 ;
in:731 out:731 type:B dur:2 cpbdur:2 q:50.62 aq:48.45 tex:4637 mv:2863 misc:1252 imb:94 pmb:342 smb:1184 d:t ref:0 ;
in:730 out:732 type:b dur:2 cpbdur:2 q:50.62 aq:48.85 tex:786 mv:280 misc:678 imb:2 pmb:133 smb:1485 d:s ref:0 ;
in:732 out:733 type:b dur:2 cpbdur:2 q:50.62 aq:48.11 tex:2500 mv:1564 misc:1088 imb:31 pmb:276 smb:1313 d:- ref:0 ;
in:737 out:734 type:P dur:2 cpbdur:2 q:50.78 aq:43.00 tex:7410 mv:4632 misc:1270 imb:701 pmb:159 smb:760 d:s ref:0 ;
in:735 out:735 type:B dur:2 cpbdur:2 q:50.78 aq:48.29 tex:5125 mv:2766 misc:1221 imb:79 pmb:349 smb:1192 d:s ref:0 ;
in:734 out:736 type:b dur:2 cpbdur:2 q:50.78 aq:48.83 tex:1284 mv:311 misc:765 imb:3 pmb:170 smb:1447 d:s ref:0 ;
in:736 out:737 type:b dur:2 cpbdur:2 q:50.78 aq:48.03 tex:2501 mv:1522 misc:1009 imb:17 pmb:266 smb:1337 d:- ref:0 ;
in:741 out:738 type:P dur:2 cpbdur:2 q:50.86 aq:42.53 tex:7885 mv:4248 misc:1283 imb:608 pmb:150 smb:862 d:s ref:0 ;
in:739 out:739 type:B dur:2 cpbdur:2 q:50.86 aq:47.21 tex:6174 mv:2990 misc:1148 imb:97 pmb:373 smb:1150 d:t ref:0 ;
in:738 out:740 type:b dur:2 cpbdur:2 q:50.86 aq:48.13 tex:1124 mv:462 misc:814 imb:8 pmb:172 smb:1440 d:s ref:0 ;
in:740 out:741 type:b dur:2 cpbdur:2 q:50.86 aq:49.47 tex:3048 mv:1580 misc:988 imb:14 pmb:285 smb:1321 d:- ref:0 ;
in:744 out:742 type:P dur:2 cpbdur:2 q:50.94 aq:43.11 tex:9289 mv:4101 misc:1066 imb:449 pmb:187 smb:984 d:s ref:0 ;
in:742 out:743 type:B dur:2 cpbdur:2 q:50.94 aq:47.57 tex:3058 mv:2210 misc:1076 imb:61 pmb:270 smb:1289 d:s ref:0 ;
in:743 out:744 type:b dur:2 cpbdur:2 q:50.94 aq:49.22 tex:3357 mv:1901 misc:990 imb:19 pmb:281 smb:1320 d:- ref:0 ;
in:748 out:745 type:P dur:2 cpbdur:2 q:51.02 aq:43.17 tex:9887 mv:4206 misc:1067 imb:440 pmb:200 smb:980 d:s ref:0 ;
in:746 out:746 type:B dur:2 cpbdur:2 q:51.02 aq:47.72 tex:3198 mv:2223 misc:1067 imb:62 pmb:265 smb:1293 d:s ref:0 ;
in:745 out:747 type:b dur:2 cpbdur:2 q:51.02 aq:49.08 tex:711 mv:236 misc:685 imb:2 pmb:131 smb:1487 d:s ref:0 ;
in:747 out:748 type:b dur:2 cpbdur:2 q:51.02 aq:49.83 tex:2363 mv:1284 misc:897 imb:10 pmb:227 smb:1383 d:- ref:0 ;
in:752 out:749 type:P dur:2 cpbdur:2 q:51.12 aq:43.36 tex:8320 mv:3547 misc:1013 imb:384 pmb:186 smb:1050 d:s ref:0 ;
in:750 out:750 type:B dur:2 cpbdur:2 q:51.12 aq:48.53 tex:3637 mv:2314 misc:1017 imb:67 pmb:267 smb:1286 d:s ref:0 ;
in:749 out:751 type:b dur:2 cpbdur:2 q:51.12 aq:48.74 tex:785 mv:270 misc:673 imb:3 pmb:130 smb:1487 d:s ref:0 ;
in:751 out:752 type:b dur:2 cpbdur:2 q:51.12 aq:49.24 tex:1805 mv:1067 misc:864 imb:11 pmb:205 smb:1404 d:- ref:0 ;
in:756 out:753 type:P dur:2 cpbdur:2 q:51.16 aq:45.94 tex:7625 mv:3391 misc:1008 imb:360 pmb:171 smb:1089 d:s ref:0 ;
in:754 out:754 type:B dur:2 cpbdur:2 q:51.16 aq:48.86 tex:3964 mv:2180 misc:1024 imb:44 pmb:322 smb:1254 d:s ref:0 ;
in:753 out:755 type:b dur:2 cpbdur:2 q:51.16 aq:49.53 tex:945 mv:314 misc:637 imb:2 pmb:129 smb:1489 d:s ref:0 ;
in:755 out:756 type:b dur:2 cpbdur:2 q:51.16 aq:48.87 tex:2095 mv:1350 misc:931 imb:29 pmb:216 smb:1375 d:- ref:0 ;
in:759 out:757 type:P dur:2 cpbdur:2 q:51.21 aq:44.72 tex:7977 mv:3774 misc:993 imb:378 pmb:191 smb:1051 d:s ref:0 ;
in:757 out:758 type:B dur:2 cpbdur:2 q:51.21 aq:48.88 tex:3444 mv:1948 misc:1008 imb:44 pmb:257 smb:1319 d:s ref:0 ;
in:758 out:759 type:b dur:2 cpbdur:2 q:51.21 aq:48.84 tex:1802 mv:1467 misc:979 imb:19 pmb:219 smb:1382 d:- ref:0 ;
in:763 out:760 type:P dur:2 cpbdur:2 q:51.25 aq:44.65 tex:7607 mv:3981 misc:1068 imb:357 pmb:190 smb:1073 d:s ref:0 ;
in:761 out:761 type:B dur:2 cpbdur:2 q:51.25 aq:48.62 tex:3114 mv:2123 misc:1139 imb:45 pmb:299 smb:1276 d:t ref:0 ;
in:760 out:762 type:b dur:2 cpbdur:2 q:51.25 aq:49.79 tex:738 mv:270 misc:704 imb:0 pmb:134 smb:1486 d:s ref:0 ;
in:762 out:763 type:b dur:2 cpbdur:2 q:51.25 aq:49.22 tex:2217 mv:1379 misc:1012 imb:11 pmb:251 smb:1358 d:- ref:0 ;
in:767 out:764 type:P dur:2 cpbdur:2 q:51.32 aq:45.84 tex:7239 mv:3661 misc:1172 imb:359 pmb:177 smb:1084 d:s ref:0 ;
in:765 out:765 type:B dur:2 cpbdur:2 q:51.32 aq:48.39 tex:2803 mv:2348 misc:1169 imb:47 pmb:329 smb:1244 d:t ref:0 ;
in:764 out:766 type:b dur:2 cpbdur:2 q:51.32 aq:48.77 tex:602 mv:358 misc:656 imb:7 pmb:118 smb:1495 d:s ref:0 ;
in:766 out:767 type:b dur:2 cpbdur:2 q:51.32 aq:47.83 tex:2255 mv:1292 misc:949 imb:13 pmb:247 smb:1360 d:- ref:0 ;
in:769 out:768 type:P dur:2 cpbdur:2 q:51.36 aq:47.23 tex:4797 mv:2768 misc:1179 imb:245 pmb:163 smb:1212 d:s ref:0 ;
in:768 out:769 type:b dur:2 cpbdur:2 q:51.36 aq:49.26 tex:968 mv:361 misc:751 imb:5 pmb:155 smb:1460 d:s ref:0 ;
in:771 out:770 type:P dur:2 cpbdur:2 q:51.36 aq:44.47 tex:7108 mv:3436 misc:1184 imb:387 pmb:149 smb:1084 d:s ref:0 ;
in:770 out:771 type:b dur:2 cpbdur:2 q:51.36 aq:48.67 tex:1788 mv:1210 misc:930 imb:11 pmb:240 smb:1369 d:s ref:0 ;
in:774 out:772 type:P dur:2 cpbdur:2 q:51.39 aq:43.02 tex:7844 mv:3657 misc:1067 imb:426 pmb:134 smb:1060 d:s ref:0 ;
in:772 out:773 type:B dur:2 cpbdur:2 q:51.38 aq:48.84 tex:3323 mv:2337 misc:1108 imb:40 pmb:289 smb:1291 d:t ref:0 ;
in:773 out:774 type:b dur:2 cpbdur:2 q:51.38 aq:47.82 tex:2129 mv:1535 misc:952 imb:31 pmb:227 smb:1362 d:- ref:0 ;
in:777 out:775 type:P dur:2 cpbdur:2 q:51.47 aq:45.69 tex:5765 mv:2938 misc:1145 imb:324 pmb:143 smb:1153 d:s ref:0 ;
in:775 out:776 type:B dur:2 cpbdur:2 q:51.47 aq:48.96 tex:437 mv:272 misc:699 imb:4 pmb:123 smb:1493 d:s ref:0 ;
in:776 out:777 type:b dur:2 cpbdur:2 q:51.47 aq:49.41 tex:2600 mv:1555 misc:893 imb:21 pmb:230 smb:1369 d:- ref:0 ;
in:781 out:778 type:P dur:2 cpbdur:2 q:51.50 aq:43.39 tex:6823 mv:3816 misc:1193 imb:498 pmb:146 smb:976 d:s ref:0 ;
in:779 out:779 type:B dur:2 cpbdur:2 q:51.50 aq:47.05 tex:2654 mv:2143 misc:1011 imb:43 pmb:300 smb:1277 d:s ref:0 ;
in:778 out:780 type:b dur:2 cpbdur:2 q:51.50 aq:49.08 tex:748 mv:377 misc:643 imb:3 pmb:132 smb:1485 d:s ref:0 ;
in:780 out:781 type:b dur:2 cpbdur:2 q:51.50 aq:49.25 tex:2852 mv:1262 misc:862 imb:12 pmb:257 smb:1351 d:- ref:0 ;
in:783 out:782 type:P dur:2 cpbdur:2 q:51.54 aq:43.97 tex:5810 mv:2907 misc:1067 imb:331 pmb:121 smb:1168 d:s ref:0 ;
in:782 out:783 type:b dur:2 cpbdur:2 q:51.54 aq:47.28 tex:1902 mv:1386 misc:872 imb:32 pmb:225 smb:1363 d:t ref:0 ;
in:787 out:784 type:P dur:2 cpbdur:2 q:51.55 aq:43.28 tex:4892 mv:2793 misc:1003 imb:341 pmb:102 smb:1177 d:s ref:0 ;
in:785 out:785 type:B dur:2 cpbdur:2 q:51.55 aq:49.01 tex:3109 mv:1825 misc:1018 imb:24 pmb:292 smb:1304 d:s ref:0 ;
in:784 out:786 type:b dur:2 cpbdur:2 q:51.55 aq:48.26 tex:1104 mv:339 misc:629 imb:7 pmb:131 smb:1482 d:s ref:0 ;
in:786 out:787 type:b dur:2 cpbdur:2 q:51.55 aq:47.22 tex:2372 mv:1365 misc:895 imb:24 pmb:244 smb:1352 d:- ref:0 ;
in:789 out:788 type:P dur:2 cpbdur:2 q:51.59 aq:45.01 tex:5044 mv:2653 misc:895 imb:299 pmb:121 smb:1200 d:s ref:0 ;
in:788 out:789 type:b dur:2 cpbdur:2 q:51.59 aq:49.59 tex:2824 mv:1315 misc:893 imb:26 pmb:265 smb:1329 d:t ref:0 ;
in:790 out:790 type:P dur:2 cpbdur:2 q:51.60 aq:47.84 tex:37 mv:18 misc:177 imb:1 pmb:1 smb:1618 d:s ref:0 ;
in:791 out:791 type:I dur:2 cpbdur:2 q:48.42 aq:37.04 tex:13212 mv:6071 misc:133 imb:1620 pmb:0 smb:0 d:s ref:;
in:793 out:792 type:P dur:2 cpbdur:2 q:51.64 aq:45.11 tex:4707 mv:2466 misc:899 imb:268 pmb:123 smb:1229 d:s ref:0 w:7,127,0 ;
in:792 out:793 type:b dur:2 cpbdur:2 q:51.64 aq:48.17 tex:1686 mv:1038 misc:812 imb:9 pmb:196 smb:1415 d:t ref:0 ;
in:797 out:794 type:P dur:2 cpbdur:2 q:51.67 aq:44.27 tex:5171 mv:2875 misc:786 imb:331 pmb:111 smb:1178 d:s ref:0 ;
in:795 out:795 type:B dur:2 cpbdur:2 q:51.67 aq:47.56 tex:1981 mv:1639 misc:860 imb:50 pmb:214 smb:1356 d:s ref:0 ;
in:794 out:796 type:b dur:2 cpbdur:2 q:51.67 aq:50.02 tex:612 mv:238 misc:622 imb:1 pmb:137 smb:1482 d:s ref:0 ;
in:796 out:797 type:b dur:2 cpbdur:2 q:51.67 aq:49.92 tex:999 mv:1158 misc:707 imb:11 pmb:157 smb:1452 d:- ref:0 ;
in:801 out:798 type:P dur:2 cpbdur:2 q:51.69 aq:41.48 tex:4486 mv:2422 misc:724 imb:315 pmb:88 smb:1217 d:s ref:0 ;
in:799 out:799 type:B dur:2 cpbdur:2 q:51.69 aq:48.79 tex:2819 mv:2201 misc:772 imb:84 pmb:243 smb:1293 d:s ref:0 ;
in:798 out:800 type:b dur:2 cpbdur:2 q:51.69 aq:47.44 tex:551 mv:294 misc:619 imb:2 pmb:142 smb:1476 d:s ref:0 ;
in:800 out:801 type:b dur:2 cpbdur:2 q:51.69 aq:50.20 tex:1506 mv:1379 misc:723 imb:21 pmb:182 smb:1417 d:- ref:0 ;
in:804 out:802 type:P dur:2 cpbdur:2 q:51.69 aq:40.24 tex:5249 mv:2726 misc:625 imb:374 pmb:93 smb:1153 d:s ref:0 ;
in:802 out:803 type:B dur:2 cpbdur:2 q:51.69 aq:47.78 tex:1809 mv:1463 misc:736 imb:35 pmb:193 smb:1392 d:s ref:0 ;
in:803 out:804 type:b dur:2 cpbdur:2 q:51.69 aq:47.92 tex:1087 mv:878 misc:659 imb:20 pmb:141 smb:1459 d:- ref:0 ;
in:808 out:805 type:P dur:2 cpbdur:2 q:51.69 aq:39.04 tex:4470 mv:2164 misc:526 imb:287 pmb:76 smb:1257 d:s ref:0 ;
in:806 out:806 type:B dur:2 cpbdur:2 q:51.69 aq:47.63 tex:2192 mv:1192 misc:672 imb:23 pmb:204 smb:1393 d:s ref:0 ;
in:805 out:807 type:b dur:2 cpbdur:2 q:51.69 aq:42.11 tex:486 mv:143 misc:435 imb:0 pmb:71 smb:1549 d:s ref:0 ;
in:807 out:808 type:b dur:2 cpbdur:2 q:51.69 aq:47.67 tex:1218 mv:790 misc:560 imb:11 pmb:138 smb:1471 d:- ref:0 ;
in:812 out:809 type:P dur:2 cpbdur:2 q:51.68 aq:38.71 tex:3386 mv:1998 misc:448 imb:226 pmb:69 smb:1325 d:s ref:0 ;
in:810 out:810 type:B dur:2 cpbdur:2 q:51.69 aq:46.90 tex:2153 mv:1303 misc:632 imb:28 pmb:192 smb:1400 d:s ref:0 ;
in:809 out:811 type:b dur:2 cpbdur:2 q:51.69 aq:44.34 tex:576 mv:184 misc:416 imb:2 pmb:89 smb:1529 d:s ref:0 ;
in:811 out:812 type:b dur:2 cpbdur:2 q:51.69 aq:47.67 tex:1866 mv:756 misc:586 imb:7 pmb:161 smb:1452 d:- ref:0 ;
in:816 out:813 type:P dur:2 cpbdur:2 q:51.65 aq:39.97 tex:3364 mv:1583 misc:381 imb:191 pmb:55 smb:1374 d:s ref:0 ;
in:814 out:814 type:B dur:2 cpbdur:2 q:51.68 aq:46.48 tex:2075 mv:955 misc:538 imb:17 pmb:181 smb:1422 d:t ref:0 ;
in:813 out:815 type:b dur:2 cpbdur:2 q:51.68 aq:47.16 tex:773 mv:294 misc:461 imb:3 pmb:98 smb:1519 d:s ref:0 ;
in:815 out:816 type:b dur:2 cpbdur:2 q:51.68 aq:47.73 tex:1647 mv:600 misc:521 imb:9 pmb:141 smb:1470 d:- ref:0 ;
in:819 out:817 type:P dur:2 cpbdur:2 q:51.62 aq:45.82 tex:3836 mv:1704 misc:420 imb:164 pmb:79 smb:1377 d:s ref:0 ;
in:817 out:818 type:B dur:2 cpbdur:2 q:51.65 aq:46.47 tex:1387 mv:769 misc:516 imb:14 pmb:118 smb:1488 d:t ref:0 ;
in:818 out:819 type:b dur:2 cpbdur:2 q:51.65 aq:50.52 tex:1579 mv:516 misc:521 imb:4 pmb:133 smb:1483 d:- ref:0 ;
in:823 out:820 type:P dur:2 cpbdur:2 q:51.60 aq:40.96 tex:3879 mv:1624 misc:569 imb:167 pmb:84 smb:1369 d:s ref:0 ;
in:821 out:821 type:B dur:2 cpbdur:2 q:51.62 aq:49.48 tex:1588 mv:982 misc:590 imb:23 pmb:142 smb:1455 d:s ref:0 ;
in:820 out:822 type:b dur:2 cpbdur:2 q:51.62 aq:45.48 tex:557 mv:127 misc:372 imb:0 pmb:60 smb:1560 d:s ref:0 ;
in:822 out:823 type:b dur:2 cpbdur:2 q:51.62 aq:47.01 tex:1622 mv:532 misc:574 imb:5 pmb:137 smb:1478 d:- ref:0 ;
in:827 out:824 type:P dur:2 cpbdur:2 q:51.57 aq:45.67 tex:3360 mv:1602 misc:590 imb:170 pmb:72 smb:1378 d:s ref:0 ;
in:825 out:825 type:B dur:2 cpbdur:2 q:51.60 aq:46.42 tex:1609 mv:980 misc:635 imb:29 pmb:137 smb:1454 d:t ref:0 ;
in:824 out:826 type:b dur:2 cpbdur:2 q:51.60 aq:46.69 tex:509 mv:152 misc:387 imb:0 pmb:64 smb:1556 d:s ref:0 ;
in:826 out:827 type:b dur:2 cpbdur:2 q:51.60 aq:48.88 tex:1591 mv:632 misc:625 imb:10 pmb:138 smb:1472 d:- ref:0 ;
in:829 out:828 type:P dur:2 cpbdur:2 q:51.53 aq:42.93 tex:2913 mv:1421 misc:738 imb:178 pmb:60 smb:1382 d:s ref:0 ;
in:828 out:829 type:b dur:2 cpbdur:2 q:51.57 aq:46.80 tex:418 mv:138 misc:500 imb:1 pmb:84 smb:1535 d:s ref:0 ;
in:831 out:830 type:P dur:2 cpbdur:2 q:51.51 aq:44.60 tex:3973 mv:1836 misc:767 imb:211 pmb:77 smb:1332 d:s ref:0 ;
in:830 out:831 type:b dur:2 cpbdur:2 q:51.53 aq:47.93 tex:1668 mv:798 misc:718 imb:12 pmb:159 smb:1449 d:s ref:0 ;
in:833 out:832 type:P dur:2 cpbdur:2 q:51.49 aq:45.51 tex:3986 mv:1878 misc:808 imb:268 pmb:69 smb:1283 d:s ref:0 ;
in:832 out:833 type:b dur:2 cpbdur:2 q:51.51 aq:48.46 tex:1631 mv:726 misc:747 imb:11 pmb:163 smb:1446 d:s ref:0 ;
in:835 out:834 type:P dur:2 cpbdur:2 q:51.50 aq:43.77 tex:3663 mv:1703 misc:874 imb:167 pmb:95 smb:1358 d:s ref:0 ;
in:834 out:835 type:b dur:2 cpbdur:2 q:51.50 aq:48.51 tex:535 mv:157 misc:588 imb:0 pmb:95 smb:1525 d:s ref:0 ;
in:839 out:836 type:P dur:2 cpbdur:2 q:51.50 aq:44.85 tex:5261 mv:2332 misc:895 imb:291 pmb:87 smb:1242 d:s ref:0 ;
in:837 out:837 type:B dur:2 cpbdur:2 q:51.50 aq:48.03 tex:3005 mv:1459 misc:920 imb:39 pmb:237 smb:1344 d:s ref:0 ;
in:836 out:838 type:b dur:2 cpbdur:2 q:51.50 aq:47.29 tex:2752 mv:978 misc:886 imb:21 pmb:209 smb:1390 d:s ref:0 ;
in:838 out:839 type:b dur:2 cpbdur:2 q:51.50 aq:47.12 tex:731 mv:206 misc:599 imb:2 pmb:106 smb:1512 d:- ref:0 ;
in:843 out:840 type:P dur:2 cpbdur:2 q:51.51 aq:44.55 tex:8304 mv:2859 misc:821 imb:380 pmb:93 smb:1147 d:s ref:0 ;
in:841 out:841 type:B dur:2 cpbdur:2 q:51.51 aq:47.69 tex:3953 mv:2136 misc:1015 imb:50 pmb:313 smb:1257 d:s ref:0 ;
in:840 out:842 type:b dur:2 cpbdur:2 q:51.51 aq:49.75 tex:3492 mv:1405 misc:839 imb:31 pmb:246 smb:1343 d:s ref:0 ;
in:842 out:843 type:b dur:2 cpbdur:2 q:51.51 aq:48.53 tex:2890 mv:1419 misc:931 imb:24 pmb:242 smb:1354 d:- ref:0 ;
in:845 out:844 type:P dur:2 cpbdur:2 q:51.56 aq:44.22 tex:4414 mv:2042 misc:984 imb:226 pmb:98 smb:1296 d:s ref:0 ;
in:844 out:845 type:b dur:2 cpbdur:2 q:51.55 aq:48.71 tex:783 mv:295 misc:658 imb:2 pmb:133 smb:1485 d:s ref:0 ;
in:847 out:846 type:P dur:2 cpbdur:2 q:51.57 aq:45.50 tex:6501 mv:2721 misc:954 imb:354 pmb:108 smb:1158 d:s ref:0 ;
in:846 out:847 type:b dur:2 cpbdur:2 q:51.57 aq:48.79 tex:2998 mv:1553 misc:969 imb:25 pmb:250 smb:1345 d:t ref:0 ;
in:849 out:848 type:P dur:2 cpbdur:2 q:51.58 aq:44.97 tex:8275 mv:2980 misc:953 imb:364 pmb:121 smb:1135 d:s ref:0 ;
in:848 out:849 type:b dur:2 cpbdur:2 q:51.58 aq:49.01 tex:2612 mv:1730 misc:962 imb:14 pmb:260 smb:1346 d:t ref:0 ;
in:851 out:850 type:P dur:2 cpbdur:2 q:51.63 aq:45.64 tex:5192 mv:2361 misc:967 imb:254 pmb:107 smb:1259 d:s ref:0 ;
in:850 out:851 type:b dur:2 cpbdur:2 q:51.63 aq:49.32 tex:677 mv:249 misc:682 imb:3 pmb:134 smb:1483 d:s ref:0 ;
in:853 out:852 type:P dur:2 cpbdur:2 q:51.66 aq:44.76 tex:8343 mv:3010 misc:1063 imb:333 pmb:130 smb:1157 d:s ref:0 ;
in:852 out:853 type:b dur:2 cpbdur:2 q:51.66 aq:49.73 tex:2959 mv:1624 misc:953 imb:27 pmb:242 smb:1351 d:t ref:0 ;
in:857 out:854 type:P dur:2 cpbdur:2 q:51.69 aq:44.11 tex:6957 mv:3379 misc:848 imb:383 pmb:122 smb:1115 d:s ref:0 ;
in:855 out:855 type:B dur:2 cpbdur:2 q:51.69 aq:48.69 tex:3906 mv:2311 misc:1039 imb:61 pmb:301 smb:1258 d:s ref:0 ;
in:854 out:856 type:b dur:2 cpbdur:2 q:51.69 aq:49.07 tex:921 mv:303 misc:704 imb:2 pmb:149 smb:1469 d:s ref:0 ;
in:856 out:857 type:b dur:2 cpbdur:2 q:51.69 aq:49.64 tex:3009 mv:1666 misc:973 imb:16 pmb:267 smb:1337 d:- ref:0 ;
in:861 out:858 type:P dur:2 cpbdur:2 q:51.77 aq:45.04 tex:6434 mv:3423 misc:951 imb:323 pmb:131 smb:1166 d:s ref:0 ;
in:859 out:859 type:B dur:2 cpbdur:2 q:51.76 aq:48.78 tex:4613 mv:2380 misc:1039 imb:67 pmb:299 smb:1254 d:s ref:0 ;
in:858 out:860 type:b dur:2 cpbdur:2 q:51.76 aq:48.44 tex:862 mv:392 misc:730 imb:6 pmb:153 smb:1461 d:s ref:0 ;
in:860 out:861 type:b dur:2 cpbdur:2 q:51.77 aq:49.52 tex:2764 mv:1891 misc:929 imb:32 pmb:253 smb:1335 d:- ref:0 ;
in:864 out:862 type:P dur:2 cpbdur:2 q:51.82 aq:44.47 tex:8810 mv:3942 misc:928 imb:354 pmb:168 smb:1098 d:s ref:0 ;
in:862 out:863 type:B dur:2 cpbdur:2 q:51.81 aq:49.04 tex:3588 mv:2051 misc:1001 imb:52 pmb:244 smb:1324 d:t ref:0 ;
in:863 out:864 type:b dur:2 cpbdur:2 q:51.81 aq:50.15 tex:3206 mv:1744 misc:954 imb:21 pmb:258 smb:1341 d:- ref:0 ;
in:868 out:865 type:P dur:2 cpbdur:2 q:51.87 aq:44.74 tex:9162 mv:3862 misc:1000 imb:354 pmb:170 smb:1096 d:s ref:0 ;
in:866 out:866 type:B dur:2 cpbdur:2 q:51.87 aq:49.03 tex:3873 mv:2084 misc:995 imb:51 pmb:235 smb:1334 d:t ref:0 ;
in:865 out:867 type:b dur:2 cpbdur:2 q:51.87 aq:49.37 tex:641 mv:369 misc:654 imb:2 pmb:124 smb:1494 d:s ref:0 ;
in:867 out:868 type:b dur:2 cpbdur:2 q:51.87 aq:49.51 tex:2343 mv:1410 misc:863 imb:22 pmb:191 smb:1407 d:- ref:0 ;
in:872 out:869 type:P dur:2 cpbdur:2 q:51.95 aq:46.35 tex:7198 mv:3200 misc:1058 imb:258 pmb:184 smb:1178 d:s ref:0 ;
in:870 out:870 type:B dur:2 cpbdur:2 q:51.95 aq:49.00 tex:2619 mv:1454 misc:871 imb:45 pmb:157 smb:1418 d:s ref:0 ;
in:869 out:871 type:b dur:2 cpbdur:2 q:51.95 aq:49.18 tex:628 mv:203 misc:545 imb:2 pmb:86 smb:1532 d:s ref:0 ;
in:871 out:872 type:b dur:2 cpbdur:2 q:51.95 aq:49.62 tex:1954 mv:975 misc:783 imb:28 pmb:139 smb:1453 d:- ref:0 ;
in:876 out:873 type:P dur:2 cpbdur:2 q:51.97 aq:47.15 tex:3477 mv:1264 misc:923 imb:109 pmb:113 smb:1398 d:s ref:0 ;
in:874 out:874 type:B dur:2 cpbdur:2 q:51.97 aq:46.46 tex:2744 mv:1096 misc:856 imb:39 pmb:150 smb:1431 d:s ref:0 ;
in:873 out:875 type:b dur:2 cpbdur:2 q:51.97 aq:49.56 tex:508 mv:132 misc:528 imb:0 pmb:78 smb:1542 d:s ref:0 ;
in:875 out:876 type:b dur:2 cpbdur:2 q:51.97 aq:48.63 tex:1426 mv:681 misc:709 imb:24 pmb:118 smb:1478 d:- ref:0 ;
in:880 out:877 type:P dur:2 cpbdur:2 q:51.95 aq:44.65 tex:4128 mv:2130 misc:1270 imb:213 pmb:154 smb:1253 d:s ref:0 w:5,33,0,6,65,-2,68,-8 ;
in:878 out:878 type:B dur:2 cpbdur:2 q:51.97 aq:46.75 tex:2404 mv:1011 misc:777 imb:40 pmb:122 smb:1458 d:s ref:0 ;
in:877 out:879 type:b dur:2 cpbdur:2 q:51.97 aq:49.54 tex:1621 mv:735 misc:692 imb:16 pmb:117 smb:1487 d:s ref:0 ;
in:879 out:880 type:b dur:2 cpbdur:2 q:51.97 aq:48.11 tex:471 mv:125 misc:444 imb:1 pmb:62 smb:1557 d:- ref:0 ;
in:884 out:881 type:P dur:2 cpbdur:2 q:51.93 aq:45.91 tex:3289 mv:1439 misc:984 imb:132 pmb:120 smb:1368 d:s ref:0 ;
in:882 out:882 type:B dur:2 cpbdur:2 q:51.95 aq:48.47 tex:2439 mv:943 misc:770 imb:26 pmb:130 smb:1464 d:s ref:0 ;
in:881 out:883 type:b dur:2 cpbdur:2 q:51.95 aq:49.68 tex:1598 mv:623 misc:667 imb:14 pmb:113 smb:1493 d:s ref:0 ;
in:883 out:884 type:b dur:2 cpbdur:2 q:51.95 aq:48.70 tex:405 mv:173 misc:446 imb:1 pmb:60 smb:1559 d:- ref:0 ;
in:888 out:885 type:P dur:2 cpbdur:2 q:51.90 aq:46.32 tex:2785 mv:1317 misc:970 imb:120 pmb:97 smb:1403 d:s ref:0 ;
in:886 out:886 type:B dur:2 cpbdur:2 q:51.93 aq:48.64 tex:3275 mv:969 misc:820 imb:43 pmb:134 smb:1443 d:s ref:0 ;
in:885 out:887 type:b dur:2 cpbdur:2 q:51.93 aq:48.76 tex:1470 mv:682 misc:712 imb:19 pmb:114 smb:1487 d:s ref:0 ;
in:887 out:888 type:b dur:2 cpbdur:2 q:51.93 aq:49.13 tex:1329 mv:708 misc:691 imb:19 pmb:109 smb:1492 d:- ref:0 ;
in:892 out:889 type:P dur:2 cpbdur:2 q:51.87 aq:45.50 tex:2512 mv:1064 misc:1008 imb:90 pmb:104 smb:1426 d:s ref:0 w:6,61,1,6,64,0,61,6 ;
in:890 out:890 type:B dur:2 cpbdur:2 q:51.90 aq:48.62 tex:2410 mv:731 misc:755 imb:33 pmb:121 smb:1466 d:s ref:0 ;
in:889 out:891 type:b dur:2 cpbdur:2 q:51.90 aq:47.84 tex:211 mv:184 misc:413 imb:4 pmb:45 smb:1571 d:s ref:0 ;
in:891 out:892 type:b dur:2 cpbdur:2 q:51.90 aq:48.72 tex:1498 mv:642 misc:676 imb:19 pmb:110 smb:1491 d:- ref:0 ;
in:894 out:893 type:P dur:2 cpbdur:2 q:51.84 aq:45.71 tex:5106 mv:1710 misc:1168 imb:246 pmb:110 smb:1264 d:s ref:0 ;
in:893 out:894 type:b dur:2 cpbdur:2 q:51.87 aq:48.69 tex:1217 mv:615 misc:632 imb:22 pmb:95 smb:1503 d:s ref:0 ;
in:898 out:895 type:P dur:2 cpbdur:2 q:51.83 aq:45.49 tex:2900 mv:1217 misc:1011 imb:113 pmb:104 smb:1403 d:s ref:0 ;
in:896 out:896 type:B dur:2 cpbdur:2 q:51.84 aq:47.85 tex:1918 mv:915 misc:743 imb:33 pmb:103 smb:1484 d:s ref:0 ;
in:895 out:897 type:b dur:2 cpbdur:2 q:51.84 aq:49.44 tex:261 mv:100 misc:391 imb:0 pmb:47 smb:1573 d:s ref:0 ;
in:897 out:898 type:b dur:2 cpbdur:2 q:51.84 aq:49.48 tex:1430 mv:591 misc:651 imb:15 pmb:107 smb:1498 d:- ref:0 ;
in:902 out:899 type:P dur:2 cpbdur:2 q:51.81 aq:45.47 tex:2369 mv:899 misc:876 imb:109 pmb:67 smb:1444 d:s ref:0 ;
in:900 out:900 type:B dur:2 cpbdur:2 q:51.83 aq:48.41 tex:2394 mv:736 misc:710 imb:31 pmb:109 smb:1480 d:s ref:0 ;
in:899 out:901 type:b dur:2 cpbdur:2 q:51.83 aq:48.33 tex:451 mv:108 misc:425 imb:0 pmb:58 smb:1562 d:s ref:0 ;
in:901 out:902 type:b dur:2 cpbdur:2 q:51.83 aq:49.02 tex:1041 mv:598 misc:625 imb:13 pmb:99 smb:1508 d:- ref:0 ;
in:906 out:903 type:P dur:2 cpbdur:2 q:51.76 aq:43.80 tex:2699 mv:1357 misc:992 imb:132 pmb:84 smb:1404 d:s ref:0 ;
in:904 out:904 type:B dur:2 cpbdur:2 q:51.81 aq:48.69 tex:1920 mv:682 misc:718 imb:26 pmb:108 smb:1486 d:s ref:0 ;
in:903 out:905 type:b dur:2 cpbdur:2 q:51.81 aq:48.10 tex:339 mv:111 misc:366 imb:1 pmb:45 smb:1574 d:s ref:0 ;
in:905 out:906 type:b dur:2 cpbdur:2 q:51.81 aq:48.69 tex:1513 mv:624 misc:583 imb:12 pmb:94 smb:1514 d:- ref:0 ;
in:909 out:907 type:P dur:2 cpbdur:2 q:51.72 aq:43.43 tex:3739 mv:1793 misc:1140 imb:198 pmb:105 smb:1317 d:s ref:0 ;
in:907 out:908 type:B dur:2 cpbdur:2 q:51.76 aq:49.59 tex:1713 mv:619 misc:676 imb:20 pmb:98 smb:1502 d:s ref:0 ;
in:908 out:909 type:b dur:2 cpbdur:2 q:51.76 aq:47.88 tex:1347 mv:524 misc:585 imb:15 pmb:91 smb:1514 d:- ref:0 ;
in:913 out:910 type:P dur:2 cpbdur:2 q:51.70 aq:43.05 tex:2833 mv:1420 misc:1043 imb:159 pmb:82 smb:1379 d:s ref:0 ;
in:911 out:911 type:B dur:2 cpbdur:2 q:51.72 aq:47.77 tex:1669 mv:729 misc:642 imb:27 pmb:92 smb:1501 d:t ref:0 ;
in:910 out:912 type:b dur:2 cpbdur:2 q:51.72 aq:48.29 tex:339 mv:118 misc:351 imb:1 pmb:39 smb:1580 d:s ref:0 ;
in:912 out:913 type:b dur:2 cpbdur:2 q:51.72 aq:48.28 tex:1387 mv:496 misc:581 imb:11 pmb:93 smb:1516 d:- ref:0 ;
in:917 out:914 type:P dur:2 cpbdur:2 q:51.67 aq:43.41 tex:3532 mv:1317 misc:1071 imb:145 pmb:94 smb:1381 d:s ref:0 ;
in:915 out:915 type:B dur:2 cpbdur:2 q:51.70 aq:48.08 tex:1704 mv:672 misc:608 imb:30 pmb:81 smb:1509 d:s ref:0 ;
in:914 out:916 type:b dur:2 cpbdur:2 q:51.70 aq:48.44 tex:307 mv:119 misc:382 imb:2 pmb:41 smb:1577 d:s ref:0 ;
in:916 out:917 type:b dur:2 cpbdur:2 q:51.70 aq:48.52 tex:1320 mv:549 misc:603 imb:16 pmb:97 smb:1507 d:- ref:0 ;
in:921 out:918 type:P dur:2 cpbdur:2 q:51.63 aq:43.49 tex:3287 mv:1502 misc:1011 imb:146 pmb:99 smb:1375 d:s ref:0 ;
in:919 out:919 type:B dur:2 cpbdur:2 q:51.66 aq:48.18 tex:1944 mv:870 misc:698 imb:39 pmb:97 smb:1484 d:s ref:0 ;
in:918 out:920 type:b dur:2 cpbdur:2 q:51.67 aq:48.14 tex:188 mv:91 misc:369 imb:1 pmb:46 smb:1573 d:s ref:0 ;
in:920 out:921 type:b dur:2 cpbdur:2 q:51.66 aq:48.54 tex:1074 mv:494 misc:552 imb:11 pmb:90 smb:1519 d:- ref:0 ;
in:925 out:922 type:P dur:2 cpbdur:2 q:51.59 aq:43.37 tex:3481 mv:1560 misc:1063 imb:145 pmb:118 smb:1357 d:s ref:0 ;
in:923 out:923 type:B dur:2 cpbdur:2 q:51.62 aq:48.02 tex:1887 mv:828 misc:701 imb:30 pmb:112 smb:1478 d:s ref:0 ;
in:922 out:924 type:b dur:2 cpbdur:2 q:51.62 aq:48.83 tex:1077 mv:491 misc:528 imb:6 pmb:85 smb:1529 d:s ref:0 ;
in:924 out:925 type:b dur:2 cpbdur:2 q:51.62 aq:47.19 tex:333 mv:147 misc:392 imb:1 pmb:49 smb:1570 d:- ref:0 ;
in:928 out:926 type:P dur:2 cpbdur:2 q:51.55 aq:46.01 tex:3173 mv:1271 misc:828 imb:101 pmb:87 smb:1432 d:s ref:0 ;
in:926 out:927 type:B dur:2 cpbdur:2 q:51.59 aq:48.36 tex:1848 mv:658 misc:646 imb:20 pmb:100 smb:1500 d:t ref:0 ;
in:927 out:928 type:b dur:2 cpbdur:2 q:51.59 aq:48.75 tex:1369 mv:594 misc:581 imb:10 pmb:96 smb:1514 d:- ref:0 ;
in:932 out:929 type:P dur:2 cpbdur:2 q:51.52 aq:48.05 tex:3378 mv:1282 misc:748 imb:104 pmb:92 smb:1424 d:s ref:0 ;
in:930 out:930 type:B dur:2 cpbdur:2 q:51.55 aq:47.16 tex:1663 mv:875 misc:702 imb:29 pmb:110 smb:1481 d:s ref:0 ;
in:929 out:931 type:b dur:2 cpbdur:2 q:51.55 aq:47.87 tex:147 mv:123 misc:362 imb:0 pmb:47 smb:1573 d:s ref:0 ;
in:931 out:932 type:b dur:2 cpbdur:2 q:51.55 aq:48.01 tex:1507 mv:785 misc:652 imb:16 pmb:116 smb:1488 d:- ref:0 ;
in:936 out:933 type:P dur:2 cpbdur:2 q:51.49 aq:45.89 tex:4297 mv:1561 misc:846 imb:163 pmb:115 smb:1342 d:s ref:0 ;
in:934 out:934 type:B dur:2 cpbdur:2 q:51.52 aq:45.61 tex:2405 mv:1272 misc:771 imb:38 pmb:147 smb:1435 d:s ref:0 ;
in:933 out:935 type:b dur:2 cpbdur:2 q:51.52 aq:41.50 tex:55 mv:15 misc:178 imb:0 pmb:4 smb:1616 d:s ref:0 ;
in:935 out:936 type:b dur:2 cpbdur:2 q:51.52 aq:49.40 tex:1817 mv:753 misc:670 imb:12 pmb:147 smb:1461 d:- ref:0 ;
in:940 out:937 type:P dur:2 cpbdur:2 q:51.46 aq:47.71 tex:5439 mv:1859 misc:830 imb:260 pmb:128 smb:1232 d:s ref:0 ;
in:938 out:938 type:B dur:2 cpbdur:2 q:51.48 aq:48.28 tex:3157 mv:1525 misc:798 imb:52 pmb:190 smb:1378 d:s ref:0 ;
in:937 out:939 type:b dur:2 cpbdur:2 q:51.49 aq:47.95 tex:2179 mv:1000 misc:685 imb:19 pmb:151 smb:1450 d:s ref:0 ;
in:939 out:940 type:b dur:2 cpbdur:2 q:51.48 aq:48.75 tex:722 mv:219 misc:547 imb:1 pmb:116 smb:1503 d:- ref:0 ;
in:943 out:941 type:P dur:2 cpbdur:2 q:51.45 aq:45.80 tex:5604 mv:1959 misc:861 imb:225 pmb:96 smb:1299 d:s ref:0 ;
in:941 out:942 type:B dur:2 cpbdur:2 q:51.46 aq:47.74 tex:3180 mv:1619 misc:753 imb:58 pmb:180 smb:1382 d:s ref:0 ;
in:942 out:943 type:b dur:2 cpbdur:2 q:51.46 aq:45.85 tex:2682 mv:1344 misc:726 imb:48 pmb:169 smb:1403 d:- ref:0 ;
in:947 out:944 type:P dur:2 cpbdur:2 q:51.45 aq:44.29 tex:3963 mv:1675 misc:874 imb:198 pmb:85 smb:1337 d:s ref:0 ;
in:945 out:945 type:B dur:2 cpbdur:2 q:51.45 aq:47.35 tex:3138 mv:1400 misc:782 imb:37 pmb:177 smb:1406 d:s ref:0 ;
in:944 out:946 type:b dur:2 cpbdur:2 q:51.45 aq:45.40 tex:762 mv:226 misc:516 imb:2 pmb:105 smb:1513 d:s ref:0 ;
in:946 out:947 type:b dur:2 cpbdur:2 q:51.45 aq:47.82 tex:2355 mv:1260 misc:745 imb:30 pmb:159 smb:1431 d:- ref:0 ;
in:951 out:948 type:P dur:2 cpbdur:2 q:51.47 aq:43.76 tex:3252 mv:1359 misc:917 imb:143 pmb:96 smb:1381 d:s ref:0 ;
in:949 out:949 type:B dur:2 cpbdur:2 q:51.47 aq:47.45 tex:2911 mv:976 misc:737 imb:33 pmb:145 smb:1442 d:s ref:0 ;
in:948 out:950 type:b dur:2 cpbdur:2 q:51.47 aq:47.78 tex:547 mv:224 misc:485 imb:4 pmb:77 smb:1539 d:s ref:0 ;
in:950 out:951 type:b dur:2 cpbdur:2 q:51.47 aq:48.49 tex:1783 mv:713 misc:656 imb:25 pmb:112 smb:1483 d:- ref:0 ;
in:955 out:952 type:P dur:2 cpbdur:2 q:51.44 aq:44.23 tex:3499 mv:1322 misc:899 imb:166 pmb:79 smb:1375 d:s ref:0 ;
in:953 out:953 type:B dur:2 cpbdur:2 q:51.47 aq:47.81 tex:2032 mv:738 misc:694 imb:24 pmb:119 smb:1477 d:s ref:0 ;
in:952 out:954 type:b dur:2 cpbdur:2 q:51.47 aq:45.84 tex:1149 mv:493 misc:550 imb:16 pmb:82 smb:1522 d:s ref:0 ;
in:954 out:955 type:b dur:2 cpbdur:2 q:51.47 aq:46.40 tex:487 mv:120 misc:409 imb:1 pmb:52 smb:1567 d:- ref:0 ;
in:959 out:956 type:P dur:2 cpbdur:2 q:51.41 aq:44.26 tex:3252 mv:1298 misc:826 imb:104 pmb:100 smb:1416 d:s ref:0 ;
in:957 out:957 type:B dur:2 cpbdur:2 q:51.44 aq:47.10 tex:1847 mv:696 misc:665 imb:24 pmb:104 smb:1492 d:t ref:0 ;
in:956 out:958 type:b dur:2 cpbdur:2 q:51.44 aq:46.65 tex:1320 mv:639 misc:593 imb:15 pmb:89 smb:1516 d:s ref:0 ;
in:958 out:959 type:b dur:2 cpbdur:2 q:51.44 aq:47.81 tex:292 mv:111 misc:373 imb:1 pmb:41 smb:1578 d:- ref:0 ;
in:963 out:960 type:P dur:2 cpbdur:2 q:51.37 aq:44.87 tex:4279 mv:1832 misc:1025 imb:181 pmb:98 smb:1341 d:s ref:0 ;
in:961 out:961 type:B dur:2 cpbdur:2 q:51.41 aq:45.05 tex:1870 mv:914 misc:720 imb:33 pmb:120 smb:1467 d:t ref:0 ;
in:960 out:962 type:b dur:2 cpbdur:2 q:51.41 aq:48.38 tex:989 mv:473 misc:586 imb:7 pmb:98 smb:1515 d:s ref:0 ;
in:962 out:963 type:b dur:2 cpbdur:2 q:51.41 aq:46.98 tex:1611 mv:790 misc:655 imb:17 pmb:114 smb:1489 d:- ref:0 ;
in:967 out:964 type:P dur:2 cpbdur:2 q:51.33 aq:46.01 tex:4645 mv:1950 misc:1005 imb:209 pmb:113 smb:1298 d:s ref:0 ;
in:965 out:965 type:B dur:2 cpbdur:2 q:51.37 aq:46.08 tex:1952 mv:1126 misc:730 imb:40 pmb:137 smb:1443 d:s ref:0 ;
in:964 out:966 type:b dur:2 cpbdur:2 q:51.37 aq:46.95 tex:274 mv:225 misc:397 imb:3 pmb:51 smb:1566 d:s ref:0 ;
in:966 out:967 type:b dur:2 cpbdur:2 q:51.37 aq:48.27 tex:1588 mv:965 misc:759 imb:25 pmb:153 smb:1442 d:- ref:0 ;
in:971 out:968 type:P dur:2 cpbdur:2 q:51.32 aq:47.32 tex:5927 mv:2519 misc:1242 imb:363 pmb:125 smb:1132 d:s ref:0 w:6,71,-1,6,68,-8,69,-11 ;
in:969 out:969 type:B dur:2 cpbdur:2 q:51.33 aq:48.53 tex:4141 mv:1985 misc:1146 imb:60 pmb:300 smb:1260 d:s ref:0 ;
in:968 out:970 type:b dur:2 cpbdur:2 q:51.33 aq:48.45 tex:1971 mv:1440 misc:901 imb:32 pmb:190 smb:1398 d:s ref:0 ;
in:970 out:971 type:b dur:2 cpbdur:2 q:51.33 aq:49.99 tex:700 mv:279 misc:757 imb:2 pmb:137 smb:1481 d:- ref:0 ;
in:972 out:972 type:P dur:2 cpbdur:2 q:51.33 aq:48.46 tex:4839 mv:2166 misc:1219 imb:230 pmb:148 smb:1242 d:s ref:0 ;
in:973 out:973 type:I dur:2 cpbdur:2 q:48.52 aq:43.86 tex:32934 mv:8932 misc:142 imb:1620 pmb:0 smb:0 d:s ref:;
in:977 out:974 type:P dur:2 cpbdur:2 q:51.44 aq:47.98 tex:8616 mv:3389 misc:1307 imb:444 pmb:189 smb:987 d:s ref:0 w:6,65,0 ;
in:975 out:975 type:B dur:2 cpbdur:2 q:51.44 aq:49.37 tex:5703 mv:3258 misc:1311 imb:124 pmb:350 smb:1146 d:s ref:0 ;
in:974 out:976 type:b dur:2 cpbdur:2 q:51.44 aq:47.07 tex:263 mv:138 misc:463 imb:0 pmb:88 smb:1532 d:s ref:0 ;
in:976 out:977 type:b dur:2 cpbdur:2 q:51.44 aq:50.02 tex:7048 mv:3428 misc:1244 imb:120 pmb:371 smb:1129 d:- ref:0 ;
in:981 out:978 type:P dur:2 cpbdur:2 q:51.61 aq:46.94 tex:8090 mv:3149 misc:1369 imb:427 pmb:172 smb:1021 d:s ref:0 w:6,65,0,5,31,5,32,0 ;
in:979 out:979 type:B dur:2 cpbdur:2 q:51.61 aq:47.96 tex:4848 mv:2940 misc:1292 imb:105 pmb:355 smb:1160 d:s ref:0 ;
in:978 out:980 type:b dur:2 cpbdur:2 q:51.61 aq:46.35 tex:77 mv:35 misc:192 imb:0 pmb:7 smb:1613 d:s ref:0 ;
in:980 out:981 type:b dur:2 cpbdur:2 q:51.61 aq:50.59 tex:5576 mv:2203 misc:1149 imb:55 pmb:353 smb:1212 d:- ref:0 ;
in:985 out:982 type:P dur:2 cpbdur:2 q:51.67 aq:46.33 tex:8258 mv:3538 misc:1100 imb:645 pmb:184 smb:791 d:s ref:0 ;
in:983 out:983 type:B dur:2 cpbdur:2 q:51.67 aq:49.23 tex:5280 mv:2499 misc:1205 imb:81 pmb:321 smb:1218 d:s ref:0 ;
in:982 out:984 type:b dur:2 cpbdur:2 q:51.67 aq:50.16 tex:7831 mv:3173 misc:1156 imb:150 pmb:310 smb:1160 d:s ref:0 ;
in:984 out:985 type:b dur:2 cpbdur:2 q:51.67 aq:47.73 tex:588 mv:295 misc:669 imb:3 pmb:126 smb:1491 d:- ref:0 ;
in:988 out:986 type:P dur:2 cpbdur:2 q:51.75 aq:47.22 tex:11150 mv:4619 misc:1255 imb:741 pmb:281 smb:598 d:s ref:0 ;
in:986 out:987 type:B dur:2 cpbdur:2 q:51.75 aq:47.88 tex:3871 mv:1739 misc:1134 imb:57 pmb:281 smb:1282 d:s ref:0 ;
in:987 out:988 type:b dur:2 cpbdur:2 q:51.75 aq:47.93 tex:3335 mv:2125 misc:1164 imb:70 pmb:265 smb:1285 d:- ref:0 ;
in:992 out:989 type:P dur:2 cpbdur:2 q:51.84 aq:47.84 tex:7244 mv:3563 misc:1521 imb:498 pmb:194 smb:928 d:s ref:0 ;
in:990 out:990 type:B dur:2 cpbdur:2 q:51.84 aq:49.02 tex:4186 mv:1821 misc:1265 imb:67 pmb:287 smb:1266 d:s ref:0 ;
in:989 out:991 type:b dur:2 cpbdur:2 q:51.84 aq:51.00 tex:102 mv:23 misc:211 imb:0 pmb:8 smb:1612 d:s ref:0 ;
in:991 out:992 type:b dur:2 cpbdur:2 q:51.84 aq:50.11 tex:6572 mv:2720 misc:1292 imb:127 pmb:291 smb:1202 d:- ref:0 ;
in:994 out:993 type:P dur:2 cpbdur:2 q:51.91 aq:49.05 tex:11911 mv:3798 misc:1435 imb:494 pmb:180 smb:946 d:s ref:0 ;
in:993 out:994 type:b dur:2 cpbdur:2 q:51.91 aq:50.04 tex:97 mv:24 misc:207 imb:0 pmb:9 smb:1611 d:s ref:0 ;
in:997 out:995 type:P dur:2 cpbdur:2 q:51.95 aq:47.96 tex:5378 mv:3303 misc:1303 imb:519 pmb:121 smb:980 d:s ref:0 ;
in:995 out:996 type:B dur:2 cpbdur:2 q:51.95 aq:48.71 tex:4043 mv:2475 misc:1338 imb:100 pmb:317 smb:1203 d:s ref:0 ;
in:996 out:997 type:b dur:2 cpbdur:2 q:51.95 aq:49.20 tex:3841 mv:1489 misc:1118 imb:36 pmb:264 smb:1320 d:- ref:0 ;
in:998 out:998 type:I dur:2 cpbdur:2 q:48.74 aq:44.01 tex:15016 mv:6163 misc:149 imb:1620 pmb:0 smb:0 d:s ref:;
in:1000 out:999 type:P dur:2 cpbdur:2 q:52.04 aq:46.40 tex:5783 mv:3403 misc:1318 imb:643 pmb:113 smb:864 d:s ref:0 ;
in:999 out:1000 type:b dur:2 cpbdur:2 q:52.04 aq:47.95 tex:848 mv:279 misc:865 imb:4 pmb:194 smb:1422 d:s ref:0 ;
in:1001 out:1001 type:P dur:2 cpbdur:2 q:52.09 aq:49.16 tex:10217 mv:4935 misc:1056 imb:1003 pmb:121 smb:496 d:s ref:0 ;
in:1002 out:1002 type:i dur:2 cpbdur:2 q:48.80 aq:46.35 tex:77672 mv:25987 misc:125 imb:1620 pmb:0 smb:0 d:s ref:;
in:1006 out:1003 type:P dur:2 cpbdur:2 q:52.44 aq:50.26 tex:4374 mv:1694 misc:1148 imb:120 pmb:283 smb:1217 d:s ref:0 ;
in:1004 out:1004 type:B dur:2 cpbdur:2 q:52.44 aq:51.00 tex:178 mv:104 misc:350 imb:1 pmb:40 smb:1579 d:s ref:0 ;
in:1003 out:1005 type:b dur:2 cpbdur:2 q:52.44 aq:51.00 tex:330 mv:67 misc:315 imb:0 pmb:39 smb:1581 d:s ref:0 ;
in:1005 out:1006 type:b dur:2 cpbdur:2 q:52.44 aq:51.00 tex:325 mv:102 misc:269 imb:0 pmb:21 smb:1599 d:- ref:0 ;
in:1008 out:1007 type:P dur:2 cpbdur:2 q:52.58 aq:50.58 tex:760 mv:221 misc:611 imb:4 pmb:88 smb:1528 d:s ref:0 ;
in:1007 out:1008 type:b dur:2 cpbdur:2 q:52.58 aq:51.00 tex:0 mv:0 misc:152 imb:0 pmb:0 smb:1620 d:s ref:0 ;
in:1012 out:1009 type:P dur:2 cpbdur:2 q:52.53 aq:50.11 tex:295 mv:97 misc:392 imb:3 pmb:38 smb:1579 d:s ref:0 ;
in:1010 out:1010 type:B dur:2 cpbdur:2 q:52.58 aq:51.00 tex:94 mv:38 misc:204 imb:0 pmb:7 smb:1613 d:s ref:0 ;
in:1009 out:1011 type:b dur:2 cpbdur:2 q:52.58 aq:51.00 tex:0 mv:0 misc:152 imb:0 pmb:0 smb:1620 d:s ref:0 ;
in:1011 out:1012 type:b dur:2 cpbdur:2 q:52.58 aq:51.00 tex:10 mv:6 misc:160 imb:0 pmb:1 smb:1619 d:- ref:0 ;
in:1016 out:1013 type:P dur:2 cpbdur:2 q:52.44 aq:50.17 tex:18928 mv:4787 misc:1029 imb:320 pmb:1099 smb:201 d:s ref:0 w:7,125,22,6,73,-29,64,0 ;
in:1014 out:1014 type:B dur:2 cpbdur:2 q:52.53 aq:50.95 tex:825 mv:349 misc:978 imb:1 pmb:256 smb:1363 d:s ref:0 ;
in:1013 out:1015 type:b dur:2 cpbdur:2 q:52.53 aq:51.00 tex:843 mv:317 misc:624 imb:3 pmb:99 smb:1518 d:s ref:0 ;
in:1015 out:1016 type:b dur:2 cpbdur:2 q:52.53 aq:51.00 tex:0 mv:0 misc:152 imb:0 pmb:0 smb:1620 d:- ref:0 ;
in:1020 out:1017 type:P dur:2 cpbdur:2 q:52.49 aq:50.91 tex:869 mv:228 misc:455 imb:24 pmb:58 smb:1538 d:s ref:0 ;
in:1018 out:1018 type:B dur:2 cpbdur:2 q:52.49 aq:50.14 tex:101 mv:33 misc:234 imb:0 pmb:10 smb:1610 d:s ref:0 ;
in:1017 out:1019 type:b dur:2 cpbdur:2 q:52.49 aq:51.00 tex:0 mv:3 misc:157 imb:0 pmb:1 smb:1619 d:s ref:0 ;
in:1019 out:1020 type:b dur:2 cpbdur:2 q:52.49 aq:51.00 tex:34 mv:16 misc:174 imb:0 pmb:4 smb:1616 d:- ref:0 ;
in:1023 out:1021 type:P dur:2 cpbdur:2 q:52.40 aq:50.82 tex:9828 mv:2892 misc:1440 imb:211 pmb:863 smb:546 d:s ref:0 w:6,67,-34,3,8,10,7,14 ;
in:1021 out:1022 type:B dur:2 cpbdur:2 q:52.49 aq:51.00 tex:401 mv:227 misc:548 imb:0 pmb:77 smb:1543 d:s ref:0 ;
in:1022 out:1023 type:b dur:2 cpbdur:2 q:52.49 aq:50.89 tex:786 mv:374 misc:680 imb:5 pmb:111 smb:1504 d:- ref:0 ;
in:1027 out:1024 type:P dur:2 cpbdur:2 q:52.42 aq:51.00 tex:6680 mv:2080 misc:440 imb:306 pmb:72 smb:1242 d:s ref:0 ;
in:1025 out:1025 type:B dur:2 cpbdur:2 q:52.42 aq:51.00 tex:859 mv:482 misc:547 imb:4 pmb:126 smb:1490 d:s ref:0 ;
in:1024 out:1026 type:b dur:2 cpbdur:2 q:52.42 aq:51.00 tex:1 mv:24 misc:199 imb:0 pmb:11 smb:1609 d:t ref:0 ;
in:1026 out:1027 type:b dur:2 cpbdur:2 q:52.42 aq:51.00 tex:1551 mv:579 misc:534 imb:8 pmb:152 smb:1460 d:- ref:0 ;
in:1028 out:1028 type:P dur:2 cpbdur:2 q:52.38 aq:47.76 tex:21054 mv:8663 misc:251 imb:1479 pmb:140 smb:1 d:s ref:0 ;
in:1029 out:1029 type:I dur:2 cpbdur:2 q:49.34 aq:35.59 tex:5016 mv:4651 misc:133 imb:1620 pmb:0 smb:0 d:s ref:;
in:1033 out:1030 type:P dur:2 cpbdur:2 q:52.53 aq:43.71 tex:1537 mv:1592 misc:855 imb:280 pmb:41 smb:1299 d:s ref:0 ;
in:1031 out:1031 type:B dur:2 cpbdur:2 q:52.53 aq:46.43 tex:216 mv:81 misc:327 imb:0 pmb:34 smb:1586 d:s ref:0 ;
in:1030 out:1032 type:b dur:2 cpbdur:2 q:52.53 aq:47.88 tex:68 mv:47 misc:237 imb:0 pmb:15 smb:1605 d:s ref:0 ;
in:1032 out:1033 type:b dur:2 cpbdur:2 q:52.53 aq:47.89 tex:121 mv:57 misc:246 imb:0 pmb:17 smb:1603 d:- ref:0 ;
in:1037 out:1034 type:P dur:2 cpbdur:2 q:52.46 aq:44.22 tex:1919 mv:1616 misc:1057 imb:319 pmb:52 smb:1249 d:s ref:0 ;
in:1035 out:1035 type:B dur:2 cpbdur:2 q:52.53 aq:48.44 tex:353 mv:162 misc:405 imb:3 pmb:52 smb:1565 d:s ref:0 ;
in:1034 out:1036 type:b dur:2 cpbdur:2 q:52.53 aq:48.99 tex:173 mv:64 misc:259 imb:0 pmb:23 smb:1597 d:s ref:0 ;
in:1036 out:1037 type:b dur:2 cpbdur:2 q:52.53 aq:48.13 tex:205 mv:68 misc:295 imb:1 pmb:24 smb:1595 d:- ref:0 ;
in:1041 out:1038 type:P dur:2 cpbdur:2 q:52.39 aq:40.96 tex:2776 mv:2309 misc:1259 imb:528 pmb:65 smb:1027 d:s ref:0 ;
in:1039 out:1039 type:B dur:2 cpbdur:2 q:52.46 aq:46.55 tex:386 mv:173 misc:361 imb:1 pmb:50 smb:1569 d:t ref:0 ;
in:1038 out:1040 type:b dur:2 cpbdur:2 q:52.46 aq:47.22 tex:205 mv:85 misc:350 imb:0 pmb:41 smb:1579 d:s ref:0 ;
in:1040 out:1041 type:b dur:2 cpbdur:2 q:52.46 aq:46.73 tex:183 mv:92 misc:309 imb:1 pmb:33 smb:1586 d:- ref:0 ;
in:1045 out:1042 type:P dur:2 cpbdur:2 q:52.34 aq:43.21 tex:1455 mv:1166 misc:1011 imb:215 pmb:62 smb:1343 d:s ref:0 ;
in:1043 out:1043 type:B dur:2 cpbdur:2 q:52.39 aq:47.83 tex:230 mv:35 misc:239 imb:0 pmb:14 smb:1606 d:s ref:0 ;
in:1042 out:1044 type:b dur:2 cpbdur:2 q:52.39 aq:45.03 tex:24 mv:8 misc:168 imb:0 pmb:2 smb:1618 d:s ref:0 ;
in:1044 out:1045 type:b dur:2 cpbdur:2 q:52.39 aq:51.00 tex:0 mv:2 misc:158 imb:0 pmb:1 smb:1619 d:- ref:0 ;
in:1049 out:1046 type:P dur:2 cpbdur:2 q:52.26 aq:42.56 tex:2155 mv:1981 misc:1160 imb:363 pmb:87 smb:1170 d:s ref:0 ;
in:1047 out:1047 type:B dur:2 cpbdur:2 q:52.33 aq:47.34 tex:230 mv:92 misc:358 imb:1 pmb:34 smb:1585 d:s ref:0 ;
in:1046 out:1048 type:b dur:2 cpbdur:2 q:52.34 aq:49.07 tex:44 mv:13 misc:159 imb:0 pmb:3 smb:1617 d:s ref:0 ;
in:1048 out:1049 type:b dur:2 cpbdur:2 q:52.33 aq:45.14 tex:33 mv:9 misc:166 imb:0 pmb:2 smb:1618 d:- ref:0 ;
in:1053 out:1050 type:P dur:2 cpbdur:2 q:52.19 aq:42.54 tex:2638 mv:2487 misc:1219 imb:447 pmb:77 smb:1096 d:s ref:0 ;
in:1051 out:1051 type:B dur:2 cpbdur:2 q:52.26 aq:47.60 tex:300 mv:114 misc:346 imb:0 pmb:37 smb:1583 d:t ref:0 ;
in:1050 out:1052 type:b dur:2 cpbdur:2 q:52.26 aq:46.40 tex:63 mv:31 misc:186 imb:0 pmb:5 smb:1615 d:s ref:0 ;
in:1052 out:1053 type:b dur:2 cpbdur:2 q:52.26 aq:46.19 tex:61 mv:15 misc:180 imb:0 pmb:4 smb:1616 d:- ref:0 ;
in:1057 out:1054 type:P dur:2 cpbdur:2 q:52.13 aq:44.25 tex:2105 mv:1849 misc:1150 imb:332 pmb:76 smb:1212 d:s ref:0 ;
in:1055 out:1055 type:B dur:2 cpbdur:2 q:52.19 aq:43.96 tex:144 mv:28 misc:236 imb:0 pmb:11 smb:1609 d:s ref:0 ;
in:1054 out:1056 type:b dur:2 cpbdur:2 q:52.19 aq:46.59 tex:38 mv:10 misc:168 imb:0 pmb:2 smb:1618 d:s ref:0 ;
in:1056 out:1057 type:b dur:2 cpbdur:2 q:52.19 aq:44.90 tex:25 mv:13 misc:178 imb:0 pmb:3 smb:1617 d:- ref:0 ;
in:1059 out:1058 type:P dur:2 cpbdur:2 q:52.06 aq:44.29 tex:1603 mv:1470 misc:1127 imb:225 pmb:74 smb:1321 d:s ref:0 ;
in:1058 out:1059 type:b dur:2 cpbdur:2 q:52.13 aq:47.97 tex:21 mv:6 misc:157 imb:0 pmb:1 smb:1619 d:s ref:0 ;
in:1063 out:1060 type:P dur:2 cpbdur:2 q:52.02 aq:43.60 tex:2155 mv:2171 misc:1194 imb:386 pmb:71 smb:1163 d:s ref:0 ;
in:1061 out:1061 type:B dur:2 cpbdur:2 q:52.06 aq:42.03 tex:250 mv:108 misc:338 imb:2 pmb:31 smb:1587 d:s ref:0 ;
in:1060 out:1062 type:b dur:2 cpbdur:2 q:52.06 aq:48.79 tex:35 mv:16 misc:181 imb:0 pmb:4 smb:1616 d:s ref:0 ;
in:1062 out:1063 type:b dur:2 cpbdur:2 q:52.06 aq:49.53 tex:109 mv:85 misc:214 imb:1 pmb:13 smb:1606 d:- ref:0 ;
in:1065 out:1064 type:P dur:2 cpbdur:2 q:51.96 aq:43.92 tex:1333 mv:1016 misc:899 imb:156 pmb:49 smb:1415 d:s ref:0 ;
in:1064 out:1065 type:b dur:2 cpbdur:2 q:52.02 aq:46.07 tex:73 mv:47 misc:232 imb:0 pmb:16 smb:1604 d:s ref:0 ;
in:1068 out:1066 type:P dur:2 cpbdur:2 q:51.92 aq:42.89 tex:3656 mv:3032 misc:1352 imb:581 pmb:76 smb:963 d:s ref:0 ;
in:1066 out:1067 type:B dur:2 cpbdur:2 q:51.96 aq:47.29 tex:445 mv:209 misc:482 imb:2 pmb:66 smb:1552 d:t ref:0 ;
in:1067 out:1068 type:b dur:2 cpbdur:2 q:51.96 aq:49.34 tex:252 mv:154 misc:362 imb:1 pmb:42 smb:1577 d:- ref:0 ;
in:1072 out:1069 type:P dur:2 cpbdur:2 q:51.90 aq:45.01 tex:4904 mv:3280 misc:1144 imb:584 pmb:77 smb:959 d:s ref:0 ;
in:1070 out:1070 type:B dur:2 cpbdur:2 q:51.92 aq:49.04 tex:933 mv:721 misc:570 imb:29 pmb:143 smb:1448 d:s ref:0 ;
in:1069 out:1071 type:b dur:2 cpbdur:2 q:51.92 aq:49.34 tex:204 mv:175 misc:453 imb:3 pmb:72 smb:1545 d:s ref:0 ;
in:1071 out:1072 type:b dur:2 cpbdur:2 q:51.92 aq:49.12 tex:700 mv:246 misc:438 imb:2 pmb:88 smb:1530 d:- ref:0 ;
in:1074 out:1073 type:P dur:2 cpbdur:2 q:51.87 aq:44.34 tex:5767 mv:3939 misc:1214 imb:583 pmb:120 smb:917 d:s ref:0 ;
in:1073 out:1074 type:b dur:2 cpbdur:2 q:51.90 aq:49.18 tex:1150 mv:567 misc:603 imb:4 pmb:154 smb:1462 d:s ref:0 ;
in:1078 out:1075 type:P dur:2 cpbdur:2 q:51.86 aq:44.73 tex:6474 mv:4888 misc:1310 imb:705 pmb:162 smb:753 d:s ref:0 ;
in:1076 out:1076 type:B dur:2 cpbdur:2 q:51.87 aq:48.57 tex:2320 mv:1534 misc:962 imb:32 pmb:292 smb:1296 d:s ref:0 ;
in:1075 out:1077 type:b dur:2 cpbdur:2 q:51.87 aq:48.77 tex:648 mv:246 misc:594 imb:1 pmb:130 smb:1489 d:s ref:0 ;
in:1077 out:1078 type:b dur:2 cpbdur:2 q:51.87 aq:49.52 tex:2040 mv:870 misc:866 imb:11 pmb:238 smb:1371 d:- ref:0 ;
in:1082 out:1079 type:P dur:2 cpbdur:2 q:51.89 aq:45.60 tex:6989 mv:4895 misc:1276 imb:727 pmb:171 smb:722 d:s ref:0 ;
in:1080 out:1080 type:B dur:2 cpbdur:2 q:51.89 aq:48.75 tex:2681 mv:1273 misc:1086 imb:27 pmb:340 smb:1253 d:t ref:0 ;
in:1079 out:1081 type:b dur:2 cpbdur:2 q:51.89 aq:49.32 tex:676 mv:229 misc:679 imb:0 pmb:150 smb:1470 d:s ref:0 ;
in:1081 out:1082 type:b dur:2 cpbdur:2 q:51.89 aq:50.09 tex:1588 mv:749 misc:879 imb:18 pmb:227 smb:1375 d:- ref:0 ;
in:1086 out:1083 type:P dur:2 cpbdur:2 q:51.91 aq:45.74 tex:6152 mv:4463 misc:1193 imb:737 pmb:131 smb:752 d:s ref:0 ;
in:1084 out:1084 type:B dur:2 cpbdur:2 q:51.91 aq:48.15 tex:2770 mv:1571 misc:915 imb:46 pmb:340 smb:1234 d:s ref:0 ;
in:1083 out:1085 type:b dur:2 cpbdur:2 q:51.91 aq:50.00 tex:897 mv:323 misc:836 imb:4 pmb:185 smb:1431 d:s ref:0 ;
in:1085 out:1086 type:b dur:2 cpbdur:2 q:51.91 aq:49.51 tex:1534 mv:563 misc:863 imb:6 pmb:227 smb:1387 d:- ref:0 ;
in:1089 out:1087 type:P dur:2 cpbdur:2 q:51.93 aq:44.33 tex:6481 mv:4637 misc:1250 imb:763 pmb:142 smb:715 d:s ref:0 ;
in:1087 out:1088 type:B dur:2 cpbdur:2 q:51.92 aq:49.68 tex:1537 mv:865 misc:854 imb:26 pmb:216 smb:1378 d:t ref:0 ;
in:1088 out:1089 type:b dur:2 cpbdur:2 q:51.92 aq:49.38 tex:523 mv:240 misc:565 imb:1 pmb:90 smb:1529 d:- ref:0 ;
in:1093 out:1090 type:P dur:2 cpbdur:2 q:51.94 aq:44.60 tex:5197 mv:3833 misc:1426 imb:606 pmb:127 smb:887 d:s ref:0 ;
in:1091 out:1091 type:B dur:2 cpbdur:2 q:51.94 aq:49.29 tex:583 mv:143 misc:530 imb:0 pmb:79 smb:1541 d:t ref:0 ;
in:1090 out:1092 type:b dur:2 cpbdur:2 q:51.94 aq:49.32 tex:200 mv:77 misc:331 imb:0 pmb:32 smb:1588 d:s ref:0 ;
in:1092 out:1093 type:b dur:2 cpbdur:2 q:51.94 aq:49.48 tex:279 mv:65 misc:368 imb:0 pmb:36 smb:1584 d:- ref:0 ;
in:1097 out:1094 type:P dur:2 cpbdur:2 q:51.92 aq:45.24 tex:4877 mv:3546 misc:1425 imb:520 pmb:156 smb:944 d:s ref:0 ;
in:1095 out:1095 type:B dur:2 cpbdur:2 q:51.94 aq:48.57 tex:825 mv:258 misc:661 imb:4 pmb:112 smb:1504 d:s ref:0 ;
in:1094 out:1096 type:b dur:2 cpbdur:2 q:51.94 aq:50.45 tex:205 mv:69 misc:334 imb:0 pmb:34 smb:1586 d:s ref:0 ;
in:1096 out:1097 type:b dur:2 cpbdur:2 q:51.94 aq:49.95 tex:474 mv:72 misc:430 imb:0 pmb:54 smb:1566 d:- ref:0 ;
in:1101 out:1098 type:P dur:2 cpbdur:2 q:51.88 aq:46.32 tex:4481 mv:3236 misc:1411 imb:493 pmb:153 smb:974 d:s ref:0 ;
in:1099 out:1099 type:B dur:2 cpbdur:2 q:51.92 aq:48.14 tex:748 mv:123 misc:561 imb:0 pmb:78 smb:1542 d:t ref:0 ;
in:1098 out:1100 type:b dur:2 cpbdur:2 q:51.92 aq:49.66 tex:280 mv:108 misc:388 imb:1 pmb:38 smb:1581 d:s ref:0 ;
in:1100 out:1101 type:b dur:2 cpbdur:2 q:51.92 aq:50.04 tex:273 mv:41 misc:342 imb:0 pmb:32 smb:1588 d:- ref:0 ;
in:1104 out:1102 type:P dur:2 cpbdur:2 q:51.84 aq:44.98 tex:4515 mv:3397 misc:1424 imb:493 pmb:172 smb:955 d:s ref:0 ;
in:1102 out:1103 type:B dur:2 cpbdur:2 q:51.88 aq:48.88 tex:443 mv:63 misc:422 imb:0 pmb:52 smb:1568 d:s ref:0 ;
in:1103 out:1104 type:b dur:2 cpbdur:2 q:51.88 aq:49.11 tex:169 mv:49 misc:294 imb:0 pmb:23 smb:1597 d:- ref:0 ;
in:1108 out:1105 type:P dur:2 cpbdur:2 q:51.82 aq:44.80 tex:5000 mv:3488 misc:1496 imb:587 pmb:144 smb:889 d:s ref:0 ;
in:1106 out:1106 type:B dur:2 cpbdur:2 q:51.84 aq:49.46 tex:493 mv:138 misc:521 imb:1 pmb:72 smb:1547 d:s ref:0 ;
in:1105 out:1107 type:b dur:2 cpbdur:2 q:51.84 aq:49.69 tex:195 mv:47 misc:278 imb:0 pmb:23 smb:1597 d:s ref:0 ;
in:1107 out:1108 type:b dur:2 cpbdur:2 q:51.84 aq:48.44 tex:188 mv:75 misc:289 imb:1 pmb:24 smb:1595 d:- ref:0 ;
in:1112 out:1109 type:P dur:2 cpbdur:2 q:51.78 aq:45.56 tex:4221 mv:3366 misc:1341 imb:586 pmb:138 smb:896 d:s ref:0 ;
in:1110 out:1110 type:B dur:2 cpbdur:2 q:51.82 aq:47.93 tex:673 mv:252 misc:611 imb:2 pmb:113 smb:1505 d:t ref:0 ;
in:1109 out:1111 type:b dur:2 cpbdur:2 q:51.82 aq:49.70 tex:292 mv:108 misc:440 imb:0 pmb:57 smb:1563 d:s ref:0 ;
in:1111 out:1112 type:b dur:2 cpbdur:2 q:51.82 aq:48.09 tex:324 mv:150 misc:406 imb:2 pmb:44 smb:1574 d:- ref:0 ;
in:1116 out:1113 type:P dur:2 cpbdur:2 q:51.74 aq:46.00 tex:4589 mv:3789 misc:1406 imb:606 pmb:147 smb:867 d:s ref:0 ;
in:1114 out:1114 type:B dur:2 cpbdur:2 q:51.78 aq:46.87 tex:627 mv:442 misc:611 imb:7 pmb:95 smb:1518 d:t ref:0 ;
in:1113 out:1115 type:b dur:2 cpbdur:2 q:51.78 aq:48.57 tex:239 mv:179 misc:406 imb:3 pmb:44 smb:1573 d:s ref:0 ;
in:1115 out:1116 type:b dur:2 cpbdur:2 q:51.78 aq:46.54 tex:160 mv:88 misc:272 imb:1 pmb:19 smb:1600 d:- ref:0 ;
in:1119 out:1117 type:P dur:2 cpbdur:2 q:51.70 aq:45.28 tex:4450 mv:3890 misc:1492 imb:523 pmb:173 smb:924 d:s ref:0 ;
in:1117 out:1118 type:B dur:2 cpbdur:2 q:51.74 aq:48.26 tex:325 mv:125 misc:382 imb:2 pmb:38 smb:1580 d:t ref:0 ;
in:1118 out:1119 type:b dur:2 cpbdur:2 q:51.74 aq:48.70 tex:164 mv:47 misc:269 imb:0 pmb:19 smb:1601 d:- ref:0 ;
in:1123 out:1120 type:P dur:2 cpbdur:2 q:51.69 aq:45.72 tex:3730 mv:3453 misc:1473 imb:484 pmb:149 smb:987 d:s ref:0 ;
in:1121 out:1121 type:B dur:2 cpbdur:2 q:51.70 aq:49.35 tex:363 mv:229 misc:504 imb:1 pmb:60 smb:1559 d:t ref:0 ;
in:1120 out:1122 type:b dur:2 cpbdur:2 q:51.70 aq:47.86 tex:138 mv:69 misc:281 imb:1 pmb:19 smb:1600 d:s ref:0 ;
in:1122 out:1123 type:b dur:2 cpbdur:2 q:51.70 aq:49.55 tex:201 mv:121 misc:278 imb:3 pmb:20 smb:1597 d:- ref:0 ;
in:1127 out:1124 type:P dur:2 cpbdur:2 q:51.64 aq:46.29 tex:4704 mv:4103 misc:1401 imb:600 pmb:167 smb:853 d:s ref:0 ;
in:1125 out:1125 type:B dur:2 cpbdur:2 q:51.69 aq:49.18 tex:555 mv:325 misc:576 imb:7 pmb:84 smb:1529 d:s ref:0 ;
in:1124 out:1126 type:b dur:2 cpbdur:2 q:51.69 aq:47.56 tex:136 mv:51 misc:269 imb:0 pmb:19 smb:1601 d:s ref:0 ;
in:1126 out:1127 type:b dur:2 cpbdur:2 q:51.69 aq:49.51 tex:292 mv:154 misc:346 imb:4 pmb:38 smb:1578 d:- ref:0 ;
in:1131 out:1128 type:P dur:2 cpbdur:2 q:51.60 aq:46.39 tex:5619 mv:4275 misc:1458 imb:605 pmb:187 smb:828 d:s ref:0 ;
in:1129 out:1129 type:B dur:2 cpbdur:2 q:51.64 aq:48.19 tex:1246 mv:601 misc:737 imb:13 pmb:132 smb:1475 d:t ref:0 ;
in:1128 out:1130 type:b dur:2 cpbdur:2 q:51.64 aq:48.50 tex:342 mv:104 misc:458 imb:0 pmb:55 smb:1565 d:s ref:0 ;
in:1130 out:1131 type:b dur:2 cpbdur:2 q:51.64 aq:50.32 tex:348 mv:143 misc:365 imb:1 pmb:40 smb:1579 d:- ref:0 ;
in:1135 out:1132 type:P dur:2 cpbdur:2 q:51.58 aq:46.71 tex:7008 mv:5034 misc:1382 imb:708 pmb:192 smb:720 d:s ref:0 ;
in:1133 out:1133 type:B dur:2 cpbdur:2 q:51.60 aq:49.67 tex:1364 mv:403 misc:873 imb:2 pmb:221 smb:1397 d:s ref:0 ;
in:1132 out:1134 type:b dur:2 cpbdur:2 q:51.60 aq:50.10 tex:776 mv:389 misc:563 imb:8 pmb:81 smb:1531 d:s ref:0 ;
in:1134 out:1135 type:b dur:2 cpbdur:2 q:51.60 aq:49.90 tex:516 mv:163 misc:609 imb:0 pmb:108 smb:1512 d:- ref:0 ;
in:1138 out:1136 type:P dur:2 cpbdur:2 q:51.57 aq:46.35 tex:7590 mv:5623 misc:1323 imb:719 pmb:227 smb:674 d:s ref:0 ;
in:1136 out:1137 type:B dur:2 cpbdur:2 q:51.58 aq:50.04 tex:1811 mv:1332 misc:857 imb:26 pmb:237 smb:1357 d:t ref:0 ;
in:1137 out:1138 type:b dur:2 cpbdur:2 q:51.58 aq:49.32 tex:1329 mv:806 misc:761 imb:6 pmb:186 smb:1428 d:- ref:0 ;
in:1142 out:1139 type:P dur:2 cpbdur:2 q:51.59 aq:46.84 tex:8530 mv:6002 misc:1284 imb:827 pmb:228 smb:565 d:s ref:0 ;
in:1140 out:1140 type:B dur:2 cpbdur:2 q:51.59 aq:49.69 tex:2580 mv:1704 misc:1052 imb:32 pmb:341 smb:1247 d:s ref:0 ;
in:1139 out:1141 type:b dur:2 cpbdur:2 q:51.59 aq:49.34 tex:689 mv:242 misc:701 imb:1 pmb:143 smb:1476 d:s ref:0 ;
in:1141 out:1142 type:b dur:2 cpbdur:2 q:51.59 aq:50.11 tex:1373 mv:658 misc:897 imb:6 pmb:197 smb:1417 d:- ref:0 ;
in:1146 out:1143 type:P dur:2 cpbdur:2 q:51.63 aq:46.87 tex:7321 mv:5280 misc:1383 imb:723 pmb:248 smb:649 d:s ref:0 ;
in:1144 out:1144 type:B dur:2 cpbdur:2 q:51.63 aq:48.52 tex:2092 mv:1019 misc:1137 imb:12 pmb:278 smb:1330 d:t ref:0 ;
in:1143 out:1145 type:b dur:2 cpbdur:2 q:51.63 aq:50.00 tex:780 mv:276 misc:808 imb:2 pmb:163 smb:1455 d:s ref:0 ;
in:1145 out:1146 type:b dur:2 cpbdur:2 q:51.63 aq:50.50 tex:277 mv:79 misc:380 imb:0 pmb:39 smb:1581 d:- ref:0 ;
in:1149 out:1147 type:P dur:2 cpbdur:2 q:51.64 aq:45.84 tex:6733 mv:4699 misc:1448 imb:662 pmb:224 smb:734 d:s ref:0 ;
in:1147 out:1148 type:B dur:2 cpbdur:2 q:51.64 aq:49.45 tex:754 mv:159 misc:599 imb:0 pmb:90 smb:1530 d:t ref:0 ;
in:1148 out:1149 type:b dur:2 cpbdur:2 q:51.64 aq:49.84 tex:394 mv:96 misc:414 imb:0 pmb:50 smb:1570 d:- ref:0 ;
in:1153 out:1150 type:P dur:2 cpbdur:2 q:51.65 aq:45.88 tex:6377 mv:4466 misc:1453 imb:673 pmb:200 smb:747 d:s ref:0 ;
in:1151 out:1151 type:B dur:2 cpbdur:2 q:51.65 aq:49.38 tex:586 mv:148 misc:530 imb:1 pmb:77 smb:1542 d:t ref:0 ;
in:1150 out:1152 type:b dur:2 cpbdur:2 q:51.65 aq:50.88 tex:187 mv:72 misc:333 imb:0 pmb:33 smb:1587 d:s ref:0 ;
in:1152 out:1153 type:b dur:2 cpbdur:2 q:51.65 aq:50.01 tex:219 mv:70 misc:351 imb:0 pmb:33 smb:1587 d:- ref:0 ;
in:1157 out:1154 type:P dur:2 cpbdur:2 q:51.62 aq:48.04 tex:5943 mv:3952 misc:1265 imb:733 pmb:162 smb:725 d:s ref:0 ;
in:1155 out:1155 type:B dur:2 cpbdur:2 q:51.65 aq:49.94 tex:731 mv:235 misc:658 imb:0 pmb:117 smb:1503 d:s ref:0 ;
in:1154 out:1156 type:b dur:2 cpbdur:2 q:51.65 aq:48.45 tex:179 mv:45 misc:272 imb:0 pmb:20 smb:1600 d:s ref:0 ;
in:1156 out:1157 type:b dur:2 cpbdur:2 q:51.65 aq:48.69 tex:513 mv:184 misc:479 imb:1 pmb:64 smb:1555 d:- ref:0 ;
in:1158 out:1158 type:I dur:2 cpbdur:2 q:48.74 aq:41.55 tex:10919 mv:6675 misc:174 imb:1620 pmb:0 smb:0 d:s ref:;
in:1162 out:1159 type:P dur:2 cpbdur:2 q:51.61 aq:40.95 tex:4553 mv:3758 misc:761 imb:1107 pmb:110 smb:403 d:s ref:0 ;
in:1160 out:1160 type:B dur:2 cpbdur:2 q:51.61 aq:48.41 tex:3371 mv:1224 misc:1285 imb:23 pmb:582 smb:1015 d:s ref:0 ;
in:1159 out:1161 type:b dur:2 cpbdur:2 q:51.61 aq:48.70 tex:494 mv:128 misc:554 imb:0 pmb:81 smb:1539 d:s ref:0 ;
in:1161 out:1162 type:b dur:2 cpbdur:2 q:51.61 aq:47.97 tex:2288 mv:644 misc:1044 imb:11 pmb:384 smb:1225 d:- ref:0 ;
in:1164 out:1163 type:P dur:2 cpbdur:2 q:51.63 aq:46.05 tex:3774 mv:1932 misc:958 imb:340 pmb:67 smb:1213 d:s ref:0 ;
in:1163 out:1164 type:b dur:2 cpbdur:2 q:51.63 aq:48.09 tex:1609 mv:604 misc:747 imb:14 pmb:177 smb:1429 d:s ref:0 ;
in:1168 out:1165 type:P dur:2 cpbdur:2 q:51.63 aq:48.07 tex:8445 mv:3735 misc:1252 imb:778 pmb:103 smb:739 d:s ref:0 ;
in:1166 out:1166 type:B dur:2 cpbdur:2 q:51.63 aq:49.10 tex:4210 mv:1881 misc:1389 imb:66 pmb:400 smb:1154 d:s ref:0 ;
in:1165 out:1167 type:b dur:2 cpbdur:2 q:51.63 aq:47.49 tex:830 mv:278 misc:796 imb:1 pmb:188 smb:1431 d:s ref:0 ;
in:1167 out:1168 type:b dur:2 cpbdur:2 q:51.63 aq:48.82 tex:4630 mv:2182 misc:1356 imb:106 pmb:398 smb:1116 d:- ref:0 ;
in:1172 out:1169 type:P dur:2 cpbdur:2 q:51.67 aq:48.73 tex:7459 mv:3668 misc:1505 imb:813 pmb:111 smb:696 d:s ref:0 ;
in:1170 out:1170 type:B dur:2 cpbdur:2 q:51.67 aq:48.95 tex:5906 mv:2251 misc:1595 imb:93 pmb:541 smb:986 d:s ref:0 ;
in:1169 out:1171 type:b dur:2 cpbdur:2 q:51.67 aq:48.05 tex:1046 mv:318 misc:892 imb:2 pmb:189 smb:1429 d:s ref:0 ;
in:1171 out:1172 type:b dur:2 cpbdur:2 q:51.67 aq:49.17 tex:5480 mv:2107 misc:1557 imb:86 pmb:505 smb:1029 d:- ref:0 ;
in:1176 out:1173 type:P dur:2 cpbdur:2 q:51.74 aq:46.64 tex:5478 mv:3413 misc:1453 imb:850 pmb:90 smb:680 d:s ref:0 ;
in:1174 out:1174 type:B dur:2 cpbdur:2 q:51.74 aq:48.98 tex:6286 mv:1673 misc:1641 imb:62 pmb:630 smb:928 d:s ref:0 ;
in:1173 out:1175 type:b dur:2 cpbdur:2 q:51.74 aq:49.68 tex:944 mv:375 misc:1017 imb:5 pmb:217 smb:1398 d:s ref:0 ;
in:1175 out:1176 type:b dur:2 cpbdur:2 q:51.74 aq:49.59 tex:3427 mv:764 misc:1265 imb:21 pmb:322 smb:1277 d:- ref:0 ;
in:1180 out:1177 type:P dur:2 cpbdur:2 q:51.79 aq:48.19 tex:6938 mv:3450 misc:1580 imb:773 pmb:117 smb:730 d:s ref:0 ;
in:1178 out:1178 type:B dur:2 cpbdur:2 q:51.79 aq:47.76 tex:3387 mv:1275 misc:1450 imb:35 pmb:408 smb:1177 d:s ref:0 ;
in:1177 out:1179 type:b dur:2 cpbdur:2 q:51.79 aq:47.69 tex:1950 mv:459 misc:1055 imb:10 pmb:223 smb:1387 d:s ref:0 ;
in:1179 out:1180 type:b dur:2 cpbdur:2 q:51.79 aq:49.30 tex:700 mv:196 misc:664 imb:2 pmb:107 smb:1511 d:- ref:0 ;
in:1184 out:1181 type:P dur:2 cpbdur:2 q:51.81 aq:49.40 tex:9600 mv:3971 misc:1501 imb:843 pmb:165 smb:612 d:s ref:0 ;
in:1182 out:1182 type:B dur:2 cpbdur:2 q:51.81 aq:49.39 tex:5553 mv:1708 misc:1635 imb:62 pmb:555 smb:1003 d:s ref:0 ;
in:1181 out:1183 type:b dur:2 cpbdur:2 q:51.81 aq:49.33 tex:5646 mv:1903 misc:1555 imb:88 pmb:486 smb:1046 d:s ref:0 ;
in:1183 out:1184 type:b dur:2 cpbdur:2 q:51.81 aq:49.14 tex:954 mv:260 misc:858 imb:2 pmb:152 smb:1466 d:- ref:0 ;
in:1185 out:1185 type:P dur:2 cpbdur:2 q:51.87 aq:49.91 tex:8157 mv:3566 misc:1525 imb:671 pmb:141 smb:808 d:s ref:0 ;
in:1186 out:1186 type:I dur:2 cpbdur:2 q:48.80 aq:47.46 tex:17322 mv:6313 misc:181 imb:1620 pmb:0 smb:0 d:s ref:;
in:1190 out:1187 type:P dur:2 cpbdur:2 q:51.99 aq:49.67 tex:8302 mv:4072 misc:1586 imb:714 pmb:169 smb:737 d:s ref:0 w:6,67,2,5,32,0,33,-6 ;
in:1188 out:1188 type:B dur:2 cpbdur:2 q:51.99 aq:49.90 tex:7500 mv:3493 misc:1695 imb:150 pmb:628 smb:842 d:s ref:0 ;
in:1187 out:1189 type:b dur:2 cpbdur:2 q:51.99 aq:50.22 tex:5474 mv:2563 misc:1483 imb:111 pmb:396 smb:1113 d:s ref:0 ;
in:1189 out:1190 type:b dur:2 cpbdur:2 q:51.99 aq:50.61 tex:663 mv:396 misc:925 imb:5 pmb:182 smb:1433 d:- ref:0 ;
in:1194 out:1191 type:P dur:2 cpbdur:2 q:52.08 aq:47.56 tex:8174 mv:4731 misc:1303 imb:1102 pmb:109 smb:409 d:s ref:0 ;
in:1192 out:1192 type:B dur:2 cpbdur:2 q:52.08 aq:49.83 tex:3747 mv:1695 misc:1430 imb:59 pmb:353 smb:1208 d:s ref:0 ;
in:1191 out:1193 type:b dur:2 cpbdur:2 q:52.08 aq:49.77 tex:4701 mv:2663 misc:1380 imb:146 pmb:317 smb:1157 d:s ref:0 ;
in:1193 out:1194 type:b dur:2 cpbdur:2 q:52.08 aq:49.86 tex:3539 mv:1980 misc:1337 imb:102 pmb:289 smb:1229 d:- ref:0 ;
in:1198 out:1195 type:P dur:2 cpbdur:2 q:52.14 aq:44.65 tex:4802 mv:3658 misc:1284 imb:976 pmb:58 smb:586 d:s ref:0 ;
in:1196 out:1196 type:B dur:2 cpbdur:2 q:52.14 aq:49.07 tex:1450 mv:713 misc:1045 imb:17 pmb:201 smb:1402 d:s ref:0 ;
in:1195 out:1197 type:b dur:2 cpbdur:2 q:52.14 aq:50.72 tex:408 mv:117 misc:459 imb:0 pmb:56 smb:1564 d:s ref:0 ;
in:1197 out:1198 type:b dur:2 cpbdur:2 q:52.14 aq:49.62 tex:773 mv:247 misc:628 imb:4 pmb:90 smb:1526 d:- ref:0 ;
in:1202 out:1199 type:P dur:2 cpbdur:2 q:52.17 aq:46.14 tex:4348 mv:2344 misc:1196 imb:512 pmb:57 smb:1051 d:s ref:0 ;
in:1200 out:1200 type:B dur:2 cpbdur:2 q:52.17 aq:48.70 tex:1147 mv:296 misc:749 imb:5 pmb:125 smb:1490 d:s ref:0 ;
in:1199 out:1201 type:b dur:2 cpbdur:2 q:52.17 aq:48.85 tex:148 mv:26 misc:226 imb:0 pmb:11 smb:1609 d:s ref:0 ;
in:1201 out:1202 type:b dur:2 cpbdur:2 q:52.17 aq:49.34 tex:930 mv:212 misc:594 imb:4 pmb:89 smb:1527 d:- ref:0 ;
in:1204 out:1203 type:P dur:2 cpbdur:2 q:52.12 aq:47.52 tex:2215 mv:1027 misc:1078 imb:205 pmb:72 smb:1343 d:s ref:0 ;
in:1203 out:1204 type:b dur:2 cpbdur:2 q:52.17 aq:49.15 tex:273 mv:66 misc:325 imb:0 pmb:32 smb:1588 d:s ref:0 ;
in:1205 out:1205 type:P dur:2 cpbdur:2 q:52.09 aq:48.93 tex:3386 mv:1204 misc:1034 imb:211 pmb:78 smb:1331 d:s ref:0 ;
in:1206 out:1206 type:P dur:2 cpbdur:2 q:52.09 aq:48.62 tex:5487 mv:2192 misc:1281 imb:418 pmb:115 smb:1087 d:s ref:0 ;
in:1209 out:1207 type:P dur:2 cpbdur:2 q:52.08 aq:49.31 tex:10386 mv:4305 misc:1461 imb:829 pmb:146 smb:645 d:s ref:0 ;
in:1207 out:1208 type:B dur:2 cpbdur:2 q:52.09 aq:49.36 tex:5122 mv:2434 misc:1468 imb:94 pmb:400 smb:1126 d:s ref:0 ;
in:1208 out:1209 type:b dur:2 cpbdur:2 q:52.09 aq:49.72 tex:5162 mv:2620 misc:1482 imb:114 pmb:381 smb:1125 d:- ref:0 ;
in:1212 out:1210 type:P dur:2 cpbdur:2 q:52.17 aq:49.61 tex:7107 mv:3066 misc:1563 imb:599 pmb:98 smb:923 d:s ref:0 ;
in:1210 out:1211 type:B dur:2 cpbdur:2 q:52.16 aq:50.97 tex:64 mv:18 misc:206 imb:0 pmb:5 smb:1615 d:s ref:0 ;
in:1211 out:1212 type:b dur:2 cpbdur:2 q:52.16 aq:50.17 tex:5181 mv:2303 misc:1412 imb:97 pmb:363 smb:1160 d:- ref:0 ;
in:1213 out:1213 type:I dur:2 cpbdur:2 q:49.09 aq:45.71 tex:18032 mv:6925 misc:155 imb:1620 pmb:0 smb:0 d:s ref:;
in:1217 out:1214 type:P dur:2 cpbdur:2 q:52.30 aq:46.07 tex:4021 mv:2557 misc:1366 imb:661 pmb:50 smb:909 d:s ref:0 ;
in:1215 out:1215 type:B dur:2 cpbdur:2 q:52.30 aq:50.14 tex:3157 mv:1294 misc:1261 imb:46 pmb:287 smb:1287 d:s ref:0 ;
in:1214 out:1216 type:b dur:2 cpbdur:2 q:52.30 aq:46.16 tex:41 mv:12 misc:179 imb:0 pmb:3 smb:1617 d:s ref:0 ;
in:1216 out:1217 type:b dur:2 cpbdur:2 q:52.30 aq:50.19 tex:2735 mv:1094 misc:1147 imb:31 pmb:234 smb:1355 d:- ref:0 ;
in:1221 out:1218 type:P dur:2 cpbdur:2 q:52.31 aq:45.17 tex:3789 mv:2677 misc:1206 imb:634 pmb:54 smb:932 d:s ref:0 ;
in:1219 out:1219 type:B dur:2 cpbdur:2 q:52.31 aq:47.99 tex:1798 mv:976 misc:1098 imb:24 pmb:215 smb:1381 d:s ref:0 ;
in:1218 out:1220 type:b dur:2 cpbdur:2 q:52.31 aq:48.15 tex:304 mv:309 misc:651 imb:12 pmb:99 smb:1509 d:s ref:0 ;
in:1220 out:1221 type:b dur:2 cpbdur:2 q:52.31 aq:48.27 tex:589 mv:153 misc:522 imb:1 pmb:66 smb:1553 d:- ref:0 ;
in:1225 out:1222 type:P dur:2 cpbdur:2 q:52.29 aq:47.16 tex:3764 mv:2047 misc:1253 imb:383 pmb:69 smb:1168 d:s ref:0 ;
in:1223 out:1223 type:B dur:2 cpbdur:2 q:52.31 aq:49.37 tex:1358 mv:470 misc:892 imb:13 pmb:159 smb:1448 d:t ref:0 ;
in:1222 out:1224 type:b dur:2 cpbdur:2 q:52.31 aq:49.41 tex:902 mv:366 misc:676 imb:12 pmb:94 smb:1514 d:s ref:0 ;
in:1224 out:1225 type:b dur:2 cpbdur:2 q:52.31 aq:49.40 tex:139 mv:45 misc:264 imb:0 pmb:18 smb:1602 d:- ref:0 ;
in:1228 out:1226 type:P dur:2 cpbdur:2 q:52.25 aq:48.33 tex:7227 mv:2926 misc:1407 imb:561 pmb:120 smb:939 d:s ref:0 ;
in:1226 out:1227 type:B dur:2 cpbdur:2 q:52.29 aq:47.90 tex:1603 mv:617 misc:1012 imb:14 pmb:211 smb:1395 d:s ref:0 ;
in:1227 out:1228 type:b dur:2 cpbdur:2 q:52.29 aq:48.75 tex:2454 mv:785 misc:1041 imb:32 pmb:239 smb:1349 d:- ref:0 ;
in:1229 out:1229 type:P dur:2 cpbdur:2 q:52.25 aq:46.00 tex:0 mv:0 misc:160 imb:0 pmb:0 smb:1620 d:s ref:0 ;
in:1233 out:1230 type:P dur:2 cpbdur:2 q:52.24 aq:49.37 tex:10397 mv:4426 misc:1265 imb:980 pmb:135 smb:505 d:s ref:0 ;
in:1231 out:1231 type:B dur:2 cpbdur:2 q:52.25 aq:49.47 tex:5278 mv:1866 misc:1600 imb:61 pmb:530 smb:1029 d:s ref:0 ;
in:1230 out:1232 type:b dur:2 cpbdur:2 q:52.25 aq:49.60 tex:5827 mv:2014 misc:1487 imb:99 pmb:490 smb:1031 d:s ref:0 ;
in:1232 out:1233 type:b dur:2 cpbdur:2 q:52.25 aq:49.74 tex:5063 mv:1880 misc:1393 imb:71 pmb:440 smb:1109 d:- ref:0 ;
in:1236 out:1234 type:P dur:2 cpbdur:2 q:52.31 aq:49.43 tex:5843 mv:2771 misc:1450 imb:584 pmb:106 smb:930 d:s ref:0 ;
in:1234 out:1235 type:B dur:2 cpbdur:2 q:52.31 aq:49.84 tex:516 mv:174 misc:558 imb:1 pmb:74 smb:1545 d:s ref:0 ;
in:1235 out:1236 type:b dur:2 cpbdur:2 q:52.31 aq:49.52 tex:5164 mv:2080 misc:1420 imb:97 pmb:421 smb:1102 d:- ref:0 ;
in:1237 out:1237 type:i dur:2 cpbdur:2 q:49.28 aq:46.50 tex:11648 mv:5534 misc:138 imb:1620 pmb:0 smb:0 d:s ref:;
in:1238 out:1238 type:P dur:2 cpbdur:2 q:52.38 aq:47.91 tex:3687 mv:1922 misc:1311 imb:416 pmb:62 smb:1142 d:s ref:0 ;
in:1239 out:1239 type:I dur:2 cpbdur:2 q:49.29 aq:43.03 tex:11445 mv:5634 misc:145 imb:1620 pmb:0 smb:0 d:s ref:;
in:1243 out:1240 type:P dur:2 cpbdur:2 q:52.46 aq:45.74 tex:3884 mv:2607 misc:1269 imb:554 pmb:83 smb:983 d:s ref:0 ;
in:1241 out:1241 type:B dur:2 cpbdur:2 q:52.46 aq:48.73 tex:769 mv:380 misc:707 imb:9 pmb:109 smb:1502 d:s ref:0 ;
in:1240 out:1242 type:b dur:2 cpbdur:2 q:52.46 aq:45.25 tex:108 mv:21 misc:199 imb:0 pmb:6 smb:1614 d:s ref:0 ;
in:1242 out:1243 type:b dur:2 cpbdur:2 q:52.46 aq:48.88 tex:563 mv:159 misc:518 imb:3 pmb:65 smb:1552 d:- ref:0 ;
in:1247 out:1244 type:P dur:2 cpbdur:2 q:52.45 aq:47.45 tex:3316 mv:1865 misc:1155 imb:343 pmb:71 smb:1206 d:s ref:0 ;
in:1245 out:1245 type:B dur:2 cpbdur:2 q:52.46 aq:48.26 tex:1162 mv:335 misc:727 imb:9 pmb:120 smb:1491 d:t ref:0 ;
in:1244 out:1246 type:b dur:2 cpbdur:2 q:52.46 aq:48.19 tex:124 mv:51 misc:241 imb:1 pmb:13 smb:1606 d:s ref:0 ;
in:1246 out:1247 type:b dur:2 cpbdur:2 q:52.46 aq:48.68 tex:645 mv:172 misc:495 imb:3 pmb:61 smb:1556 d:- ref:0 ;
in:1249 out:1248 type:P dur:2 cpbdur:2 q:52.39 aq:48.83 tex:2769 mv:1152 misc:1039 imb:209 pmb:70 smb:1341 d:s ref:0 ;
in:1248 out:1249 type:b dur:2 cpbdur:2 q:52.45 aq:49.43 tex:333 mv:103 misc:428 imb:0 pmb:54 smb:1566 d:s ref:0 ;
in:1251 out:1250 type:P dur:2 cpbdur:2 q:52.36 aq:49.56 tex:6818 mv:2722 misc:1476 imb:546 pmb:110 smb:964 d:s ref:0 ;
in:1250 out:1251 type:b dur:2 cpbdur:2 q:52.39 aq:49.31 tex:3946 mv:1562 misc:1340 imb:54 pmb:412 smb:1154 d:s ref:0 ;
in:1255 out:1252 type:P dur:2 cpbdur:2 q:52.37 aq:49.57 tex:7946 mv:3296 misc:1558 imb:689 pmb:108 smb:823 d:s ref:0 ;
in:1253 out:1253 type:B dur:2 cpbdur:2 q:52.37 aq:49.88 tex:4847 mv:1681 misc:1520 imb:53 pmb:454 smb:1113 d:s ref:0 ;
in:1252 out:1254 type:b dur:2 cpbdur:2 q:52.37 aq:49.55 tex:5312 mv:1998 misc:1498 imb:102 pmb:452 smb:1066 d:s ref:0 ;
in:1254 out:1255 type:b dur:2 cpbdur:2 q:52.37 aq:49.64 tex:745 mv:212 misc:739 imb:2 pmb:119 smb:1499 d:- ref:0 ;
in:1259 out:1256 type:P dur:2 cpbdur:2 q:52.45 aq:48.98 tex:4766 mv:2640 misc:1506 imb:543 pmb:80 smb:997 d:s ref:0 ;
in:1257 out:1257 type:B dur:2 cpbdur:2 q:52.45 aq:49.55 tex:4554 mv:1646 misc:1512 imb:73 pmb:424 smb:1123 d:s ref:0 ;
in:1256 out:1258 type:b dur:2 cpbdur:2 q:52.44 aq:49.62 tex:5177 mv:2018 misc:1477 imb:122 pmb:396 smb:1102 d:s ref:0 ;
in:1258 out:1259 type:b dur:2 cpbdur:2 q:52.45 aq:49.10 tex:815 mv:306 misc:767 imb:6 pmb:148 smb:1466 d:- ref:0 ;
in:1260 out:1260 type:i dur:2 cpbdur:2 q:49.42 aq:45.61 tex:11553 mv:5597 misc:162 imb:1620 pmb:0 smb:0 d:s ref:;
in:1264 out:1261 type:P dur:2 cpbdur:2 q:52.52 aq:45.01 tex:3429 mv:2593 misc:1298 imb:627 pmb:55 smb:938 d:s ref:0 ;
in:1262 out:1262 type:B dur:2 cpbdur:2 q:52.52 aq:48.62 tex:1281 mv:837 misc:1138 imb:23 pmb:251 smb:1346 d:s ref:0 ;
in:1261 out:1263 type:b dur:2 cpbdur:2 q:52.52 aq:48.70 tex:1198 mv:698 misc:944 imb:15 pmb:198 smb:1407 d:s ref:0 ;
in:1263 out:1264 type:b dur:2 cpbdur:2 q:52.52 aq:48.49 tex:194 mv:59 misc:315 imb:0 pmb:28 smb:1592 d:- ref:0 ;
in:1268 out:1265 type:P dur:2 cpbdur:2 q:52.52 aq:44.71 tex:3853 mv:2696 misc:1203 imb:583 pmb:67 smb:970 d:s ref:0 ;
in:1266 out:1266 type:B dur:2 cpbdur:2 q:52.52 aq:48.20 tex:1558 mv:487 misc:931 imb:9 pmb:196 smb:1415 d:t ref:0 ;
in:1265 out:1267 type:b dur:2 cpbdur:2 q:52.52 aq:49.16 tex:610 mv:162 misc:572 imb:3 pmb:82 smb:1535 d:s ref:0 ;
in:1267 out:1268 type:b dur:2 cpbdur:2 q:52.52 aq:49.47 tex:346 mv:74 misc:380 imb:1 pmb:37 smb:1582 d:- ref:0 ;
in:1272 out:1269 type:P dur:2 cpbdur:2 q:52.48 aq:44.63 tex:4539 mv:2500 misc:1385 imb:478 pmb:88 smb:1054 d:s ref:0 ;
in:1270 out:1270 type:B dur:2 cpbdur:2 q:52.52 aq:47.47 tex:898 mv:252 misc:650 imb:2 pmb:112 smb:1506 d:s ref:0 ;
in:1269 out:1271 type:b dur:2 cpbdur:2 q:52.52 aq:46.70 tex:241 mv:71 misc:312 imb:0 pmb:27 smb:1593 d:s ref:0 ;
in:1271 out:1272 type:b dur:2 cpbdur:2 q:52.52 aq:48.52 tex:318 mv:178 misc:376 imb:4 pmb:39 smb:1577 d:- ref:0 ;
in:1276 out:1273 type:P dur:2 cpbdur:2 q:52.44 aq:44.98 tex:5341 mv:2876 misc:1183 imb:630 pmb:75 smb:915 d:s ref:0 ;
in:1274 out:1274 type:B dur:2 cpbdur:2 q:52.48 aq:48.52 tex:2353 mv:786 misc:621 imb:7 pmb:160 smb:1453 d:t ref:0 ;
in:1273 out:1275 type:b dur:2 cpbdur:2 q:52.48 aq:49.47 tex:423 mv:212 misc:461 imb:1 pmb:79 smb:1540 d:s ref:0 ;
in:1275 out:1276 type:b dur:2 cpbdur:2 q:52.48 aq:49.06 tex:1062 mv:744 misc:474 imb:3 pmb:105 smb:1512 d:- ref:0 ;
in:1278 out:1277 type:P dur:2 cpbdur:2 q:52.42 aq:45.09 tex:4163 mv:2735 misc:1142 imb:445 pmb:97 smb:1078 d:s ref:0 ;
in:1277 out:1278 type:b dur:2 cpbdur:2 q:52.44 aq:49.30 tex:782 mv:673 misc:505 imb:2 pmb:92 smb:1526 d:t ref:0 ;
in:1281 out:1279 type:P dur:2 cpbdur:2 q:52.40 aq:46.51 tex:3348 mv:2648 misc:1140 imb:413 pmb:107 smb:1100 d:s ref:0 ;
in:1279 out:1280 type:B dur:2 cpbdur:2 q:52.42 aq:49.27 tex:361 mv:178 misc:469 imb:1 pmb:87 smb:1532 d:s ref:0 ;
in:1280 out:1281 type:b dur:2 cpbdur:2 q:52.42 aq:45.81 tex:728 mv:485 misc:459 imb:3 pmb:80 smb:1537 d:- ref:0 ;
in:1282 out:1282 type:I dur:2 cpbdur:2 q:49.51 aq:39.73 tex:8723 mv:5994 misc:147 imb:1620 pmb:0 smb:0 d:s ref:;
in:1284 out:1283 type:P dur:2 cpbdur:2 q:52.39 aq:43.85 tex:2669 mv:2505 misc:1114 imb:312 pmb:134 smb:1174 d:s ref:0 ;
in:1283 out:1284 type:b dur:2 cpbdur:2 q:52.39 aq:50.73 tex:191 mv:57 misc:296 imb:0 pmb:26 smb:1594 d:t ref:0 ;
in:1288 out:1285 type:P dur:2 cpbdur:2 q:52.42 aq:44.87 tex:4270 mv:3156 misc:1262 imb:448 pmb:129 smb:1043 d:s ref:0 ;
in:1286 out:1286 type:B dur:2 cpbdur:2 q:52.41 aq:47.25 tex:219 mv:259 misc:306 imb:13 pmb:22 smb:1585 d:s ref:0 ;
in:1285 out:1287 type:b dur:2 cpbdur:2 q:52.41 aq:49.75 tex:79 mv:42 misc:223 imb:1 pmb:10 smb:1609 d:s ref:0 ;
in:1287 out:1288 type:b dur:2 cpbdur:2 q:52.42 aq:45.84 tex:157 mv:176 misc:251 imb:9 pmb:18 smb:1593 d:- ref:0 ;
in:1292 out:1289 type:P dur:2 cpbdur:2 q:52.38 aq:45.21 tex:5087 mv:3524 misc:1245 imb:472 pmb:152 smb:996 d:s ref:0 ;
in:1290 out:1290 type:B dur:2 cpbdur:2 q:52.41 aq:47.39 tex:1502 mv:751 misc:475 imb:10 pmb:113 smb:1497 d:s ref:0 ;
in:1289 out:1291 type:b dur:2 cpbdur:2 q:52.42 aq:46.54 tex:150 mv:167 misc:259 imb:4 pmb:31 smb:1585 d:s ref:0 ;
in:1291 out:1292 type:b dur:2 cpbdur:2 q:52.41 aq:46.88 tex:1068 mv:851 misc:353 imb:14 pmb:85 smb:1521 d:- ref:0 ;
in:1296 out:1293 type:P dur:2 cpbdur:2 q:52.35 aq:45.85 tex:4789 mv:3796 misc:1287 imb:589 pmb:126 smb:905 d:s ref:0 ;
in:1294 out:1294 type:B dur:2 cpbdur:2 q:52.38 aq:45.49 tex:1250 mv:1290 misc:524 imb:28 pmb:149 smb:1443 d:s ref:0 ;
in:1293 out:1295 type:b dur:2 cpbdur:2 q:52.38 aq:48.61 tex:330 mv:215 misc:439 imb:1 pmb:67 smb:1552 d:s ref:0 ;
in:1295 out:1296 type:b dur:2 cpbdur:2 q:52.38 aq:47.46 tex:629 mv:614 misc:413 imb:10 pmb:74 smb:1536 d:- ref:0 ;
in:1299 out:1297 type:P dur:2 cpbdur:2 q:52.33 aq:45.27 tex:5292 mv:4482 misc:1178 imb:704 pmb:137 smb:779 d:s ref:0 ;
in:1297 out:1298 type:B dur:2 cpbdur:2 q:52.35 aq:47.30 tex:1034 mv:908 misc:610 imb:22 pmb:127 smb:1471 d:s ref:0 ;
in:1298 out:1299 type:b dur:2 cpbdur:2 q:52.35 aq:45.10 tex:450 mv:318 misc:416 imb:7 pmb:58 smb:1555 d:- ref:0 ;
in:1303 out:1300 type:P dur:2 cpbdur:2 q:52.33 aq:44.97 tex:3912 mv:3934 misc:1450 imb:553 pmb:159 smb:908 d:s ref:0 ;
in:1301 out:1301 type:B dur:2 cpbdur:2 q:52.33 aq:48.96 tex:182 mv:68 misc:286 imb:0 pmb:20 smb:1600 d:s ref:0 ;
in:1300 out:1302 type:b dur:2 cpbdur:2 q:52.33 aq:47.51 tex:150 mv:79 misc:307 imb:0 pmb:33 smb:1587 d:s ref:0 ;
in:1302 out:1303 type:b dur:2 cpbdur:2 q:52.33 aq:48.10 tex:43 mv:17 misc:188 imb:0 pmb:5 smb:1615 d:- ref:0 ;
in:1307 out:1304 type:P dur:2 cpbdur:2 q:52.29 aq:44.78 tex:3666 mv:3447 misc:1447 imb:539 pmb:136 smb:945 d:s ref:0 ;
in:1305 out:1305 type:B dur:2 cpbdur:2 q:52.33 aq:48.49 tex:120 mv:34 misc:254 imb:0 pmb:13 smb:1607 d:s ref:0 ;
in:1304 out:1306 type:b dur:2 cpbdur:2 q:52.33 aq:50.00 tex:37 mv:24 misc:203 imb:0 pmb:7 smb:1613 d:s ref:0 ;
in:1306 out:1307 type:b dur:2 cpbdur:2 q:52.33 aq:49.61 tex:19 mv:8 misc:165 imb:0 pmb:2 smb:1618 d:- ref:0 ;
in:1311 out:1308 type:P dur:2 cpbdur:2 q:52.24 aq:45.34 tex:3776 mv:3643 misc:1525 imb:533 pmb:153 smb:934 d:s ref:0 ;
in:1309 out:1309 type:B dur:2 cpbdur:2 q:52.29 aq:45.89 tex:175 mv:70 misc:299 imb:0 pmb:22 smb:1598 d:s ref:0 ;
in:1308 out:1310 type:b dur:2 cpbdur:2 q:52.29 aq:45.23 tex:90 mv:47 misc:223 imb:1 pmb:10 smb:1609 d:s ref:0 ;
in:1310 out:1311 type:b dur:2 cpbdur:2 q:52.29 aq:42.00 tex:0 mv:3 misc:157 imb:0 pmb:1 smb:1619 d:- ref:0 ;
in:1314 out:1312 type:P dur:2 cpbdur:2 q:52.20 aq:43.87 tex:3893 mv:3769 misc:1450 imb:612 pmb:134 smb:874 d:s ref:0 ;
in:1312 out:1313 type:B dur:2 cpbdur:2 q:52.24 aq:49.66 tex:121 mv:49 misc:254 imb:0 pmb:15 smb:1605 d:s ref:0 ;
in:1313 out:1314 type:b dur:2 cpbdur:2 q:52.24 aq:47.59 tex:63 mv:16 misc:185 imb:0 pmb:4 smb:1616 d:- ref:0 ;
in:1318 out:1315 type:P dur:2 cpbdur:2 q:52.17 aq:43.47 tex:3589 mv:3457 misc:1370 imb:569 pmb:146 smb:905 d:s ref:0 ;
in:1316 out:1316 type:B dur:2 cpbdur:2 q:52.19 aq:41.55 tex:109 mv:31 misc:236 imb:0 pmb:11 smb:1609 d:s ref:0 ;
in:1315 out:1317 type:b dur:2 cpbdur:2 q:52.19 aq:45.71 tex:86 mv:22 misc:196 imb:0 pmb:7 smb:1613 d:s ref:0 ;
in:1317 out:1318 type:b dur:2 cpbdur:2 q:52.19 aq:44.93 tex:28 mv:5 misc:159 imb:0 pmb:1 smb:1619 d:- ref:0 ;
in:1322 out:1319 type:P dur:2 cpbdur:2 q:52.12 aq:44.10 tex:3474 mv:3097 misc:1333 imb:437 pmb:146 smb:1037 d:s ref:0 ;
in:1320 out:1320 type:B dur:2 cpbdur:2 q:52.17 aq:44.04 tex:210 mv:178 misc:244 imb:4 pmb:18 smb:1598 d:s ref:0 ;
in:1319 out:1321 type:b dur:2 cpbdur:2 q:52.17 aq:42.68 tex:54 mv:46 misc:196 imb:2 pmb:5 smb:1613 d:s ref:0 ;
in:1321 out:1322 type:b dur:2 cpbdur:2 q:52.17 aq:46.85 tex:107 mv:122 misc:203 imb:0 pmb:16 smb:1604 d:- ref:0 ;
in:1326 out:1323 type:P dur:2 cpbdur:2 q:52.07 aq:44.04 tex:3809 mv:3353 misc:1310 imb:489 pmb:127 smb:1004 d:s ref:0 ;
in:1324 out:1324 type:B dur:2 cpbdur:2 q:52.12 aq:44.75 tex:365 mv:369 misc:290 imb:13 pmb:29 smb:1578 d:t ref:0 ;
in:1323 out:1325 type:b dur:2 cpbdur:2 q:52.12 aq:43.45 tex:125 mv:70 misc:269 imb:1 pmb:21 smb:1598 d:s ref:0 ;
in:1325 out:1326 type:b dur:2 cpbdur:2 q:52.12 aq:39.52 tex:163 mv:76 misc:193 imb:0 pmb:10 smb:1610 d:- ref:0 ;
in:1329 out:1327 type:P dur:2 cpbdur:2 q:52.02 aq:44.05 tex:7277 mv:4345 misc:1258 imb:628 pmb:144 smb:848 d:s ref:0 ;
in:1327 out:1328 type:B dur:2 cpbdur:2 q:52.07 aq:42.59 tex:1976 mv:422 misc:386 imb:5 pmb:97 smb:1518 d:t ref:0 ;
in:1328 out:1329 type:b dur:2 cpbdur:2 q:52.07 aq:46.06 tex:1546 mv:794 misc:388 imb:7 pmb:87 smb:1526 d:- ref:0 ;
in:1333 out:1330 type:P dur:2 cpbdur:2 q:52.03 aq:44.12 tex:6969 mv:4291 misc:1252 imb:646 pmb:147 smb:827 d:s ref:0 ;
in:1331 out:1331 type:B dur:2 cpbdur:2 q:52.03 aq:44.16 tex:1345 mv:1118 misc:553 imb:7 pmb:149 smb:1464 d:s ref:0 ;
in:1330 out:1332 type:b dur:2 cpbdur:2 q:52.03 aq:43.01 tex:154 mv:87 misc:295 imb:0 pmb:44 smb:1576 d:s ref:0 ;
in:1332 out:1333 type:b dur:2 cpbdur:2 q:52.03 aq:45.12 tex:1035 mv:608 misc:461 imb:1 pmb:104 smb:1515 d:- ref:0 ;
in:1337 out:1334 type:P dur:2 cpbdur:2 q:52.02 aq:45.38 tex:7297 mv:4653 misc:1258 imb:658 pmb:156 smb:806 d:s ref:0 ;
in:1335 out:1335 type:B dur:2 cpbdur:2 q:52.03 aq:45.39 tex:2164 mv:1170 misc:562 imb:12 pmb:152 smb:1456 d:s ref:0 ;
in:1334 out:1336 type:b dur:2 cpbdur:2 q:52.03 aq:40.63 tex:283 mv:125 misc:456 imb:1 pmb:81 smb:1538 d:s ref:0 ;
in:1336 out:1337 type:b dur:2 cpbdur:2 q:52.03 aq:46.48 tex:1674 mv:924 misc:482 imb:10 pmb:107 smb:1503 d:- ref:0 ;
in:1341 out:1338 type:P dur:2 cpbdur:2 q:52.02 aq:44.09 tex:6158 mv:4666 misc:1272 imb:695 pmb:154 smb:771 d:s ref:0 ;
in:1339 out:1339 type:B dur:2 cpbdur:2 q:52.02 aq:45.33 tex:1459 mv:1273 misc:588 imb:20 pmb:141 smb:1459 d:s ref:0 ;
in:1338 out:1340 type:b dur:2 cpbdur:2 q:52.02 aq:46.83 tex:467 mv:326 misc:511 imb:1 pmb:89 smb:1530 d:s ref:0 ;
in:1340 out:1341 type:b dur:2 cpbdur:2 q:52.02 aq:45.51 tex:694 mv:731 misc:447 imb:2 pmb:83 smb:1535 d:- ref:0 ;
in:1345 out:1342 type:P dur:2 cpbdur:2 q:52.02 aq:44.24 tex:4706 mv:3848 misc:1318 imb:557 pmb:155 smb:908 d:s ref:0 ;
in:1343 out:1343 type:B dur:2 cpbdur:2 q:52.02 aq:48.05 tex:747 mv:720 misc:589 imb:14 pmb:106 smb:1500 d:s ref:0 ;
in:1342 out:1344 type:b dur:2 cpbdur:2 q:52.02 aq:47.49 tex:525 mv:518 misc:445 imb:4 pmb:66 smb:1550 d:s ref:0 ;
in:1344 out:1345 type:b dur:2 cpbdur:2 q:52.02 aq:48.87 tex:192 mv:118 misc:386 imb:0 pmb:52 smb:1568 d:- ref:0 ;
in:1349 out:1346 type:P dur:2 cpbdur:2 q:51.99 aq:44.09 tex:4690 mv:4016 misc:1366 imb:623 pmb:135 smb:862 d:s ref:0 ;
in:1347 out:1347 type:B dur:2 cpbdur:2 q:52.02 aq:44.49 tex:691 mv:389 misc:672 imb:6 pmb:146 smb:1468 d:s ref:0 ;
in:1346 out:1348 type:b dur:2 cpbdur:2 q:52.02 aq:47.53 tex:496 mv:300 misc:468 imb:1 pmb:79 smb:1540 d:s ref:0 ;
in:1348 out:1349 type:b dur:2 cpbdur:2 q:52.02 aq:48.55 tex:163 mv:46 misc:287 imb:0 pmb:22 smb:1598 d:- ref:0 ;
in:1353 out:1350 type:P dur:2 cpbdur:2 q:51.96 aq:44.65 tex:4757 mv:4343 misc:1348 imb:675 pmb:178 smb:767 d:s ref:0 ;
in:1351 out:1351 type:B dur:2 cpbdur:2 q:51.99 aq:45.82 tex:453 mv:162 misc:417 imb:2 pmb:59 smb:1559 d:s ref:0 ;
in:1350 out:1352 type:b dur:2 cpbdur:2 q:51.99 aq:46.56 tex:93 mv:43 misc:208 imb:0 pmb:9 smb:1611 d:s ref:0 ;
in:1352 out:1353 type:b dur:2 cpbdur:2 q:51.99 aq:44.04 tex:63 mv:63 misc:194 imb:2 pmb:13 smb:1605 d:- ref:0 ;
in:1357 out:1354 type:P dur:2 cpbdur:2 q:51.93 aq:47.04 tex:5524 mv:3592 misc:1468 imb:582 pmb:174 smb:864 d:s ref:0 ;
in:1355 out:1355 type:B dur:2 cpbdur:2 q:51.96 aq:45.03 tex:823 mv:671 misc:530 imb:26 pmb:116 smb:1478 d:s ref:0 ;
in:1354 out:1356 type:b dur:2 cpbdur:2 q:51.96 aq:45.70 tex:197 mv:104 misc:291 imb:1 pmb:35 smb:1584 d:s ref:0 ;
in:1356 out:1357 type:b dur:2 cpbdur:2 q:51.96 aq:49.42 tex:620 mv:600 misc:468 imb:18 pmb:86 smb:1516 d:- ref:0 ;
in:1358 out:1358 type:P dur:2 cpbdur:2 q:51.89 aq:48.07 tex:2337 mv:1676 misc:1179 imb:175 pmb:119 smb:1326 d:s ref:0 ;
in:1359 out:1359 type:I dur:2 cpbdur:2 q:49.12 aq:42.48 tex:13821 mv:6933 misc:150 imb:1620 pmb:0 smb:0 d:s ref:;
in:1363 out:1360 type:P dur:2 cpbdur:2 q:51.93 aq:47.14 tex:6194 mv:4366 misc:1376 imb:629 pmb:195 smb:796 d:s ref:0 ;
in:1361 out:1361 type:B dur:2 cpbdur:2 q:51.93 aq:48.95 tex:955 mv:1060 misc:729 imb:27 pmb:132 smb:1461 d:s ref:0 ;
in:1360 out:1362 type:b dur:2 cpbdur:2 q:51.93 aq:45.37 tex:112 mv:84 misc:348 imb:0 pmb:44 smb:1576 d:s ref:0 ;
in:1362 out:1363 type:b dur:2 cpbdur:2 q:51.93 aq:50.29 tex:683 mv:567 misc:590 imb:20 pmb:83 smb:1517 d:- ref:0 ;
in:1367 out:1364 type:P dur:2 cpbdur:2 q:51.94 aq:47.88 tex:6210 mv:4395 misc:1531 imb:625 pmb:174 smb:821 d:s ref:0 ;
in:1365 out:1365 type:B dur:2 cpbdur:2 q:51.94 aq:49.97 tex:1082 mv:643 misc:747 imb:10 pmb:113 smb:1497 d:s ref:0 ;
in:1364 out:1366 type:b dur:2 cpbdur:2 q:51.94 aq:45.78 tex:78 mv:33 misc:225 imb:0 pmb:11 smb:1609 d:s ref:0 ;
in:1366 out:1367 type:b dur:2 cpbdur:2 q:51.94 aq:50.31 tex:855 mv:652 misc:581 imb:19 pmb:70 smb:1531 d:- ref:0 ;
in:1371 out:1368 type:P dur:2 cpbdur:2 q:51.93 aq:47.54 tex:6435 mv:4692 misc:1377 imb:728 pmb:176 smb:716 d:s ref:0 ;
in:1369 out:1369 type:B dur:2 cpbdur:2 q:51.94 aq:50.24 tex:1467 mv:967 misc:926 imb:29 pmb:170 smb:1421 d:s ref:0 ;
in:1368 out:1370 type:b dur:2 cpbdur:2 q:51.94 aq:49.49 tex:254 mv:136 misc:458 imb:2 pmb:52 smb:1566 d:s ref:0 ;
in:1370 out:1371 type:b dur:2 cpbdur:2 q:51.94 aq:51.00 tex:189 mv:169 misc:346 imb:1 pmb:32 smb:1587 d:- ref:0 ;
in:1375 out:1372 type:P dur:2 cpbdur:2 q:51.92 aq:47.52 tex:6226 mv:4810 misc:1484 imb:758 pmb:166 smb:696 d:s ref:0 ;
in:1373 out:1373 type:B dur:2 cpbdur:2 q:51.93 aq:50.31 tex:635 mv:346 misc:803 imb:4 pmb:136 smb:1480 d:s ref:0 ;
in:1372 out:1374 type:b dur:2 cpbdur:2 q:51.93 aq:50.87 tex:242 mv:123 misc:419 imb:2 pmb:45 smb:1573 d:s ref:0 ;
in:1374 out:1375 type:b dur:2 cpbdur:2 q:51.93 aq:50.82 tex:182 mv:118 misc:388 imb:2 pmb:37 smb:1581 d:- ref:0 ;
in:1378 out:1376 type:P dur:2 cpbdur:2 q:51.89 aq:46.93 tex:6004 mv:4709 misc:1391 imb:725 pmb:166 smb:729 d:s ref:0 ;
in:1376 out:1377 type:B dur:2 cpbdur:2 q:51.92 aq:50.84 tex:306 mv:109 misc:481 imb:0 pmb:60 smb:1560 d:s ref:0 ;
in:1377 out:1378 type:b dur:2 cpbdur:2 q:51.92 aq:51.00 tex:87 mv:63 misc:266 imb:0 pmb:22 smb:1598 d:- ref:0 ;
in:1382 out:1379 type:P dur:2 cpbdur:2 q:51.89 aq:46.21 tex:4548 mv:3699 misc:1457 imb:682 pmb:160 smb:778 d:s ref:0 w:4,17,-5,6,65,-5,66,-3 ;
in:1380 out:1380 type:B dur:2 cpbdur:2 q:51.89 aq:47.96 tex:794 mv:352 misc:742 imb:8 pmb:145 smb:1467 d:s ref:0 ;
in:1379 out:1381 type:b dur:2 cpbdur:2 q:51.89 aq:49.05 tex:389 mv:138 misc:449 imb:0 pmb:67 smb:1553 d:s ref:0 ;
in:1381 out:1382 type:b dur:2 cpbdur:2 q:51.89 aq:47.85 tex:84 mv:35 misc:217 imb:0 pmb:11 smb:1609 d:- ref:0 ;
in:1386 out:1383 type:P dur:2 cpbdur:2 q:51.85 aq:47.39 tex:3676 mv:2976 misc:1452 imb:462 pmb:195 smb:963 d:s ref:0 ;
in:1384 out:1384 type:B dur:2 cpbdur:2 q:51.89 aq:46.03 tex:467 mv:197 misc:464 imb:2 pmb:56 smb:1562 d:s ref:0 ;
in:1383 out:1385 type:b dur:2 cpbdur:2 q:51.89 aq:49.81 tex:145 mv:66 misc:269 imb:2 pmb:16 smb:1602 d:s ref:0 ;
in:1385 out:1386 type:b dur:2 cpbdur:2 q:51.89 aq:50.00 tex:31 mv:22 misc:187 imb:0 pmb:6 smb:1614 d:- ref:0 ;
in:1390 out:1387 type:P dur:2 cpbdur:2 q:51.80 aq:46.82 tex:5655 mv:4088 misc:1441 imb:651 pmb:279 smb:690 d:s ref:0 w:3,7,1,4,17,-10,16,0 ;
in:1388 out:1388 type:B dur:2 cpbdur:2 q:51.85 aq:47.92 tex:633 mv:280 misc:719 imb:3 pmb:119 smb:1498 d:s ref:0 ;
in:1387 out:1389 type:b dur:2 cpbdur:2 q:51.85 aq:49.12 tex:189 mv:115 misc:272 imb:1 pmb:24 smb:1595 d:s ref:0 ;
in:1389 out:1390 type:b dur:2 cpbdur:2 q:51.85 aq:47.82 tex:280 mv:93 misc:387 imb:0 pmb:44 smb:1576 d:- ref:0 ;
in:1394 out:1391 type:P dur:2 cpbdur:2 q:51.77 aq:46.25 tex:5787 mv:3431 misc:1518 imb:552 pmb:262 smb:806 d:s ref:0 w:7,103,4,6,69,-15,62,5 ;
in:1392 out:1392 type:B dur:2 cpbdur:2 q:51.80 aq:46.94 tex:631 mv:237 misc:612 imb:1 pmb:113 smb:1506 d:s ref:0 ;
in:1391 out:1393 type:b dur:2 cpbdur:2 q:51.80 aq:49.06 tex:241 mv:50 misc:285 imb:0 pmb:22 smb:1598 d:s ref:0 ;
in:1393 out:1394 type:b dur:2 cpbdur:2 q:51.80 aq:49.09 tex:392 mv:164 misc:460 imb:2 pmb:56 smb:1562 d:- ref:0 ;
in:1398 out:1395 type:P dur:2 cpbdur:2 q:51.74 aq:43.75 tex:7665 mv:4940 misc:1035 imb:957 pmb:241 smb:422 d:s ref:0 w:6,35,11,7,125,0,86,41 ;
in:1396 out:1396 type:B dur:2 cpbdur:2 q:51.77 aq:47.56 tex:1207 mv:354 misc:831 imb:4 pmb:171 smb:1445 d:s ref:0 ;
in:1395 out:1397 type:b dur:2 cpbdur:2 q:51.77 aq:48.93 tex:143 mv:60 misc:253 imb:0 pmb:16 smb:1604 d:s ref:0 ;
in:1397 out:1398 type:b dur:2 cpbdur:2 q:51.77 aq:50.15 tex:73 mv:24 misc:207 imb:0 pmb:7 smb:1613 d:- ref:0 ;
in:1402 out:1399 type:P dur:2 cpbdur:2 q:51.73 aq:44.00 tex:4721 mv:3928 misc:935 imb:803 pmb:147 smb:670 d:s ref:0 ;
in:1400 out:1400 type:B dur:2 cpbdur:2 q:51.74 aq:48.08 tex:592 mv:153 misc:519 imb:3 pmb:71 smb:1546 d:s ref:0 ;
in:1399 out:1401 type:b dur:2 cpbdur:2 q:51.74 aq:48.37 tex:516 mv:157 misc:503 imb:1 pmb:91 smb:1528 d:s ref:0 ;
in:1401 out:1402 type:b dur:2 cpbdur:2 q:51.74 aq:47.02 tex:373 mv:116 misc:367 imb:3 pmb:37 smb:1580 d:- ref:0 ;
in:1404 out:1403 type:P dur:2 cpbdur:2 q:51.69 aq:43.11 tex:4195 mv:3332 misc:1233 imb:597 pmb:226 smb:797 d:s ref:0 ;
in:1403 out:1404 type:b dur:2 cpbdur:2 q:51.73 aq:46.53 tex:313 mv:58 misc:333 imb:0 pmb:33 smb:1587 d:s ref:0 ;
in:1405 out:1405 type:P dur:2 cpbdur:2 q:51.67 aq:40.26 tex:209 mv:89 misc:294 imb:8 pmb:14 smb:1598 d:s ref:0 ;
in:1408 out:1406 type:P dur:2 cpbdur:2 q:51.68 aq:42.89 tex:4393 mv:3567 misc:1280 imb:696 pmb:221 smb:703 d:s ref:0 ;
in:1406 out:1407 type:B dur:2 cpbdur:2 q:51.68 aq:48.06 tex:293 mv:102 misc:333 imb:1 pmb:37 smb:1582 d:s ref:0 ;
in:1407 out:1408 type:b dur:2 cpbdur:2 q:51.68 aq:47.09 tex:449 mv:102 misc:449 imb:0 pmb:70 smb:1550 d:- ref:0 ;
in:1409 out:1409 type:P dur:2 cpbdur:2 q:51.64 aq:43.56 tex:281 mv:122 misc:325 imb:11 pmb:22 smb:1587 d:s ref:0 ;
in:1411 out:1410 type:P dur:2 cpbdur:2 q:51.63 aq:43.54 tex:2442 mv:1628 misc:1322 imb:254 pmb:135 smb:1231 d:s ref:0 w:6,67,0,6,59,11,64,0 ;
in:1410 out:1411 type:b dur:2 cpbdur:2 q:51.64 aq:45.69 tex:282 mv:94 misc:320 imb:0 pmb:35 smb:1585 d:t ref:0 ;
in:1413 out:1412 type:P dur:2 cpbdur:2 q:51.60 aq:41.39 tex:2886 mv:2428 misc:1286 imb:448 pmb:144 smb:1028 d:s ref:0 ;
in:1412 out:1413 type:b dur:2 cpbdur:2 q:51.63 aq:44.35 tex:186 mv:93 misc:289 imb:0 pmb:28 smb:1592 d:t ref:0 ;
in:1415 out:1414 type:P dur:2 cpbdur:2 q:51.58 aq:42.69 tex:1493 mv:993 misc:1002 imb:153 pmb:104 smb:1363 d:s ref:0 ;
in:1414 out:1415 type:b dur:2 cpbdur:2 q:51.60 aq:47.40 tex:56 mv:20 misc:188 imb:0 pmb:5 smb:1615 d:s ref:0 ;
in:1417 out:1416 type:P dur:2 cpbdur:2 q:51.57 aq:41.53 tex:2528 mv:1743 misc:1113 imb:356 pmb:122 smb:1142 d:s ref:0 ;
in:1416 out:1417 type:b dur:2 cpbdur:2 q:51.58 aq:47.17 tex:133 mv:50 misc:225 imb:0 pmb:12 smb:1608 d:s ref:0 ;
in:1419 out:1418 type:P dur:2 cpbdur:2 q:51.53 aq:41.58 tex:2475 mv:1873 misc:1228 imb:356 pmb:116 smb:1148 d:s ref:0 w:5,33,-1 ;
in:1418 out:1419 type:b dur:2 cpbdur:2 q:51.57 aq:49.04 tex:86 mv:61 misc:229 imb:0 pmb:13 smb:1607 d:s ref:0 ;
in:1420 out:1420 type:P dur:2 cpbdur:2 q:51.53 aq:41.27 tex:292 mv:141 misc:295 imb:16 pmb:13 smb:1591 d:s ref:0 ;
in:1423 out:1421 type:P dur:2 cpbdur:2 q:51.51 aq:41.05 tex:2585 mv:1880 misc:1127 imb:469 pmb:93 smb:1058 d:s ref:0 ;
in:1421 out:1422 type:B dur:2 cpbdur:2 q:51.53 aq:46.95 tex:143 mv:22 misc:219 imb:0 pmb:8 smb:1612 d:s ref:0 ;
in:1422 out:1423 type:b dur:2 cpbdur:2 q:51.53 aq:46.44 tex:89 mv:33 misc:182 imb:1 pmb:4 smb:1615 d:- ref:0 ;
in:1426 out:1424 type:P dur:2 cpbdur:2 q:51.46 aq:39.95 tex:2971 mv:2408 misc:1117 imb:708 pmb:82 smb:830 d:s ref:0 ;
in:1424 out:1425 type:B dur:2 cpbdur:2 q:51.51 aq:45.32 tex:104 mv:90 misc:294 imb:2 pmb:23 smb:1595 d:s ref:0 ;
in:1425 out:1426 type:b dur:2 cpbdur:2 q:51.51 aq:45.93 tex:110 mv:34 misc:176 imb:0 pmb:4 smb:1616 d:- ref:0 ;
in:1428 out:1427 type:P dur:2 cpbdur:2 q:51.43 aq:39.30 tex:1462 mv:1121 misc:857 imb:260 pmb:39 smb:1321 d:s ref:0 ;
in:1427 out:1428 type:b dur:2 cpbdur:2 q:51.46 aq:43.95 tex:84 mv:40 misc:268 imb:0 pmb:22 smb:1598 d:s ref:0 ;
in:1429 out:1429 type:P dur:2 cpbdur:2 q:51.39 aq:38.53 tex:383 mv:227 misc:390 imb:22 pmb:15 smb:1583 d:s ref:0 ;
in:1433 out:1430 type:P dur:2 cpbdur:2 q:51.38 aq:39.60 tex:960 mv:481 misc:591 imb:67 pmb:36 smb:1517 d:s ref:0 ;
in:1431 out:1431 type:B dur:2 cpbdur:2 q:51.39 aq:46.03 tex:114 mv:33 misc:205 imb:1 pmb:5 smb:1614 d:s ref:0 ;
in:1430 out:1432 type:b dur:2 cpbdur:2 q:51.39 aq:46.80 tex:54 mv:26 misc:168 imb:0 pmb:2 smb:1618 d:s ref:0 ;
in:1432 out:1433 type:b dur:2 cpbdur:2 q:51.39 aq:46.44 tex:83 mv:16 misc:173 imb:0 pmb:4 smb:1616 d:- ref:0 ;
in:1437 out:1434 type:P dur:2 cpbdur:2 q:51.30 aq:40.92 tex:435 mv:241 misc:412 imb:28 pmb:13 smb:1579 d:s ref:0 ;
in:1435 out:1435 type:B dur:2 cpbdur:2 q:51.38 aq:44.74 tex:86 mv:16 misc:186 imb:0 pmb:4 smb:1616 d:s ref:0 ;
in:1434 out:1436 type:b dur:2 cpbdur:2 q:51.38 aq:40.00 tex:0 mv:0 misc:152 imb:0 pmb:0 smb:1620 d:s ref:0 ;
in:1436 out:1437 type:b dur:2 cpbdur:2 q:51.37 aq:44.82 tex:95 mv:13 misc:172 imb:0 pmb:3 smb:1617 d:- ref:0 ;
in:1441 out:1438 type:P dur:2 cpbdur:2 q:51.21 aq:40.19 tex:635 mv:333 misc:528 imb:43 pmb:28 smb:1549 d:s ref:0 ;
in:1439 out:1439 type:B dur:2 cpbdur:2 q:51.30 aq:43.36 tex:62 mv:9 misc:185 imb:0 pmb:2 smb:1618 d:s ref:0 ;
in:1438 out:1440 type:b dur:2 cpbdur:2 q:51.30 aq:39.00 tex:0 mv:0 misc:152 imb:0 pmb:0 smb:1620 d:s ref:0 ;
in:1440 out:1441 type:b dur:2 cpbdur:2 q:51.29 aq:43.99 tex:44 mv:5 misc:159 imb:0 pmb:1 smb:1619 d:- ref:0 ;
in:1443 out:1442 type:P dur:2 cpbdur:2 q:51.13 aq:39.91 tex:663 mv:427 misc:470 imb:53 pmb:20 smb:1547 d:s ref:0 ;
in:1442 out:1443 type:b dur:2 cpbdur:2 q:51.21 aq:44.81 tex:76 mv:15 misc:173 imb:0 pmb:4 smb:1616 d:s ref:0 ;
in:1447 out:1444 type:P dur:2 cpbdur:2 q:51.09 aq:39.82 tex:672 mv:403 misc:461 imb:46 pmb:23 smb:1551 d:s ref:0 ;
in:1445 out:1445 type:B dur:2 cpbdur:2 q:51.13 aq:45.15 tex:154 mv:33 misc:229 imb:0 pmb:10 smb:1610 d:s ref:0 ;
in:1444 out:1446 type:b dur:2 cpbdur:2 q:51.13 aq:39.00 tex:0 mv:0 misc:152 imb:0 pmb:0 smb:1620 d:s ref:0 ;
in:1446 out:1447 type:b dur:2 cpbdur:2 q:51.13 aq:46.00 tex:96 mv:19 misc:189 imb:0 pmb:5 smb:1615 d:- ref:0 ;
in:1449 out:1448 type:P dur:2 cpbdur:2 q:51.01 aq:41.75 tex:1034 mv:707 misc:515 imb:90 pmb:23 smb:1507 d:s ref:0 ;
in:1448 out:1449 type:b dur:2 cpbdur:2 q:51.09 aq:44.65 tex:52 mv:25 misc:187 imb:0 pmb:4 smb:1616 d:t ref:0 ;
in:1453 out:1450 type:P dur:2 cpbdur:2 q:50.97 aq:42.39 tex:1255 mv:864 misc:609 imb:109 pmb:39 smb:1472 d:s ref:0 ;
in:1451 out:1451 type:B dur:2 cpbdur:2 q:51.01 aq:46.88 tex:134 mv:82 misc:280 imb:0 pmb:26 smb:1594 d:t ref:0 ;
in:1450 out:1452 type:b dur:2 cpbdur:2 q:51.01 aq:39.00 tex:1 mv:3 misc:156 imb:0 pmb:1 smb:1619 d:s ref:0 ;
in:1452 out:1453 type:b dur:2 cpbdur:2 q:51.01 aq:46.44 tex:63 mv:32 misc:193 imb:0 pmb:5 smb:1615 d:- ref:0 ;
in:1457 out:1454 type:P dur:2 cpbdur:2 q:50.90 aq:44.18 tex:1331 mv:1027 misc:586 imb:110 pmb:52 smb:1458 d:s ref:0 ;
in:1455 out:1455 type:B dur:2 cpbdur:2 q:50.97 aq:42.62 tex:90 mv:121 misc:277 imb:3 pmb:21 smb:1596 d:t ref:0 ;
in:1454 out:1456 type:b dur:2 cpbdur:2 q:50.97 aq:39.00 tex:0 mv:3 misc:157 imb:0 pmb:1 smb:1619 d:s ref:0 ;
in:1456 out:1457 type:b dur:2 cpbdur:2 q:50.97 aq:43.90 tex:127 mv:123 misc:246 imb:2 pmb:18 smb:1600 d:- ref:0 ;
in:1461 out:1458 type:P dur:2 cpbdur:2 q:50.82 aq:43.65 tex:1679 mv:1183 misc:674 imb:178 pmb:44 smb:1398 d:s ref:0 ;
in:1459 out:1459 type:B dur:2 cpbdur:2 q:50.90 aq:44.09 tex:419 mv:360 misc:429 imb:5 pmb:77 smb:1538 d:t ref:0 ;
in:1458 out:1460 type:b dur:2 cpbdur:2 q:50.90 aq:48.27 tex:110 mv:56 misc:242 imb:0 pmb:22 smb:1598 d:s ref:0 ;
in:1460 out:1461 type:b dur:2 cpbdur:2 q:50.89 aq:43.24 tex:161 mv:122 misc:277 imb:2 pmb:24 smb:1594 d:- ref:0 ;
in:1465 out:1462 type:P dur:2 cpbdur:2 q:50.75 aq:45.65 tex:1902 mv:1646 misc:636 imb:290 pmb:64 smb:1266 d:s ref:0 ;
in:1463 out:1463 type:B dur:2 cpbdur:2 q:50.82 aq:47.14 tex:446 mv:420 misc:470 imb:12 pmb:81 smb:1527 d:s ref:0 ;
in:1462 out:1464 type:b dur:2 cpbdur:2 q:50.82 aq:43.64 tex:338 mv:188 misc:362 imb:4 pmb:46 smb:1570 d:s ref:0 ;
in:1464 out:1465 type:b dur:2 cpbdur:2 q:50.82 aq:47.54 tex:130 mv:76 misc:314 imb:0 pmb:35 smb:1585 d:- ref:0 ;
in:1467 out:1466 type:P dur:2 cpbdur:2 q:50.69 aq:46.69 tex:1487 mv:1515 misc:718 imb:291 pmb:43 smb:1286 d:s ref:0 ;
in:1466 out:1467 type:b dur:2 cpbdur:2 q:50.75 aq:47.17 tex:363 mv:183 misc:374 imb:2 pmb:51 smb:1567 d:s ref:0 ;
in:1468 out:1468 type:I dur:2 cpbdur:2 q:48.13 aq:37.81 tex:8194 mv:5714 misc:132 imb:1620 pmb:0 smb:0 d:s ref:;
in:1472 out:1469 type:P dur:2 cpbdur:2 q:50.69 aq:42.46 tex:2369 mv:2281 misc:758 imb:511 pmb:43 smb:1066 d:s ref:0 ;
in:1470 out:1470 type:B dur:2 cpbdur:2 q:50.69 aq:47.48 tex:552 mv:581 misc:603 imb:19 pmb:143 smb:1458 d:t ref:0 ;
in:1469 out:1471 type:b dur:2 cpbdur:2 q:50.69 aq:45.32 tex:117 mv:76 misc:311 imb:0 pmb:34 smb:1586 d:s ref:0 ;
in:1471 out:1472 type:b dur:2 cpbdur:2 q:50.69 aq:47.80 tex:531 mv:469 misc:520 imb:11 pmb:100 smb:1509 d:- ref:0 ;
in:1476 out:1473 type:P dur:2 cpbdur:2 q:50.64 aq:44.84 tex:2517 mv:2326 misc:597 imb:558 pmb:52 smb:1010 d:s ref:0 ;
in:1474 out:1474 type:B dur:2 cpbdur:2 q:50.69 aq:42.68 tex:1081 mv:1365 misc:770 imb:56 pmb:209 smb:1355 d:s ref:0 ;
in:1473 out:1475 type:b dur:2 cpbdur:2 q:50.69 aq:44.62 tex:310 mv:234 misc:480 imb:8 pmb:78 smb:1534 d:s ref:0 ;
in:1475 out:1476 type:b dur:2 cpbdur:2 q:50.68 aq:43.99 tex:589 mv:584 misc:595 imb:8 pmb:152 smb:1460 d:- ref:0 ;
in:1480 out:1477 type:P dur:2 cpbdur:2 q:50.59 aq:44.44 tex:2395 mv:2628 misc:673 imb:592 pmb:53 smb:975 d:s ref:0 ;
in:1478 out:1478 type:B dur:2 cpbdur:2 q:50.64 aq:47.12 tex:974 mv:1234 misc:760 imb:51 pmb:202 smb:1367 d:s ref:0 ;
in:1477 out:1479 type:b dur:2 cpbdur:2 q:50.64 aq:44.09 tex:706 mv:749 misc:601 imb:26 pmb:124 smb:1470 d:s ref:0 ;
in:1479 out:1480 type:b dur:2 cpbdur:2 q:50.63 aq:45.40 tex:99 mv:76 misc:449 imb:0 pmb:83 smb:1537 d:- ref:0 ;
in:1484 out:1481 type:P dur:2 cpbdur:2 q:50.55 aq:42.43 tex:2000 mv:2073 misc:679 imb:525 pmb:34 smb:1061 d:s ref:0 ;
in:1482 out:1482 type:B dur:2 cpbdur:2 q:50.59 aq:42.74 tex:876 mv:1088 misc:668 imb:77 pmb:158 smb:1385 d:s ref:0 ;
in:1481 out:1483 type:b dur:2 cpbdur:2 q:50.59 aq:43.92 tex:643 mv:781 misc:552 imb:42 pmb:118 smb:1460 d:s ref:0 ;
in:1483 out:1484 type:b dur:2 cpbdur:2 q:50.59 aq:43.96 tex:186 mv:97 misc:357 imb:1 pmb:50 smb:1569 d:- ref:0 ;
in:1488 out:1485 type:P dur:2 cpbdur:2 q:50.50 aq:41.15 tex:2026 mv:2005 misc:841 imb:424 pmb:49 smb:1147 d:s ref:0 ;
in:1486 out:1486 type:B dur:2 cpbdur:2 q:50.55 aq:41.49 tex:602 mv:587 misc:579 imb:20 pmb:148 smb:1452 d:s ref:0 ;
in:1485 out:1487 type:b dur:2 cpbdur:2 q:50.55 aq:47.49 tex:271 mv:155 misc:334 imb:2 pmb:48 smb:1570 d:s ref:0 ;
in:1487 out:1488 type:b dur:2 cpbdur:2 q:50.55 aq:48.26 tex:241 mv:164 misc:339 imb:3 pmb:37 smb:1580 d:- ref:0 ;
in:1492 out:1489 type:P dur:2 cpbdur:2 q:50.44 aq:40.49 tex:1244 mv:1203 misc:745 imb:366 pmb:33 smb:1221 d:s ref:0 ;
in:1490 out:1490 type:B dur:2 cpbdur:2 q:50.50 aq:47.64 tex:244 mv:136 misc:348 imb:2 pmb:45 smb:1573 d:s ref:0 ;
in:1489 out:1491 type:b dur:2 cpbdur:2 q:50.50 aq:47.67 tex:132 mv:46 misc:222 imb:0 pmb:14 smb:1606 d:s ref:0 ;
in:1491 out:1492 type:b dur:2 cpbdur:2 q:50.50 aq:42.09 tex:60 mv:42 misc:234 imb:0 pmb:17 smb:1603 d:- ref:0 ;
in:1493 out:1493 type:P dur:2 cpbdur:2 q:50.37 aq:40.19 tex:587 mv:366 misc:479 imb:41 pmb:20 smb:1559 d:s ref:0 ;
in:1497 out:1494 type:P dur:2 cpbdur:2 q:50.36 aq:36.84 tex:1307 mv:1200 misc:773 imb:248 pmb:25 smb:1347 d:s ref:0 ;
in:1495 out:1495 type:B dur:2 cpbdur:2 q:50.37 aq:44.18 tex:80 mv:46 misc:234 imb:0 pmb:12 smb:1608 d:s ref:0 ;
in:1494 out:1496 type:b dur:2 cpbdur:2 q:50.37 aq:38.77 tex:87 mv:95 misc:266 imb:3 pmb:16 smb:1601 d:s ref:0 ;
in:1496 out:1497 type:b dur:2 cpbdur:2 q:50.37 aq:42.00 tex:0 mv:23 misc:169 imb:0 pmb:2 smb:1618 d:- ref:0 ;
in:1501 out:1498 type:P dur:2 cpbdur:2 q:50.28 aq:37.92 tex:985 mv:754 misc:557 imb:118 pmb:16 smb:1486 d:s ref:0 ;
in:1499 out:1499 type:B dur:2 cpbdur:2 q:50.35 aq:48.26 tex:47 mv:33 misc:192 imb:0 pmb:6 smb:1614 d:s ref:0 ;
in:1498 out:1500 type:b dur:2 cpbdur:2 q:50.35 aq:44.71 tex:70 mv:55 misc:243 imb:0 pmb:16 smb:1604 d:s ref:0 ;
in:1500 out:1501 type:b dur:2 cpbdur:2 q:50.35 aq:48.77 tex:37 mv:22 misc:173 imb:0 pmb:3 smb:1617 d:- ref:0 ;
in:1505 out:1502 type:P dur:2 cpbdur:2 q:50.20 aq:36.64 tex:828 mv:424 misc:420 imb:75 pmb:10 smb:1535 d:s ref:0 ;
in:1503 out:1503 type:B dur:2 cpbdur:2 q:50.28 aq:48.27 tex:145 mv:88 misc:223 imb:1 pmb:14 smb:1605 d:s ref:0 ;
in:1502 out:1504 type:b dur:2 cpbdur:2 q:50.28 aq:48.16 tex:42 mv:43 misc:179 imb:0 pmb:4 smb:1616 d:s ref:0 ;
in:1504 out:1505 type:b dur:2 cpbdur:2 q:50.28 aq:49.32 tex:39 mv:17 misc:176 imb:0 pmb:4 smb:1616 d:- ref:0 ;
in:1509 out:1506 type:P dur:2 cpbdur:2 q:50.11 aq:38.14 tex:902 mv:589 misc:461 imb:90 pmb:21 smb:1509 d:s ref:0 ;
in:1507 out:1507 type:B dur:2 cpbdur:2 q:50.19 aq:35.93 tex:217 mv:149 misc:234 imb:5 pmb:14 smb:1601 d:s ref:0 ;
in:1506 out:1508 type:b dur:2 cpbdur:2 q:50.19 aq:48.13 tex:106 mv:45 misc:177 imb:0 pmb:6 smb:1614 d:s ref:0 ;
in:1508 out:1509 type:b dur:2 cpbdur:2 q:50.19 aq:43.46 tex:89 mv:63 misc:176 imb:1 pmb:8 smb:1611 d:- ref:0 ;
in:1513 out:1510 type:P dur:2 cpbdur:2 q:50.03 aq:39.18 tex:637 mv:476 misc:463 imb:72 pmb:23 smb:1525 d:s ref:0 ;
in:1511 out:1511 type:B dur:2 cpbdur:2 q:50.11 aq:41.27 tex:97 mv:110 misc:225 imb:3 pmb:10 smb:1607 d:s ref:0 ;
in:1510 out:1512 type:b dur:2 cpbdur:2 q:50.11 aq:36.08 tex:26 mv:13 misc:185 imb:0 pmb:4 smb:1616 d:s ref:0 ;
in:1512 out:1513 type:b dur:2 cpbdur:2 q:50.11 aq:47.25 tex:62 mv:81 misc:185 imb:3 pmb:5 smb:1612 d:- ref:0 ;
in:1515 out:1514 type:P dur:2 cpbdur:2 q:49.95 aq:45.97 tex:171 mv:114 misc:243 imb:13 pmb:3 smb:1604 d:s ref:0 ;
in:1514 out:1515 type:b dur:2 cpbdur:2 q:50.03 aq:39.98 tex:20 mv:8 misc:164 imb:0 pmb:2 smb:1618 d:s ref:0 ;
in:1516 out:1516 type:I dur:2 cpbdur:2 q:47.41 aq:32.01 tex:4421 mv:4543 misc:124 imb:1620 pmb:0 smb:0 d:s ref:;
in:1518 out:1517 type:P dur:2 cpbdur:2 q:49.92 aq:35.67 tex:453 mv:513 misc:394 imb:50 pmb:17 smb:1553 d:s ref:0 ;
in:1517 out:1518 type:b dur:2 cpbdur:2 q:49.92 aq:41.00 tex:0 mv:0 misc:152 imb:0 pmb:0 smb:1620 d:s ref:0 ;
in:1520 out:1519 type:P dur:2 cpbdur:2 q:49.88 aq:33.93 tex:596 mv:606 misc:446 imb:51 pmb:18 smb:1551 d:s ref:0 ;
in:1519 out:1520 type:b dur:2 cpbdur:2 q:49.92 aq:41.00 tex:0 mv:0 misc:152 imb:0 pmb:0 smb:1620 d:s ref:0 ;
in:1523 out:1521 type:P dur:2 cpbdur:2 q:49.83 aq:34.76 tex:363 mv:263 misc:366 imb:28 pmb:12 smb:1580 d:s ref:0 ;
in:1521 out:1522 type:B dur:2 cpbdur:2 q:49.88 aq:40.00 tex:0 mv:0 misc:168 imb:0 pmb:0 smb:1620 d:s ref:0 ;
in:1522 out:1523 type:b dur:2 cpbdur:2 q:49.88 aq:41.00 tex:0 mv:0 misc:152 imb:0 pmb:0 smb:1620 d:- ref:0 ;
in:1525 out:1524 type:P dur:2 cpbdur:2 q:49.77 aq:38.97 tex:90 mv:41 misc:205 imb:4 pmb:1 smb:1615 d:s ref:0 ;
in:1524 out:1525 type:b dur:2 cpbdur:2 q:49.83 aq:41.00 tex:0 mv:0 misc:152 imb:0 pmb:0 smb:1620 d:s ref:0 ;
in:1526 out:1526 type:P dur:2 cpbdur:2 q:49.72 aq:36.39 tex:103 mv:49 misc:216 imb:4 pmb:3 smb:1613 d:s ref:0 ;
in:1527 out:1527 type:P dur:2 cpbdur:2 q:49.70 aq:38.97 tex:139 mv:56 misc:229 imb:5 pmb:5 smb:1610 d:s ref:0 ;
in:1529 out:1528 type:P dur:2 cpbdur:2 q:49.68 aq:37.52 tex:163 mv:50 misc:227 imb:4 pmb:5 smb:1611 d:s ref:0 ;
in:1528 out:1529 type:b dur:2 cpbdur:2 q:49.70 aq:41.00 tex:0 mv:0 misc:152 imb:0 pmb:0 smb:1620 d:s ref:0 ;
in:1531 out:1530 type:P dur:2 cpbdur:2 q:49.63 aq:38.58 tex:376 mv:157 misc:283 imb:13 pmb:10 smb:1597 d:s ref:0 ;
in:1530 out:1531 type:b dur:2 cpbdur:2 q:49.68 aq:41.00 tex:0 mv:0 misc:152 imb:0 pmb:0 smb:1620 d:s ref:0 ;
in:1533 out:1532 type:P dur:2 cpbdur:2 q:49.59 aq:40.20 tex:698 mv:257 misc:293 imb:34 pmb:9 smb:1577 d:s ref:0 ;
in:1532 out:1533 type:b dur:2 cpbdur:2 q:49.63 aq:42.05 tex:58 mv:37 misc:185 imb:1 pmb:5 smb:1614 d:s ref:0 ;
in:1536 out:1534 type:P dur:2 cpbdur:2 q:49.55 aq:40.11 tex:861 mv:424 misc:363 imb:61 pmb:9 smb:1550 d:s ref:0 ;
in:1534 out:1535 type:B dur:2 cpbdur:2 q:49.59 aq:42.13 tex:22 mv:15 misc:203 imb:0 pmb:6 smb:1614 d:s ref:0 ;
in:1535 out:1536 type:b dur:2 cpbdur:2 q:49.59 aq:41.90 tex:148 mv:123 misc:217 imb:1 pmb:15 smb:1604 d:- ref:0 ;
in:1538 out:1537 type:P dur:2 cpbdur:2 q:49.49 aq:38.85 tex:2064 mv:877 misc:555 imb:134 pmb:24 smb:1462 d:s ref:0 ;
in:1537 out:1538 type:b dur:2 cpbdur:2 q:49.54 aq:40.27 tex:252 mv:490 misc:306 imb:31 pmb:20 smb:1569 d:s ref:0 ;
in:1542 out:1539 type:P dur:2 cpbdur:2 q:49.46 aq:35.16 tex:1910 mv:1713 misc:833 imb:227 pmb:42 smb:1351 d:s ref:0 ;
in:1540 out:1540 type:B dur:2 cpbdur:2 q:49.48 aq:40.93 tex:53 mv:68 misc:287 imb:2 pmb:26 smb:1592 d:s ref:0 ;
in:1539 out:1541 type:b dur:2 cpbdur:2 q:49.49 aq:39.18 tex:72 mv:317 misc:347 imb:10 pmb:36 smb:1574 d:s ref:0 ;
in:1541 out:1542 type:b dur:2 cpbdur:2 q:49.48 aq:41.00 tex:0 mv:0 misc:152 imb:0 pmb:0 smb:1620 d:- ref:0 ;
in:1546 out:1543 type:P dur:2 cpbdur:2 q:49.39 aq:35.31 tex:363 mv:233 misc:356 imb:19 pmb:13 smb:1588 d:s ref:0 ;
in:1544 out:1544 type:B dur:2 cpbdur:2 q:49.46 aq:39.00 tex:0 mv:0 misc:168 imb:0 pmb:0 smb:1620 d:s ref:0 ;
in:1543 out:1545 type:b dur:2 cpbdur:2 q:49.46 aq:41.00 tex:0 mv:0 misc:152 imb:0 pmb:0 smb:1620 d:s ref:0 ;
in:1545 out:1546 type:b dur:2 cpbdur:2 q:49.46 aq:41.00 tex:0 mv:0 misc:152 imb:0 pmb:0 smb:1620 d:- ref:0 ;
in:1550 out:1547 type:P dur:2 cpbdur:2 q:49.29 aq:38.50 tex:465 mv:248 misc:383 imb:15 pmb:28 smb:1577 d:s ref:0 ;
in:1548 out:1548 type:B dur:2 cpbdur:2 q:49.38 aq:39.00 tex:0 mv:0 misc:168 imb:0 pmb:0 smb:1620 d:s ref:0 ;
in:1547 out:1549 type:b dur:2 cpbdur:2 q:49.38 aq:41.00 tex:0 mv:0 misc:152 imb:0 pmb:0 smb:1620 d:s ref:0 ;
in:1549 out:1550 type:b dur:2 cpbdur:2 q:49.38 aq:41.00 tex:0 mv:0 misc:152 imb:0 pmb:0 smb:1620 d:- ref:0 ;
in:1554 out:1551 type:P dur:2 cpbdur:2 q:49.20 aq:36.61 tex:349 mv:202 misc:337 imb:12 pmb:21 smb:1587 d:s ref:0 ;
in:1552 out:1552 type:B dur:2 cpbdur:2 q:49.29 aq:39.00 tex:0 mv:0 misc:168 imb:0 pmb:0 smb:1620 d:s ref:0 ;
in:1551 out:1553 type:b dur:2 cpbdur:2 q:49.29 aq:41.00 tex:0 mv:0 misc:152 imb:0 pmb:0 smb:1620 d:s ref:0 ;
in:1553 out:1554 type:b dur:2 cpbdur:2 q:49.29 aq:41.00 tex:0 mv:0 misc:152 imb:0 pmb:0 smb:1620 d:- ref:0 ;
in:1558 out:1555 type:P dur:2 cpbdur:2 q:49.11 aq:38.21 tex:310 mv:163 misc:343 imb:9 pmb:21 smb:1590 d:s ref:0 ;
in:1556 out:1556 type:B dur:2 cpbdur:2 q:49.20 aq:39.00 tex:0 mv:0 misc:168 imb:0 pmb:0 smb:1620 d:s ref:0 ;
in:1555 out:1557 type:b dur:2 cpbdur:2 q:49.20 aq:41.00 tex:0 mv:0 misc:152 imb:0 pmb:0 smb:1620 d:s ref:0 ;
in:1557 out:1558 type:b dur:2 cpbdur:2 q:49.20 aq:41.00 tex:0 mv:0 misc:152 imb:0 pmb:0 smb:1620 d:- ref:0 ;
in:1562 out:1559 type:P dur:2 cpbdur:2 q:49.02 aq:39.66 tex:295 mv:194 misc:343 imb:5 pmb:27 smb:1588 d:s ref:0 ;
in:1560 out:1560 type:B dur:2 cpbdur:2 q:49.11 aq:39.00 tex:0 mv:0 misc:168 imb:0 pmb:0 smb:1620 d:s ref:0 ;
in:1559 out:1561 type:b dur:2 cpbdur:2 q:49.11 aq:41.00 tex:0 mv:0 misc:152 imb:0 pmb:0 smb:1620 d:s ref:0 ;
in:1561 out:1562 type:b dur:2 cpbdur:2 q:49.11 aq:40.00 tex:0 mv:0 misc:152 imb:0 pmb:0 smb:1620 d:- ref:0 ;
in:1566 out:1563 type:P dur:2 cpbdur:2 q:48.93 aq:39.15 tex:576 mv:296 misc:440 imb:23 pmb:25 smb:1572 d:s ref:0 ;
in:1564 out:1564 type:B dur:2 cpbdur:2 q:49.02 aq:39.00 tex:0 mv:0 misc:168 imb:0 pmb:0 smb:1620 d:s ref:0 ;
in:1563 out:1565 type:b dur:2 cpbdur:2 q:49.02 aq:40.00 tex:0 mv:0 misc:152 imb:0 pmb:0 smb:1620 d:s ref:0 ;
in:1565 out:1566 type:b dur:2 cpbdur:2 q:49.02 aq:40.00 tex:0 mv:0 misc:152 imb:0 pmb:0 smb:1620 d:- ref:0 ;
in:1570 out:1567 type:P dur:2 cpbdur:2 q:48.84 aq:38.85 tex:329 mv:277 misc:322 imb:12 pmb:28 smb:1580 d:s ref:0 ;
in:1568 out:1568 type:B dur:2 cpbdur:2 q:48.92 aq:39.00 tex:0 mv:0 misc:168 imb:0 pmb:0 smb:1620 d:s ref:0 ;
in:1567 out:1569 type:b dur:2 cpbdur:2 q:48.93 aq:40.00 tex:0 mv:0 misc:152 imb:0 pmb:0 smb:1620 d:s ref:0 ;
in:1569 out:1570 type:b dur:2 cpbdur:2 q:48.92 aq:40.00 tex:0 mv:0 misc:152 imb:0 pmb:0 smb:1620 d:- ref:0 ;
in:1574 out:1571 type:P dur:2 cpbdur:2 q:48.74 aq:39.24 tex:365 mv:226 misc:353 imb:8 pmb:27 smb:1585 d:s ref:0 ;
in:1572 out:1572 type:B dur:2 cpbdur:2 q:48.83 aq:39.00 tex:0 mv:0 misc:168 imb:0 pmb:0 smb:1620 d:s ref:0 ;
in:1571 out:1573 type:b dur:2 cpbdur:2 q:48.84 aq:40.00 tex:0 mv:0 misc:152 imb:0 pmb:0 smb:1620 d:s ref:0 ;
in:1573 out:1574 type:b dur:2 cpbdur:2 q:48.83 aq:40.00 tex:0 mv:0 misc:152 imb:0 pmb:0 smb:1620 d:- ref:0 ;
in:1578 out:1575 type:P dur:2 cpbdur:2 q:48.65 aq:37.46 tex:737 mv:431 misc:496 imb:25 pmb:46 smb:1549 d:s ref:0 ;
in:1576 out:1576 type:B dur:2 cpbdur:2 q:48.74 aq:39.00 tex:0 mv:0 misc:168 imb:0 pmb:0 smb:1620 d:s ref:0 ;
in:1575 out:1577 type:b dur:2 cpbdur:2 q:48.74 aq:40.00 tex:0 mv:0 misc:152 imb:0 pmb:0 smb:1620 d:s ref:0 ;
in:1577 out:1578 type:b dur:2 cpbdur:2 q:48.74 aq:40.00 tex:0 mv:0 misc:152 imb:0 pmb:0 smb:1620 d:- ref:0 ;
in:1582 out:1579 type:P dur:2 cpbdur:2 q:48.56 aq:36.21 tex:563 mv:283 misc:450 imb:13 pmb:37 smb:1570 d:s ref:0 ;
in:1580 out:1580 type:B dur:2 cpbdur:2 q:48.65 aq:39.00 tex:0 mv:0 misc:168 imb:0 pmb:0 smb:1620 d:s ref:0 ;
in:1579 out:1581 type:b dur:2 cpbdur:2 q:48.65 aq:40.00 tex:0 mv:0 misc:152 imb:0 pmb:0 smb:1620 d:s ref:0 ;
in:1581 out:1582 type:b dur:2 cpbdur:2 q:48.65 aq:40.00 tex:0 mv:0 misc:152 imb:0 pmb:0 smb:1620 d:- ref:0 ;
in:1586 out:1583 type:P dur:2 cpbdur:2 q:48.47 aq:37.97 tex:479 mv:230 misc:387 imb:10 pmb:29 smb:1581 d:s ref:0 ;
in:1584 out:1584 type:B dur:2 cpbdur:2 q:48.56 aq:38.00 tex:0 mv:0 misc:168 imb:0 pmb:0 smb:1620 d:s ref:0 ;
in:1583 out:1585 type:b dur:2 cpbdur:2 q:48.56 aq:40.00 tex:0 mv:0 misc:152 imb:0 pmb:0 smb:1620 d:s ref:0 ;
in:1585 out:1586 type:b dur:2 cpbdur:2 q:48.56 aq:40.00 tex:0 mv:0 misc:152 imb:0 pmb:0 smb:1620 d:- ref:0 ;
in:1590 out:1587 type:P dur:2 cpbdur:2 q:48.37 aq:38.37 tex:537 mv:325 misc:418 imb:14 pmb:35 smb:1571 d:s ref:0 ;
in:1588 out:1588 type:B dur:2 cpbdur:2 q:48.47 aq:38.00 tex:0 mv:0 misc:168 imb:0 pmb:0 smb:1620 d:s ref:0 ;
in:1587 out:1589 type:b dur:2 cpbdur:2 q:48.47 aq:40.00 tex:0 mv:0 misc:152 imb:0 pmb:0 smb:1620 d:s ref:0 ;
in:1589 out:1590 type:b dur:2 cpbdur:2 q:48.47 aq:40.00 tex:0 mv:0 misc:152 imb:0 pmb:0 smb:1620 d:- ref:0 ;
in:1594 out:1591 type:P dur:2 cpbdur:2 q:48.28 aq:39.66 tex:664 mv:331 misc:421 imb:11 pmb:43 smb:1566 d:s ref:0 ;
in:1592 out:1592 type:B dur:2 cpbdur:2 q:48.37 aq:38.00 tex:0 mv:0 misc:168 imb:0 pmb:0 smb:1620 d:s ref:0 ;
in:1591 out:1593 type:b dur:2 cpbdur:2 q:48.37 aq:40.00 tex:0 mv:0 misc:152 imb:0 pmb:0 smb:1620 d:s ref:0 ;
in:1593 out:1594 type:b dur:2 cpbdur:2 q:48.37 aq:40.00 tex:0 mv:0 misc:152 imb:0 pmb:0 smb:1620 d:- ref:0 ;
in:1598 out:1595 type:P dur:2 cpbdur:2 q:48.19 aq:38.81 tex:628 mv:379 misc:481 imb:16 pmb:47 smb:1557 d:s ref:0 ;
in:1596 out:1596 type:B dur:2 cpbdur:2 q:48.28 aq:38.00 tex:0 mv:0 misc:168 imb:0 pmb:0 smb:1620 d:s ref:0 ;
in:1595 out:1597 type:b dur:2 cpbdur:2 q:48.28 aq:40.00 tex:0 mv:0 misc:152 imb:0 pmb:0 smb:1620 d:s ref:0 ;
in:1597 out:1598 type:b dur:2 cpbdur:2 q:48.28 aq:40.00 tex:0 mv:0 misc:152 imb:0 pmb:0 smb:1620 d:- ref:0 ;
in:1602 out:1599 type:P dur:2 cpbdur:2 q:48.10 aq:38.58 tex:698 mv:394 misc:428 imb:18 pmb:41 smb:1561 d:s ref:0 ;
in:1600 out:1600 type:B dur:2 cpbdur:2 q:48.19 aq:38.00 tex:0 mv:0 misc:168 imb:0 pmb:0 smb:1620 d:s ref:0 ;
in:1599 out:1601 type:b dur:2 cpbdur:2 q:48.19 aq:40.00 tex:0 mv:0 misc:152 imb:0 pmb:0 smb:1620 d:s ref:0 ;
in:1601 out:1602 type:b dur:2 cpbdur:2 q:48.19 aq:40.00 tex:0 mv:0 misc:152 imb:0 pmb:0 smb:1620 d:- ref:0 ;
in:1606 out:1603 type:P dur:2 cpbdur:2 q:48.00 aq:38.19 tex:839 mv:465 misc:536 imb:29 pmb:44 smb:1547 d:s ref:0 ;
in:1604 out:1604 type:B dur:2 cpbdur:2 q:48.09 aq:38.00 tex:0 mv:0 misc:168 imb:0 pmb:0 smb:1620 d:s ref:0 ;
in:1603 out:1605 type:b dur:2 cpbdur:2 q:48.10 aq:39.00 tex:0 mv:0 misc:152 imb:0 pmb:0 smb:1620 d:s ref:0 ;
in:1605 out:1606 type:b dur:2 cpbdur:2 q:48.09 aq:39.00 tex:0 mv:0 misc:152 imb:0 pmb:0 smb:1620 d:- ref:0 ;
in:1610 out:1607 type:P dur:2 cpbdur:2 q:47.91 aq:36.41 tex:684 mv:449 misc:459 imb:26 pmb:36 smb:1558 d:s ref:0 ;
in:1608 out:1608 type:B dur:2 cpbdur:2 q:48.00 aq:38.00 tex:0 mv:0 misc:168 imb:0 pmb:0 smb:1620 d:s ref:0 ;
in:1607 out:1609 type:b dur:2 cpbdur:2 q:48.00 aq:39.00 tex:0 mv:0 misc:152 imb:0 pmb:0 smb:1620 d:s ref:0 ;
in:1609 out:1610 type:b dur:2 cpbdur:2 q:48.00 aq:39.00 tex:0 mv:0 misc:152 imb:0 pmb:0 smb:1620 d:- ref:0 ;
in:1614 out:1611 type:P dur:2 cpbdur:2 q:47.82 aq:36.17 tex:680 mv:538 misc:510 imb:32 pmb:63 smb:1525 d:s ref:0 ;
in:1612 out:1612 type:B dur:2 cpbdur:2 q:47.91 aq:38.00 tex:0 mv:0 misc:168 imb:0 pmb:0 smb:1620 d:s ref:0 ;
in:1611 out:1613 type:b dur:2 cpbdur:2 q:47.91 aq:39.00 tex:0 mv:0 misc:152 imb:0 pmb:0 smb:1620 d:s ref:0 ;
in:1613 out:1614 type:b dur:2 cpbdur:2 q:47.91 aq:39.00 tex:0 mv:0 misc:152 imb:0 pmb:0 smb:1620 d:- ref:0 ;
in:1618 out:1615 type:P dur:2 cpbdur:2 q:47.73 aq:35.41 tex:983 mv:566 misc:571 imb:39 pmb:48 smb:1533 d:s ref:0 ;
in:1616 out:1616 type:B dur:2 cpbdur:2 q:47.82 aq:35.42 tex:25 mv:6 misc:177 imb:0 pmb:1 smb:1619 d:s ref:0 ;
in:1615 out:1617 type:b dur:2 cpbdur:2 q:47.82 aq:39.00 tex:0 mv:0 misc:152 imb:0 pmb:0 smb:1620 d:s ref:0 ;
in:1617 out:1618 type:b dur:2 cpbdur:2 q:47.82 aq:39.00 tex:0 mv:0 misc:152 imb:0 pmb:0 smb:1620 d:- ref:0 ;
in:1622 out:1619 type:P dur:2 cpbdur:2 q:47.63 aq:34.74 tex:733 mv:551 misc:572 imb:33 pmb:48 smb:1539 d:s ref:0 ;
in:1620 out:1620 type:B dur:2 cpbdur:2 q:47.72 aq:38.00 tex:0 mv:0 misc:168 imb:0 pmb:0 smb:1620 d:s ref:0 ;
in:1619 out:1621 type:b dur:2 cpbdur:2 q:47.72 aq:39.00 tex:0 mv:0 misc:152 imb:0 pmb:0 smb:1620 d:s ref:0 ;
in:1621 out:1622 type:b dur:2 cpbdur:2 q:47.72 aq:39.00 tex:0 mv:0 misc:152 imb:0 pmb:0 smb:1620 d:- ref:0 ;
in:1626 out:1623 type:P dur:2 cpbdur:2 q:47.54 aq:35.34 tex:1008 mv:678 misc:642 imb:44 pmb:59 smb:1517 d:s ref:0 ;
in:1624 out:1624 type:B dur:2 cpbdur:2 q:47.63 aq:38.00 tex:0 mv:0 misc:168 imb:0 pmb:0 smb:1620 d:s ref:0 ;
in:1623 out:1625 type:b dur:2 cpbdur:2 q:47.63 aq:39.00 tex:0 mv:0 misc:152 imb:0 pmb:0 smb:1620 d:s ref:0 ;
in:1625 out:1626 type:b dur:2 cpbdur:2 q:47.63 aq:39.00 tex:0 mv:0 misc:152 imb:0 pmb:0 smb:1620 d:- ref:0 ;
in:1630 out:1627 type:P dur:2 cpbdur:2 q:47.45 aq:34.92 tex:947 mv:682 misc:627 imb:48 pmb:57 smb:1515 d:s ref:0 ;
in:1628 out:1628 type:B dur:2 cpbdur:2 q:47.54 aq:36.50 tex:23 mv:5 misc:180 imb:0 pmb:1 smb:1619 d:s ref:0 ;
in:1627 out:1629 type:b dur:2 cpbdur:2 q:47.54 aq:39.00 tex:0 mv:0 misc:152 imb:0 pmb:0 smb:1620 d:s ref:0 ;
in:1629 out:1630 type:b dur:2 cpbdur:2 q:47.54 aq:39.00 tex:0 mv:0 misc:152 imb:0 pmb:0 smb:1620 d:- ref:0 ;
in:1634 out:1631 type:P dur:2 cpbdur:2 q:47.36 aq:33.49 tex:1011 mv:862 misc:695 imb:69 pmb:78 smb:1473 d:s ref:0 ;
in:1632 out:1632 type:B dur:2 cpbdur:2 q:47.45 aq:37.00 tex:0 mv:0 misc:168 imb:0 pmb:0 smb:1620 d:s ref:0 ;
in:1631 out:1633 type:b dur:2 cpbdur:2 q:47.45 aq:39.00 tex:0 mv:0 misc:152 imb:0 pmb:0 smb:1620 d:- ref:0 ;
in:1633 out:1634 type:b dur:2 cpbdur:2 q:47.45 aq:41.86 tex:26 mv:6 misc:160 imb:0 pmb:1 smb:1619 d:- ref:0 ;
in:1638 out:1635 type:P dur:2 cpbdur:2 q:47.27 aq:35.15 tex:1327 mv:916 misc:733 imb:66 pmb:73 smb:1481 d:- ref:0 ;
in:1636 out:1636 type:B dur:2 cpbdur:2 q:47.36 aq:37.00 tex:0 mv:0 misc:168 imb:0 pmb:0 smb:1620 d:- ref:0 ;
in:1635 out:1637 type:b dur:2 cpbdur:2 q:47.36 aq:39.00 tex:0 mv:0 misc:152 imb:0 pmb:0 smb:1620 d:- ref:0 ;
in:1637 out:1638 type:b dur:2 cpbdur:2 q:47.36 aq:39.00 tex:0 mv:0 misc:152 imb:0 pmb:0 smb:1620 d:- ref:0 ;
in:1642 out:1639 type:P dur:2 cpbdur:2 q:47.18 aq:34.06 tex:1330 mv:985 misc:757 imb:82 pmb:78 smb:1460 d:- ref:0 ;
in:1640 out:1640 type:B dur:2 cpbdur:2 q:47.27 aq:37.00 tex:0 mv:0 misc:168 imb:0 pmb:0 smb:1620 d:t ref:0 ;
in:1639 out:1641 type:b dur:2 cpbdur:2 q:47.27 aq:39.00 tex:0 mv:0 misc:152 imb:0 pmb:0 smb:1620 d:- ref:0 ;
in:1641 out:1642 type:b dur:2 cpbdur:2 q:47.27 aq:39.00 tex:0 mv:0 misc:152 imb:0 pmb:0 smb:1620 d:- ref:0 ;
in:1644 out:1643 type:P dur:2 cpbdur:2 q:47.09 aq:34.22 tex:1014 mv:739 misc:663 imb:41 pmb:69 smb:1510 d:- ref:0 ;
in:1643 out:1644 type:b dur:2 cpbdur:2 q:47.18 aq:39.00 tex:0 mv:0 misc:152 imb:0 pmb:0 smb:1620 d:- ref:0 ;
in:1648 out:1645 type:P dur:2 cpbdur:2 q:47.04 aq:34.99 tex:1414 mv:1116 misc:806 imb:74 pmb:91 smb:1455 d:- ref:0 ;
in:1646 out:1646 type:B dur:2 cpbdur:2 q:47.09 aq:37.00 tex:0 mv:0 misc:168 imb:0 pmb:0 smb:1620 d:- ref:0 ;
in:1645 out:1647 type:b dur:2 cpbdur:2 q:47.09 aq:38.00 tex:0 mv:0 misc:152 imb:0 pmb:0 smb:1620 d:- ref:0 ;
in:1647 out:1648 type:b dur:2 cpbdur:2 q:47.09 aq:38.00 tex:0 mv:0 misc:152 imb:0 pmb:0 smb:1620 d:- ref:0 ;
in:1652 out:1649 type:P dur:2 cpbdur:2 q:46.96 aq:34.90 tex:1534 mv:1143 misc:747 imb:76 pmb:77 smb:1467 d:- ref:0 ;
in:1650 out:1650 type:B dur:2 cpbdur:2 q:47.04 aq:37.00 tex:2 mv:16 misc:182 imb:1 pmb:1 smb:1618 d:t ref:0 ;
in:1649 out:1651 type:b dur:2 cpbdur:2 q:47.04 aq:38.00 tex:0 mv:0 misc:152 imb:0 pmb:0 smb:1620 d:t ref:0 ;
in:1651 out:1652 type:b dur:2 cpbdur:2 q:47.04 aq:44.79 tex:40 mv:10 misc:166 imb:0 pmb:2 smb:1618 d:- ref:0 ;
in:1656 out:1653 type:P dur:2 cpbdur:2 q:46.87 aq:34.79 tex:1896 mv:1469 misc:939 imb:145 pmb:79 smb:1396 d:t ref:0 ;
in:1654 out:1654 type:B dur:2 cpbdur:2 q:46.96 aq:39.87 tex:61 mv:23 misc:188 imb:1 pmb:2 smb:1617 d:s ref:0 ;
in:1653 out:1655 type:b dur:2 cpbdur:2 q:46.96 aq:43.00 tex:60 mv:13 misc:175 imb:0 pmb:3 smb:1617 d:t ref:0 ;
in:1655 out:1656 type:b dur:2 cpbdur:2 q:46.96 aq:38.00 tex:0 mv:0 misc:152 imb:0 pmb:0 smb:1620 d:- ref:0 ;
in:1659 out:1657 type:P dur:2 cpbdur:2 q:46.79 aq:34.20 tex:2029 mv:1761 misc:970 imb:123 pmb:116 smb:1381 d:- ref:0 ;
in:1657 out:1658 type:B dur:2 cpbdur:2 q:46.87 aq:36.55 tex:16 mv:21 misc:195 imb:0 pmb:3 smb:1617 d:s ref:0 ;
in:1658 out:1659 type:b dur:2 cpbdur:2 q:46.87 aq:38.00 tex:0 mv:0 misc:152 imb:0 pmb:0 smb:1620 d:- ref:0 ;
in:1663 out:1660 type:P dur:2 cpbdur:2 q:46.73 aq:34.13 tex:2266 mv:2154 misc:1108 imb:200 pmb:144 smb:1276 d:s ref:0 ;
in:1661 out:1661 type:B dur:2 cpbdur:2 q:46.79 aq:41.15 tex:129 mv:64 misc:247 imb:1 pmb:10 smb:1609 d:t ref:0 ;
in:1660 out:1662 type:b dur:2 cpbdur:2 q:46.79 aq:38.00 tex:0 mv:3 misc:165 imb:0 pmb:1 smb:1619 d:s ref:0 ;
in:1662 out:1663 type:b dur:2 cpbdur:2 q:46.79 aq:39.67 tex:22 mv:13 misc:165 imb:0 pmb:2 smb:1618 d:- ref:0 ;
in:1667 out:1664 type:P dur:2 cpbdur:2 q:46.65 aq:35.88 tex:1928 mv:1869 misc:923 imb:131 pmb:115 smb:1374 d:t ref:0 ;
in:1665 out:1665 type:B dur:2 cpbdur:2 q:46.73 aq:40.99 tex:98 mv:61 misc:241 imb:1 pmb:9 smb:1610 d:t ref:0 ;
in:1664 out:1666 type:b dur:2 cpbdur:2 q:46.73 aq:40.25 tex:41 mv:42 misc:205 imb:0 pmb:9 smb:1611 d:s ref:0 ;
in:1666 out:1667 type:b dur:2 cpbdur:2 q:46.73 aq:43.75 tex:30 mv:6 misc:164 imb:0 pmb:1 smb:1619 d:- ref:0 ;
in:1671 out:1668 type:P dur:2 cpbdur:2 q:46.57 aq:35.70 tex:2768 mv:2457 misc:1095 imb:196 pmb:130 smb:1294 d:s ref:0 ;
in:1669 out:1669 type:B dur:2 cpbdur:2 q:46.65 aq:38.31 tex:245 mv:290 misc:353 imb:5 pmb:30 smb:1585 d:t ref:0 ;
in:1668 out:1670 type:b dur:2 cpbdur:2 q:46.65 aq:43.89 tex:84 mv:65 misc:243 imb:0 pmb:15 smb:1605 d:s ref:0 ;
in:1670 out:1671 type:b dur:2 cpbdur:2 q:46.65 aq:38.85 tex:28 mv:7 misc:173 imb:0 pmb:2 smb:1618 d:- ref:0 ;
in:1674 out:1672 type:P dur:2 cpbdur:2 q:46.50 aq:34.36 tex:3587 mv:3216 misc:1341 imb:320 pmb:148 smb:1152 d:t ref:0 ;
in:1672 out:1673 type:B dur:2 cpbdur:2 q:46.57 aq:39.60 tex:154 mv:113 misc:277 imb:3 pmb:18 smb:1599 d:t ref:0 ;
in:1673 out:1674 type:b dur:2 cpbdur:2 q:46.57 aq:43.82 tex:77 mv:41 misc:194 imb:0 pmb:8 smb:1612 d:- ref:0 ;
in:1678 out:1675 type:P dur:2 cpbdur:2 q:46.46 aq:35.43 tex:3369 mv:3278 misc:1209 imb:320 pmb:153 smb:1147 d:t ref:0 ;
in:1676 out:1676 type:B dur:2 cpbdur:2 q:46.50 aq:43.43 tex:282 mv:419 misc:379 imb:7 pmb:52 smb:1561 d:t ref:0 ;
in:1675 out:1677 type:b dur:2 cpbdur:2 q:46.50 aq:43.27 tex:50 mv:141 misc:281 imb:1 pmb:25 smb:1594 d:s ref:0 ;
in:1677 out:1678 type:b dur:2 cpbdur:2 q:46.50 aq:43.55 tex:102 mv:104 misc:234 imb:1 pmb:13 smb:1606 d:- ref:0 ;
in:1682 out:1679 type:P dur:2 cpbdur:2 q:46.40 aq:36.33 tex:4076 mv:3931 misc:1377 imb:391 pmb:176 smb:1053 d:t ref:0 ;
in:1680 out:1680 type:B dur:2 cpbdur:2 q:46.46 aq:42.80 tex:473 mv:574 misc:473 imb:9 pmb:77 smb:1534 d:t ref:0 ;
in:1679 out:1681 type:b dur:2 cpbdur:2 q:46.46 aq:42.88 tex:149 mv:275 misc:392 imb:5 pmb:51 smb:1564 d:s ref:0 ;
in:1681 out:1682 type:b dur:2 cpbdur:2 q:46.46 aq:37.76 tex:167 mv:173 misc:284 imb:2 pmb:23 smb:1595 d:- ref:0 ;
in:1684 out:1683 type:P dur:2 cpbdur:2 q:46.35 aq:36.61 tex:2501 mv:2321 misc:1178 imb:198 pmb:137 smb:1285 d:t ref:0 ;
in:1683 out:1684 type:b dur:2 cpbdur:2 q:46.40 aq:44.69 tex:166 mv:163 misc:391 imb:0 pmb:56 smb:1564 d:t ref:0 ;
in:1686 out:1685 type:P dur:2 cpbdur:2 q:46.32 aq:37.18 tex:3312 mv:3318 misc:1298 imb:301 pmb:157 smb:1162 d:t ref:0 ;
in:1685 out:1686 type:b dur:2 cpbdur:2 q:46.35 aq:42.89 tex:202 mv:145 misc:285 imb:2 pmb:24 smb:1594 d:t ref:0 ;
in:1688 out:1687 type:P dur:2 cpbdur:2 q:46.31 aq:35.91 tex:4658 mv:4218 misc:1420 imb:424 pmb:177 smb:1019 d:t ref:0 ;
in:1687 out:1688 type:b dur:2 cpbdur:2 q:46.32 aq:40.24 tex:413 mv:348 misc:407 imb:5 pmb:58 smb:1557 d:s ref:0 ;
in:1692 out:1689 type:P dur:2 cpbdur:2 q:46.30 aq:37.05 tex:5424 mv:4277 misc:1387 imb:472 pmb:180 smb:968 d:t ref:0 ;
in:1690 out:1690 type:B dur:2 cpbdur:2 q:46.31 aq:38.63 tex:1081 mv:2131 misc:716 imb:43 pmb:210 smb:1367 d:s ref:0 ;
in:1689 out:1691 type:b dur:2 cpbdur:2 q:46.31 aq:41.52 tex:386 mv:616 misc:606 imb:11 pmb:145 smb:1464 d:s ref:0 ;
in:1691 out:1692 type:b dur:2 cpbdur:2 q:46.31 aq:43.11 tex:462 mv:1075 misc:567 imb:7 pmb:134 smb:1479 d:- ref:0 ;
in:1694 out:1693 type:P dur:2 cpbdur:2 q:46.28 aq:36.62 tex:2901 mv:3212 misc:1351 imb:265 pmb:176 smb:1179 d:s ref:0 ;
in:1693 out:1694 type:b dur:2 cpbdur:2 q:46.30 aq:43.46 tex:209 mv:210 misc:525 imb:2 pmb:106 smb:1512 d:s ref:0 ;
in:1696 out:1695 type:P dur:2 cpbdur:2 q:46.27 aq:36.19 tex:4354 mv:3953 misc:1397 imb:351 pmb:189 smb:1080 d:s ref:0 ;
in:1695 out:1696 type:b dur:2 cpbdur:2 q:46.28 aq:43.82 tex:533 mv:1241 misc:570 imb:21 pmb:110 smb:1489 d:t ref:0 ;
in:1698 out:1697 type:P dur:2 cpbdur:2 q:46.26 aq:36.34 tex:5381 mv:5036 misc:1439 imb:520 pmb:205 smb:895 d:s ref:0 ;
in:1697 out:1698 type:b dur:2 cpbdur:2 q:46.27 aq:47.08 tex:422 mv:1193 misc:553 imb:12 pmb:107 smb:1501 d:t ref:0 ;
in:1701 out:1699 type:P dur:2 cpbdur:2 q:46.28 aq:36.96 tex:5038 mv:4773 misc:1485 imb:486 pmb:192 smb:942 d:t ref:0 ;
in:1699 out:1700 type:B dur:2 cpbdur:2 q:46.28 aq:41.96 tex:332 mv:955 misc:657 imb:23 pmb:184 smb:1413 d:s ref:0 ;
in:1700 out:1701 type:b dur:2 cpbdur:2 q:46.28 aq:43.58 tex:549 mv:1202 misc:569 imb:22 pmb:114 smb:1484 d:- ref:0 ;
in:1702 out:1702 type:P dur:2 cpbdur:2 q:46.28 aq:36.68 tex:3186 mv:3575 misc:1239 imb:282 pmb:174 smb:1164 d:s ref:0 ;
in:1704 out:1703 type:P dur:2 cpbdur:2 q:46.28 aq:36.16 tex:6264 mv:5277 misc:1435 imb:625 pmb:191 smb:804 d:s ref:0 ;
in:1703 out:1704 type:b dur:2 cpbdur:2 q:46.28 aq:43.86 tex:823 mv:1871 misc:706 imb:34 pmb:179 smb:1407 d:t ref:0 ;
in:1706 out:1705 type:P dur:2 cpbdur:2 q:46.30 aq:36.83 tex:2913 mv:3364 misc:1339 imb:264 pmb:199 smb:1157 d:t ref:0 ;
in:1705 out:1706 type:b dur:2 cpbdur:2 q:46.30 aq:36.23 tex:28 mv:86 misc:302 imb:2 pmb:36 smb:1582 d:s ref:0 ;
in:1709 out:1707 type:P dur:2 cpbdur:2 q:46.30 aq:37.49 tex:5826 mv:4869 misc:1473 imb:549 pmb:188 smb:883 d:t ref:0 ;
in:1707 out:1708 type:B dur:2 cpbdur:2 q:46.30 aq:41.49 tex:1056 mv:2044 misc:948 imb:36 pmb:245 smb:1339 d:s ref:0 ;
in:1708 out:1709 type:b dur:2 cpbdur:2 q:46.30 aq:38.86 tex:67 mv:59 misc:218 imb:1 pmb:9 smb:1610 d:- ref:0 ;
in:1711 out:1710 type:P dur:2 cpbdur:2 q:46.30 aq:37.15 tex:6238 mv:4874 misc:1504 imb:642 pmb:171 smb:807 d:s ref:0 ;
in:1710 out:1711 type:b dur:2 cpbdur:2 q:46.30 aq:45.09 tex:1073 mv:2312 misc:751 imb:74 pmb:153 smb:1393 d:s ref:0 ;
in:1713 out:1712 type:P dur:2 cpbdur:2 q:46.30 aq:37.04 tex:7554 mv:5740 misc:1474 imb:679 pmb:201 smb:740 d:s ref:0 ;
in:1712 out:1713 type:b dur:2 cpbdur:2 q:46.30 aq:44.34 tex:961 mv:2306 misc:765 imb:56 pmb:165 smb:1399 d:t ref:0 ;
in:1715 out:1714 type:P dur:2 cpbdur:2 q:46.33 aq:38.43 tex:3312 mv:3497 misc:1303 imb:296 pmb:185 smb:1139 d:s ref:0 ;
in:1714 out:1715 type:b dur:2 cpbdur:2 q:46.33 aq:45.74 tex:61 mv:62 misc:229 imb:0 pmb:17 smb:1603 d:s ref:0 ;
in:1717 out:1716 type:P dur:2 cpbdur:2 q:46.34 aq:37.09 tex:6112 mv:5286 misc:1290 imb:725 pmb:140 smb:755 d:s ref:0 ;
in:1716 out:1717 type:b dur:2 cpbdur:2 q:46.34 aq:38.85 tex:1056 mv:2075 misc:773 imb:52 pmb:171 smb:1397 d:s ref:0 ;
in:1719 out:1718 type:P dur:2 cpbdur:2 q:46.35 aq:36.87 tex:6202 mv:5288 misc:1286 imb:762 pmb:170 smb:688 d:s ref:0 ;
in:1718 out:1719 type:b dur:2 cpbdur:2 q:46.35 aq:41.62 tex:892 mv:1712 misc:716 imb:42 pmb:160 smb:1418 d:s ref:0 ;
in:1723 out:1720 type:P dur:2 cpbdur:2 q:46.37 aq:36.62 tex:7174 mv:6373 misc:997 imb:1093 pmb:181 smb:346 d:s ref:0 ;
in:1721 out:1721 type:B dur:2 cpbdur:2 q:46.37 aq:40.92 tex:1337 mv:2363 misc:932 imb:82 pmb:205 smb:1333 d:s ref:0 ;
in:1720 out:1722 type:b dur:2 cpbdur:2 q:46.37 aq:37.41 tex:62 mv:96 misc:322 imb:2 pmb:35 smb:1583 d:s ref:0 ;
in:1722 out:1723 type:b dur:2 cpbdur:2 q:46.37 aq:41.73 tex:737 mv:1213 misc:690 imb:25 pmb:154 smb:1441 d:- ref:0 ;
in:1725 out:1724 type:P dur:2 cpbdur:2 q:46.39 aq:37.98 tex:4402 mv:4129 misc:1101 imb:830 pmb:175 smb:615 d:s ref:0 ;
in:1724 out:1725 type:b dur:2 cpbdur:2 q:46.39 aq:42.54 tex:458 mv:329 misc:677 imb:6 pmb:157 smb:1457 d:s ref:0 ;
in:1726 out:1726 type:P dur:2 cpbdur:2 q:46.37 aq:37.67 tex:4814 mv:4169 misc:1385 imb:647 pmb:186 smb:787 d:s ref:0 w:5,33,-9,6,82,-48,69,-7 ;
in:1727 out:1727 type:I dur:2 cpbdur:2 q:43.46 aq:33.80 tex:22781 mv:10166 misc:157 imb:1620 pmb:0 smb:0 d:s ref:w:5,33,-9,6,82,-48,69,-7 ;
in:1731 out:1728 type:P dur:2 cpbdur:2 q:46.50 aq:40.04 tex:3655 mv:2693 misc:788 imb:286 pmb:133 smb:1201 d:s ref:0 ;
in:1729 out:1729 type:B dur:2 cpbdur:2 q:46.50 aq:45.43 tex:976 mv:975 misc:593 imb:20 pmb:116 smb:1484 d:s ref:0 ;
in:1728 out:1730 type:b dur:2 cpbdur:2 q:46.50 aq:50.00 tex:11 mv:7 misc:166 imb:0 pmb:2 smb:1618 d:s ref:0 ;
in:1730 out:1731 type:b dur:2 cpbdur:2 q:46.50 aq:47.79 tex:379 mv:399 misc:358 imb:1 pmb:49 smb:1570 d:- ref:0 ;
in:1734 out:1732 type:P dur:2 cpbdur:2 q:46.47 aq:37.28 tex:6795 mv:3775 misc:966 imb:267 pmb:213 smb:1140 d:s ref:0 ;
in:1732 out:1733 type:B dur:2 cpbdur:2 q:46.50 aq:48.15 tex:728 mv:489 misc:439 imb:4 pmb:63 smb:1553 d:t ref:0 ;
in:1733 out:1734 type:b dur:2 cpbdur:2 q:46.50 aq:45.09 tex:454 mv:346 misc:352 imb:3 pmb:46 smb:1571 d:- ref:0 ;
in:1738 out:1735 type:P dur:2 cpbdur:2 q:46.46 aq:37.31 tex:6699 mv:3810 misc:1107 imb:322 pmb:242 smb:1056 d:s ref:0 ;
in:1736 out:1736 type:B dur:2 cpbdur:2 q:46.47 aq:40.94 tex:1012 mv:515 misc:609 imb:5 pmb:105 smb:1510 d:s ref:0 ;
in:1735 out:1737 type:b dur:2 cpbdur:2 q:46.47 aq:48.50 tex:145 mv:73 misc:286 imb:0 pmb:26 smb:1594 d:s ref:0 ;
in:1737 out:1738 type:b dur:2 cpbdur:2 q:46.47 aq:46.81 tex:453 mv:198 misc:381 imb:1 pmb:56 smb:1563 d:- ref:0 ;
in:1742 out:1739 type:P dur:2 cpbdur:2 q:46.42 aq:37.01 tex:7363 mv:3939 misc:1194 imb:361 pmb:200 smb:1059 d:s ref:0 ;
in:1740 out:1740 type:B dur:2 cpbdur:2 q:46.46 aq:44.47 tex:1046 mv:368 misc:570 imb:5 pmb:102 smb:1513 d:t ref:0 ;
in:1739 out:1741 type:b dur:2 cpbdur:2 q:46.46 aq:47.14 tex:155 mv:87 misc:302 imb:0 pmb:28 smb:1592 d:s ref:0 ;
in:1741 out:1742 type:b dur:2 cpbdur:2 q:46.46 aq:47.10 tex:426 mv:253 misc:425 imb:1 pmb:55 smb:1564 d:- ref:0 ;
in:1746 out:1743 type:P dur:2 cpbdur:2 q:46.39 aq:39.21 tex:7526 mv:3712 misc:1082 imb:360 pmb:206 smb:1054 d:s ref:0 ;
in:1744 out:1744 type:B dur:2 cpbdur:2 q:46.42 aq:43.42 tex:1773 mv:643 misc:736 imb:7 pmb:162 smb:1451 d:t ref:0 ;
in:1743 out:1745 type:b dur:2 cpbdur:2 q:46.42 aq:48.55 tex:416 mv:126 misc:458 imb:0 pmb:70 smb:1550 d:s ref:0 ;
in:1745 out:1746 type:b dur:2 cpbdur:2 q:46.42 aq:45.42 tex:658 mv:208 misc:454 imb:1 pmb:62 smb:1557 d:- ref:0 ;
in:1749 out:1747 type:P dur:2 cpbdur:2 q:46.36 aq:38.79 tex:8885 mv:4495 misc:1220 imb:429 pmb:240 smb:951 d:s ref:0 ;
in:1747 out:1748 type:B dur:2 cpbdur:2 q:46.39 aq:45.36 tex:1514 mv:545 misc:653 imb:5 pmb:136 smb:1479 d:t ref:0 ;
in:1748 out:1749 type:b dur:2 cpbdur:2 q:46.39 aq:47.30 tex:811 mv:306 misc:483 imb:1 pmb:76 smb:1543 d:- ref:0 ;
in:1753 out:1750 type:P dur:2 cpbdur:2 q:46.38 aq:37.69 tex:9144 mv:4582 misc:1106 imb:603 pmb:166 smb:851 d:s ref:0 ;
in:1751 out:1751 type:B dur:2 cpbdur:2 q:46.38 aq:44.91 tex:1336 mv:636 misc:732 imb:5 pmb:149 smb:1466 d:s ref:0 ;
in:1750 out:1752 type:b dur:2 cpbdur:2 q:46.38 aq:47.97 tex:234 mv:93 misc:353 imb:0 pmb:43 smb:1577 d:s ref:0 ;
in:1752 out:1753 type:b dur:2 cpbdur:2 q:46.38 aq:46.19 tex:783 mv:307 misc:526 imb:3 pmb:82 smb:1535 d:- ref:0 ;
in:1757 out:1754 type:P dur:2 cpbdur:2 q:46.36 aq:35.49 tex:8704 mv:4497 misc:1183 imb:576 pmb:157 smb:887 d:s ref:0 ;
in:1755 out:1755 type:B dur:2 cpbdur:2 q:46.38 aq:43.98 tex:1749 mv:566 misc:701 imb:6 pmb:147 smb:1467 d:s ref:0 ;
in:1754 out:1756 type:b dur:2 cpbdur:2 q:46.38 aq:46.19 tex:337 mv:103 misc:400 imb:0 pmb:50 smb:1570 d:s ref:0 ;
in:1756 out:1757 type:b dur:2 cpbdur:2 q:46.38 aq:46.75 tex:972 mv:276 misc:504 imb:1 pmb:82 smb:1537 d:- ref:0 ;
in:1761 out:1758 type:P dur:2 cpbdur:2 q:46.34 aq:34.80 tex:7919 mv:4255 misc:1322 imb:553 pmb:142 smb:925 d:s ref:0 ;
in:1759 out:1759 type:B dur:2 cpbdur:2 q:46.36 aq:42.26 tex:3083 mv:1033 misc:916 imb:15 pmb:231 smb:1374 d:s ref:0 ;
in:1758 out:1760 type:b dur:2 cpbdur:2 q:46.36 aq:42.33 tex:750 mv:418 misc:672 imb:8 pmb:121 smb:1491 d:s ref:0 ;
in:1760 out:1761 type:b dur:2 cpbdur:2 q:46.36 aq:46.01 tex:1764 mv:492 misc:544 imb:10 pmb:110 smb:1500 d:- ref:0 ;
in:1764 out:1762 type:P dur:2 cpbdur:2 q:46.34 aq:33.70 tex:10456 mv:4109 misc:1083 imb:516 pmb:131 smb:973 d:s ref:0 ;
in:1762 out:1763 type:B dur:2 cpbdur:2 q:46.34 aq:43.18 tex:2433 mv:718 misc:601 imb:14 pmb:140 smb:1466 d:s ref:0 ;
in:1763 out:1764 type:b dur:2 cpbdur:2 q:46.34 aq:44.83 tex:2049 mv:595 misc:508 imb:8 pmb:110 smb:1502 d:- ref:0 ;
in:1768 out:1765 type:P dur:2 cpbdur:2 q:46.36 aq:34.83 tex:9553 mv:4033 misc:990 imb:541 pmb:117 smb:962 d:s ref:0 ;
in:1766 out:1766 type:B dur:2 cpbdur:2 q:46.36 aq:42.34 tex:2630 mv:765 misc:493 imb:11 pmb:131 smb:1478 d:t ref:0 ;
in:1765 out:1767 type:b dur:2 cpbdur:2 q:46.36 aq:44.26 tex:475 mv:145 misc:396 imb:0 pmb:72 smb:1548 d:s ref:0 ;
in:1767 out:1768 type:b dur:2 cpbdur:2 q:46.36 aq:44.57 tex:2139 mv:439 misc:390 imb:3 pmb:92 smb:1525 d:- ref:0 ;
in:1772 out:1769 type:P dur:2 cpbdur:2 q:46.36 aq:32.83 tex:8097 mv:3489 misc:1174 imb:457 pmb:102 smb:1061 d:s ref:0 ;
in:1770 out:1770 type:B dur:2 cpbdur:2 q:46.36 aq:45.20 tex:2932 mv:857 misc:475 imb:9 pmb:141 smb:1470 d:s ref:0 ;
in:1769 out:1771 type:b dur:2 cpbdur:2 q:46.36 aq:44.54 tex:463 mv:145 misc:360 imb:0 pmb:69 smb:1551 d:s ref:0 ;
in:1771 out:1772 type:b dur:2 cpbdur:2 q:46.36 aq:45.08 tex:2781 mv:582 misc:445 imb:8 pmb:114 smb:1498 d:- ref:0 ;
in:1776 out:1773 type:P dur:2 cpbdur:2 q:46.36 aq:34.49 tex:6747 mv:2934 misc:975 imb:392 pmb:84 smb:1144 d:s ref:0 ;
in:1774 out:1774 type:B dur:2 cpbdur:2 q:46.36 aq:41.42 tex:3843 mv:1271 misc:542 imb:11 pmb:173 smb:1436 d:s ref:0 ;
in:1773 out:1775 type:b dur:2 cpbdur:2 q:46.36 aq:43.28 tex:598 mv:248 misc:506 imb:4 pmb:90 smb:1526 d:s ref:0 ;
in:1775 out:1776 type:b dur:2 cpbdur:2 q:46.36 aq:44.97 tex:2465 mv:677 misc:362 imb:5 pmb:99 smb:1516 d:- ref:0 ;
in:1779 out:1777 type:P dur:2 cpbdur:2 q:46.36 aq:34.54 tex:6614 mv:2163 misc:775 imb:245 pmb:82 smb:1293 d:s ref:0 ;
in:1777 out:1778 type:B dur:2 cpbdur:2 q:46.36 aq:41.19 tex:2286 mv:866 misc:400 imb:8 pmb:121 smb:1491 d:t ref:0 ;
in:1778 out:1779 type:b dur:2 cpbdur:2 q:46.36 aq:43.29 tex:1974 mv:668 misc:382 imb:9 pmb:88 smb:1523 d:- ref:0 ;
in:1783 out:1780 type:P dur:2 cpbdur:2 q:46.35 aq:33.93 tex:6014 mv:2131 misc:887 imb:249 pmb:79 smb:1292 d:s ref:0 ;
in:1781 out:1781 type:B dur:2 cpbdur:2 q:46.36 aq:43.86 tex:2115 mv:654 misc:375 imb:7 pmb:99 smb:1514 d:t ref:0 ;
in:1780 out:1782 type:b dur:2 cpbdur:2 q:46.36 aq:44.68 tex:488 mv:152 misc:344 imb:0 pmb:60 smb:1560 d:s ref:0 ;
in:1782 out:1783 type:b dur:2 cpbdur:2 q:46.36 aq:45.80 tex:1526 mv:376 misc:362 imb:2 pmb:76 smb:1542 d:- ref:0 ;
in:1787 out:1784 type:P dur:2 cpbdur:2 q:46.31 aq:34.33 tex:4341 mv:1714 misc:769 imb:186 pmb:76 smb:1358 d:s ref:0 ;
in:1785 out:1785 type:B dur:2 cpbdur:2 q:46.35 aq:44.42 tex:1737 mv:444 misc:387 imb:2 pmb:92 smb:1526 d:s ref:0 ;
in:1784 out:1786 type:b dur:2 cpbdur:2 q:46.35 aq:44.41 tex:424 mv:103 misc:305 imb:0 pmb:48 smb:1572 d:s ref:0 ;
in:1786 out:1787 type:b dur:2 cpbdur:2 q:46.35 aq:44.40 tex:1081 mv:142 misc:321 imb:4 pmb:46 smb:1570 d:- ref:0 ;
in:1791 out:1788 type:P dur:2 cpbdur:2 q:46.26 aq:34.33 tex:3993 mv:1660 misc:803 imb:208 pmb:60 smb:1352 d:s ref:0 ;
in:1789 out:1789 type:B dur:2 cpbdur:2 q:46.31 aq:41.39 tex:1408 mv:364 misc:348 imb:7 pmb:66 smb:1547 d:s ref:0 ;
in:1788 out:1790 type:b dur:2 cpbdur:2 q:46.31 aq:45.09 tex:465 mv:96 misc:295 imb:0 pmb:43 smb:1577 d:s ref:0 ;
in:1790 out:1791 type:b dur:2 cpbdur:2 q:46.31 aq:44.80 tex:537 mv:74 misc:277 imb:1 pmb:32 smb:1587 d:- ref:0 ;
in:1795 out:1792 type:P dur:2 cpbdur:2 q:46.20 aq:31.62 tex:4255 mv:2194 misc:1191 imb:309 pmb:95 smb:1216 d:s ref:0 ;
in:1793 out:1793 type:B dur:2 cpbdur:2 q:46.26 aq:41.25 tex:680 mv:194 misc:374 imb:0 pmb:62 smb:1558 d:s ref:0 ;
in:1792 out:1794 type:b dur:2 cpbdur:2 q:46.26 aq:43.97 tex:503 mv:101 misc:284 imb:0 pmb:34 smb:1586 d:s ref:0 ;
in:1794 out:1795 type:b dur:2 cpbdur:2 q:46.26 aq:43.33 tex:119 mv:49 misc:240 imb:0 pmb:18 smb:1602 d:- ref:0 ;
in:1798 out:1796 type:P dur:2 cpbdur:2 q:46.15 aq:32.41 tex:4263 mv:1729 misc:824 imb:195 pmb:78 smb:1347 d:s ref:0 ;
in:1796 out:1797 type:B dur:2 cpbdur:2 q:46.20 aq:43.40 tex:513 mv:224 misc:279 imb:2 pmb:38 smb:1580 d:s ref:0 ;
in:1797 out:1798 type:b dur:2 cpbdur:2 q:46.20 aq:44.15 tex:302 mv:65 misc:273 imb:0 pmb:26 smb:1594 d:- ref:0 ;
in:1802 out:1799 type:P dur:2 cpbdur:2 q:46.11 aq:31.82 tex:3460 mv:1442 misc:810 imb:149 pmb:76 smb:1395 d:s ref:0 ;
in:1800 out:1800 type:B dur:2 cpbdur:2 q:46.15 aq:42.69 tex:489 mv:228 misc:347 imb:0 pmb:45 smb:1575 d:s ref:0 ;
in:1799 out:1801 type:b dur:2 cpbdur:2 q:46.15 aq:43.42 tex:94 mv:37 misc:221 imb:0 pmb:12 smb:1608 d:s ref:0 ;
in:1801 out:1802 type:b dur:2 cpbdur:2 q:46.14 aq:42.74 tex:244 mv:62 misc:246 imb:0 pmb:18 smb:1602 d:- ref:0 ;
in:1806 out:1803 type:P dur:2 cpbdur:2 q:46.03 aq:32.88 tex:3185 mv:1334 misc:753 imb:116 pmb:74 smb:1430 d:s ref:0 ;
in:1804 out:1804 type:B dur:2 cpbdur:2 q:46.11 aq:40.69 tex:609 mv:154 misc:357 imb:1 pmb:44 smb:1575 d:s ref:0 ;
in:1803 out:1805 type:b dur:2 cpbdur:2 q:46.11 aq:43.96 tex:139 mv:65 misc:268 imb:0 pmb:26 smb:1594 d:s ref:0 ;
in:1805 out:1806 type:b dur:2 cpbdur:2 q:46.11 aq:42.00 tex:251 mv:51 misc:250 imb:1 pmb:20 smb:1599 d:- ref:0 ;
in:1810 out:1807 type:P dur:2 cpbdur:2 q:45.96 aq:33.06 tex:3770 mv:1335 misc:687 imb:132 pmb:63 smb:1425 d:s ref:0 ;
in:1808 out:1808 type:B dur:2 cpbdur:2 q:46.03 aq:43.36 tex:490 mv:146 misc:340 imb:0 pmb:53 smb:1567 d:t ref:0 ;
in:1807 out:1809 type:b dur:2 cpbdur:2 q:46.03 aq:44.07 tex:167 mv:54 misc:227 imb:0 pmb:14 smb:1606 d:s ref:0 ;
in:1809 out:1810 type:b dur:2 cpbdur:2 q:46.03 aq:43.97 tex:187 mv:48 misc:237 imb:0 pmb:18 smb:1602 d:- ref:0 ;
in:1812 out:1811 type:P dur:2 cpbdur:2 q:45.89 aq:34.20 tex:3546 mv:1170 misc:588 imb:79 pmb:88 smb:1453 d:s ref:0 ;
in:1811 out:1812 type:b dur:2 cpbdur:2 q:45.96 aq:43.57 tex:121 mv:39 misc:208 imb:0 pmb:9 smb:1611 d:s ref:0 ;
in:1814 out:1813 type:P dur:2 cpbdur:2 q:45.87 aq:34.90 tex:1751 mv:637 misc:612 imb:53 pmb:58 smb:1509 d:s ref:0 ;
in:1813 out:1814 type:b dur:2 cpbdur:2 q:45.89 aq:43.62 tex:124 mv:48 misc:220 imb:0 pmb:16 smb:1604 d:s ref:0 ;
in:1816 out:1815 type:P dur:2 cpbdur:2 q:45.83 aq:35.70 tex:3095 mv:1166 misc:563 imb:79 pmb:83 smb:1458 d:s ref:0 ;
in:1815 out:1816 type:b dur:2 cpbdur:2 q:45.87 aq:43.62 tex:148 mv:50 misc:218 imb:0 pmb:15 smb:1605 d:s ref:0 ;
in:1818 out:1817 type:P dur:2 cpbdur:2 q:45.79 aq:32.35 tex:3035 mv:1207 misc:638 imb:80 pmb:84 smb:1456 d:s ref:0 ;
in:1817 out:1818 type:b dur:2 cpbdur:2 q:45.83 aq:43.81 tex:169 mv:67 misc:204 imb:0 pmb:15 smb:1605 d:s ref:0 ;
in:1822 out:1819 type:P dur:2 cpbdur:2 q:45.76 aq:32.01 tex:3630 mv:1284 misc:646 imb:98 pmb:78 smb:1444 d:s ref:0 ;
in:1820 out:1820 type:B dur:2 cpbdur:2 q:45.79 aq:42.06 tex:287 mv:200 misc:281 imb:0 pmb:27 smb:1593 d:s ref:0 ;
in:1819 out:1821 type:b dur:2 cpbdur:2 q:45.79 aq:43.67 tex:94 mv:40 misc:178 imb:0 pmb:11 smb:1609 d:s ref:0 ;
in:1821 out:1822 type:b dur:2 cpbdur:2 q:45.79 aq:43.97 tex:240 mv:131 misc:237 imb:1 pmb:23 smb:1596 d:- ref:0 ;
in:1824 out:1823 type:P dur:2 cpbdur:2 q:45.69 aq:32.42 tex:3572 mv:1483 misc:721 imb:135 pmb:91 smb:1394 d:s ref:0 ;
in:1823 out:1824 type:b dur:2 cpbdur:2 q:45.76 aq:41.10 tex:97 mv:34 misc:197 imb:0 pmb:7 smb:1613 d:s ref:0 ;
in:1826 out:1825 type:P dur:2 cpbdur:2 q:45.66 aq:34.08 tex:1202 mv:675 misc:547 imb:31 pmb:70 smb:1519 d:s ref:0 ;
in:1825 out:1826 type:b dur:2 cpbdur:2 q:45.69 aq:42.65 tex:43 mv:8 misc:165 imb:0 pmb:2 smb:1618 d:s ref:0 ;
in:1828 out:1827 type:P dur:2 cpbdur:2 q:45.63 aq:33.50 tex:3406 mv:1331 misc:615 imb:76 pmb:86 smb:1458 d:s ref:0 ;
in:1827 out:1828 type:b dur:2 cpbdur:2 q:45.66 aq:41.45 tex:63 mv:57 misc:200 imb:0 pmb:7 smb:1613 d:s ref:0 ;
in:1830 out:1829 type:P dur:2 cpbdur:2 q:45.59 aq:33.98 tex:1363 mv:723 misc:610 imb:41 pmb:74 smb:1505 d:s ref:0 ;
in:1829 out:1830 type:b dur:2 cpbdur:2 q:45.62 aq:31.00 tex:0 mv:0 misc:144 imb:0 pmb:0 smb:1620 d:s ref:0 ;
in:1832 out:1831 type:P dur:2 cpbdur:2 q:45.56 aq:31.64 tex:3482 mv:1332 misc:642 imb:84 pmb:85 smb:1451 d:s ref:0 ;
in:1831 out:1832 type:b dur:2 cpbdur:2 q:45.59 aq:42.36 tex:120 mv:60 misc:228 imb:0 pmb:12 smb:1608 d:s ref:0 ;
in:1834 out:1833 type:P dur:2 cpbdur:2 q:45.52 aq:34.54 tex:1386 mv:743 misc:543 imb:35 pmb:68 smb:1517 d:s ref:0 ;
in:1833 out:1834 type:b dur:2 cpbdur:2 q:45.55 aq:41.42 tex:42 mv:14 misc:176 imb:0 pmb:4 smb:1616 d:t ref:0 ;
in:1838 out:1835 type:P dur:2 cpbdur:2 q:45.49 aq:32.21 tex:4364 mv:1718 misc:670 imb:112 pmb:95 smb:1413 d:s ref:0 ;
in:1836 out:1836 type:B dur:2 cpbdur:2 q:45.52 aq:40.96 tex:476 mv:375 misc:357 imb:1 pmb:46 smb:1573 d:s ref:0 ;
in:1835 out:1837 type:b dur:2 cpbdur:2 q:45.52 aq:43.95 tex:126 mv:64 misc:210 imb:0 pmb:11 smb:1609 d:s ref:0 ;
in:1837 out:1838 type:b dur:2 cpbdur:2 q:45.52 aq:43.65 tex:47 mv:43 misc:182 imb:0 pmb:4 smb:1616 d:- ref:0 ;
in:1840 out:1839 type:P dur:2 cpbdur:2 q:45.42 aq:31.65 tex:1125 mv:742 misc:645 imb:41 pmb:78 smb:1501 d:s ref:0 ;
in:1839 out:1840 type:b dur:2 cpbdur:2 q:45.49 aq:42.96 tex:49 mv:38 misc:209 imb:0 pmb:8 smb:1612 d:s ref:0 ;
in:1841 out:1841 type:P dur:2 cpbdur:2 q:45.38 aq:33.08 tex:1635 mv:865 misc:572 imb:46 pmb:83 smb:1491 d:s ref:0 ;
in:1842 out:1842 type:P dur:2 cpbdur:2 q:45.36 aq:32.76 tex:1853 mv:882 misc:537 imb:42 pmb:77 smb:1501 d:s ref:0 ;
in:1844 out:1843 type:P dur:2 cpbdur:2 q:45.35 aq:31.94 tex:1610 mv:831 misc:671 imb:47 pmb:86 smb:1487 d:s ref:0 ;
in:1843 out:1844 type:b dur:2 cpbdur:2 q:45.36 aq:42.05 tex:111 mv:30 misc:203 imb:0 pmb:9 smb:1611 d:s ref:0 ;
in:1846 out:1845 type:P dur:2 cpbdur:2 q:45.32 aq:33.06 tex:2300 mv:1209 misc:587 imb:63 pmb:87 smb:1470 d:s ref:0 ;
in:1845 out:1846 type:b dur:2 cpbdur:2 q:45.35 aq:44.84 tex:135 mv:48 misc:209 imb:0 pmb:10 smb:1610 d:t ref:0 ;
in:1848 out:1847 type:P dur:2 cpbdur:2 q:45.28 aq:31.26 tex:2936 mv:1245 misc:667 imb:71 pmb:86 smb:1463 d:s ref:0 ;
in:1847 out:1848 type:b dur:2 cpbdur:2 q:45.32 aq:44.66 tex:135 mv:55 misc:210 imb:0 pmb:10 smb:1610 d:t ref:0 ;
in:1852 out:1849 type:P dur:2 cpbdur:2 q:45.24 aq:31.66 tex:2890 mv:1345 misc:677 imb:78 pmb:95 smb:1447 d:s ref:0 ;
in:1850 out:1850 type:B dur:2 cpbdur:2 q:45.28 aq:42.91 tex:244 mv:151 misc:253 imb:0 pmb:25 smb:1595 d:t ref:0 ;
in:1849 out:1851 type:b dur:2 cpbdur:2 q:45.28 aq:42.44 tex:80 mv:28 misc:204 imb:0 pmb:7 smb:1613 d:s ref:0 ;
in:1851 out:1852 type:b dur:2 cpbdur:2 q:45.28 aq:43.97 tex:163 mv:28 misc:209 imb:0 pmb:12 smb:1608 d:- ref:0 ;
in:1854 out:1853 type:P dur:2 cpbdur:2 q:45.17 aq:31.73 tex:2311 mv:1005 misc:620 imb:58 pmb:77 smb:1485 d:s ref:0 ;
in:1853 out:1854 type:b dur:2 cpbdur:2 q:45.24 aq:43.09 tex:45 mv:9 misc:170 imb:0 pmb:3 smb:1617 d:s ref:0 ;
in:1858 out:1855 type:P dur:2 cpbdur:2 q:45.13 aq:29.63 tex:2923 mv:1403 misc:770 imb:104 pmb:84 smb:1432 d:s ref:0 ;
in:1856 out:1856 type:B dur:2 cpbdur:2 q:45.17 aq:42.49 tex:191 mv:96 misc:257 imb:0 pmb:17 smb:1603 d:t ref:0 ;
in:1855 out:1857 type:b dur:2 cpbdur:2 q:45.17 aq:43.09 tex:31 mv:14 misc:187 imb:0 pmb:4 smb:1616 d:s ref:0 ;
in:1857 out:1858 type:b dur:2 cpbdur:2 q:45.17 aq:42.20 tex:30 mv:26 misc:176 imb:0 pmb:3 smb:1617 d:- ref:0 ;
in:1862 out:1859 type:P dur:2 cpbdur:2 q:45.05 aq:31.59 tex:2221 mv:1204 misc:711 imb:87 pmb:71 smb:1462 d:s ref:0 ;
in:1860 out:1860 type:B dur:2 cpbdur:2 q:45.13 aq:43.60 tex:139 mv:66 misc:227 imb:0 pmb:14 smb:1606 d:t ref:0 ;
in:1859 out:1861 type:b dur:2 cpbdur:2 q:45.13 aq:33.67 tex:62 mv:11 misc:175 imb:0 pmb:3 smb:1617 d:s ref:0 ;
in:1861 out:1862 type:b dur:2 cpbdur:2 q:45.13 aq:42.97 tex:79 mv:76 misc:213 imb:0 pmb:10 smb:1610 d:- ref:0 ;
in:1866 out:1863 type:P dur:2 cpbdur:2 q:44.96 aq:30.45 tex:2252 mv:1178 misc:802 imb:87 pmb:80 smb:1453 d:s ref:0 ;
in:1864 out:1864 type:B dur:2 cpbdur:2 q:45.05 aq:38.74 tex:220 mv:74 misc:218 imb:0 pmb:16 smb:1604 d:s ref:0 ;
in:1863 out:1865 type:b dur:2 cpbdur:2 q:45.05 aq:40.34 tex:69 mv:25 misc:194 imb:0 pmb:8 smb:1612 d:s ref:0 ;
in:1865 out:1866 type:b dur:2 cpbdur:2 q:45.05 aq:41.17 tex:58 mv:12 misc:170 imb:0 pmb:3 smb:1617 d:- ref:0 ;
in:1870 out:1867 type:P dur:2 cpbdur:2 q:44.88 aq:29.12 tex:2353 mv:1292 misc:835 imb:106 pmb:74 smb:1440 d:s ref:0 ;
in:1868 out:1868 type:B dur:2 cpbdur:2 q:44.96 aq:39.84 tex:190 mv:71 misc:195 imb:0 pmb:16 smb:1604 d:s ref:0 ;
in:1867 out:1869 type:b dur:2 cpbdur:2 q:44.96 aq:38.99 tex:96 mv:38 misc:194 imb:1 pmb:5 smb:1614 d:s ref:0 ;
in:1869 out:1870 type:b dur:2 cpbdur:2 q:44.96 aq:42.07 tex:81 mv:17 misc:182 imb:0 pmb:5 smb:1615 d:- ref:0 ;
in:1874 out:1871 type:P dur:2 cpbdur:2 q:44.79 aq:30.39 tex:1957 mv:1048 misc:675 imb:69 pmb:80 smb:1471 d:s ref:0 ;
in:1872 out:1872 type:B dur:2 cpbdur:2 q:44.88 aq:39.86 tex:85 mv:76 misc:191 imb:0 pmb:11 smb:1609 d:s ref:0 ;
in:1871 out:1873 type:b dur:2 cpbdur:2 q:44.88 aq:33.00 tex:0 mv:0 misc:144 imb:0 pmb:0 smb:1620 d:s ref:0 ;
in:1873 out:1874 type:b dur:2 cpbdur:2 q:44.88 aq:42.00 tex:79 mv:18 misc:175 imb:0 pmb:5 smb:1615 d:- ref:0 ;
in:1878 out:1875 type:P dur:2 cpbdur:2 q:44.70 aq:29.46 tex:3426 mv:1513 misc:949 imb:147 pmb:89 smb:1384 d:s ref:0 ;
in:1876 out:1876 type:B dur:2 cpbdur:2 q:44.79 aq:39.63 tex:109 mv:57 misc:194 imb:0 pmb:8 smb:1612 d:s ref:0 ;
in:1875 out:1877 type:b dur:2 cpbdur:2 q:44.79 aq:30.12 tex:18 mv:5 misc:153 imb:0 pmb:1 smb:1619 d:s ref:0 ;
in:1877 out:1878 type:b dur:2 cpbdur:2 q:44.79 aq:39.67 tex:34 mv:7 misc:159 imb:0 pmb:2 smb:1618 d:- ref:0 ;
in:1882 out:1879 type:P dur:2 cpbdur:2 q:44.62 aq:29.66 tex:1917 mv:1056 misc:763 imb:85 pmb:78 smb:1457 d:s ref:0 ;
in:1880 out:1880 type:B dur:2 cpbdur:2 q:44.70 aq:31.00 tex:1 mv:20 misc:187 imb:0 pmb:3 smb:1617 d:s ref:0 ;
in:1879 out:1881 type:b dur:2 cpbdur:2 q:44.70 aq:41.76 tex:31 mv:5 misc:156 imb:0 pmb:1 smb:1619 d:s ref:0 ;
in:1881 out:1882 type:b dur:2 cpbdur:2 q:44.70 aq:38.84 tex:27 mv:5 misc:152 imb:0 pmb:1 smb:1619 d:- ref:0 ;
in:1884 out:1883 type:P dur:2 cpbdur:2 q:44.53 aq:29.25 tex:2010 mv:920 misc:766 imb:75 pmb:74 smb:1471 d:s ref:0 ;
in:1883 out:1884 type:b dur:2 cpbdur:2 q:44.62 aq:32.00 tex:0 mv:0 misc:144 imb:0 pmb:0 smb:1620 d:s ref:0 ;
in:1888 out:1885 type:P dur:2 cpbdur:2 q:44.49 aq:29.47 tex:1696 mv:967 misc:785 imb:77 pmb:87 smb:1456 d:s ref:0 ;
in:1886 out:1886 type:B dur:2 cpbdur:2 q:44.53 aq:30.00 tex:19 mv:7 misc:182 imb:0 pmb:2 smb:1618 d:s ref:0 ;
in:1885 out:1887 type:b dur:2 cpbdur:2 q:44.53 aq:32.00 tex:0 mv:0 misc:144 imb:0 pmb:0 smb:1620 d:s ref:0 ;
in:1887 out:1888 type:b dur:2 cpbdur:2 q:44.53 aq:32.00 tex:0 mv:0 misc:144 imb:0 pmb:0 smb:1620 d:- ref:0 ;
in:1892 out:1889 type:P dur:2 cpbdur:2 q:44.39 aq:29.20 tex:1320 mv:956 misc:852 imb:90 pmb:76 smb:1454 d:s ref:0 ;
in:1890 out:1890 type:B dur:2 cpbdur:2 q:44.48 aq:31.00 tex:0 mv:0 misc:160 imb:0 pmb:0 smb:1620 d:s ref:0 ;
in:1889 out:1891 type:b dur:2 cpbdur:2 q:44.49 aq:32.00 tex:0 mv:0 misc:144 imb:0 pmb:0 smb:1620 d:s ref:0 ;
in:1891 out:1892 type:b dur:2 cpbdur:2 q:44.48 aq:32.00 tex:0 mv:0 misc:144 imb:0 pmb:0 smb:1620 d:- ref:0 ;
in:1896 out:1893 type:P dur:2 cpbdur:2 q:44.30 aq:29.02 tex:1180 mv:766 misc:830 imb:85 pmb:64 smb:1471 d:s ref:0 ;
in:1894 out:1894 type:B dur:2 cpbdur:2 q:44.39 aq:28.51 tex:72 mv:15 misc:193 imb:0 pmb:5 smb:1615 d:s ref:0 ;
in:1893 out:1895 type:b dur:2 cpbdur:2 q:44.39 aq:32.00 tex:0 mv:3 misc:157 imb:0 pmb:1 smb:1619 d:s ref:0 ;
in:1895 out:1896 type:b dur:2 cpbdur:2 q:44.39 aq:32.00 tex:0 mv:0 misc:144 imb:0 pmb:0 smb:1620 d:- ref:0 ;
in:1900 out:1897 type:P dur:2 cpbdur:2 q:44.20 aq:29.07 tex:839 mv:722 misc:799 imb:83 pmb:54 smb:1483 d:s ref:0 ;
in:1898 out:1898 type:B dur:2 cpbdur:2 q:44.29 aq:28.21 tex:34 mv:12 misc:186 imb:0 pmb:3 smb:1617 d:s ref:0 ;
in:1897 out:1899 type:b dur:2 cpbdur:2 q:44.30 aq:32.00 tex:0 mv:0 misc:144 imb:0 pmb:0 smb:1620 d:s ref:0 ;
in:1899 out:1900 type:b dur:2 cpbdur:2 q:44.29 aq:32.00 tex:0 mv:0 misc:144 imb:0 pmb:0 smb:1620 d:- ref:0 ;
in:1904 out:1901 type:P dur:2 cpbdur:2 q:44.09 aq:29.17 tex:1122 mv:912 misc:854 imb:101 pmb:65 smb:1454 d:s ref:0 ;
in:1902 out:1902 type:B dur:2 cpbdur:2 q:44.19 aq:35.44 tex:50 mv:15 misc:199 imb:0 pmb:5 smb:1615 d:s ref:0 ;
in:1901 out:1903 type:b dur:2 cpbdur:2 q:44.20 aq:32.00 tex:0 mv:0 misc:144 imb:0 pmb:0 smb:1620 d:s ref:0 ;
in:1903 out:1904 type:b dur:2 cpbdur:2 q:44.19 aq:29.03 tex:18 mv:5 misc:153 imb:0 pmb:1 smb:1619 d:- ref:0 ;
in:1908 out:1905 type:P dur:2 cpbdur:2 q:43.99 aq:28.40 tex:1802 mv:1071 misc:895 imb:101 pmb:82 smb:1437 d:s ref:0 ;
in:1906 out:1906 type:B dur:2 cpbdur:2 q:44.09 aq:28.11 tex:46 mv:19 misc:207 imb:0 pmb:6 smb:1614 d:s ref:0 ;
in:1905 out:1907 type:b dur:2 cpbdur:2 q:44.09 aq:32.00 tex:0 mv:0 misc:144 imb:0 pmb:0 smb:1620 d:s ref:0 ;
in:1907 out:1908 type:b dur:2 cpbdur:2 q:44.09 aq:32.00 tex:0 mv:0 misc:144 imb:0 pmb:0 smb:1620 d:- ref:0 ;
in:1912 out:1909 type:P dur:2 cpbdur:2 q:43.90 aq:28.14 tex:1196 mv:805 misc:839 imb:98 pmb:54 smb:1468 d:s ref:0 ;
in:1910 out:1910 type:B dur:2 cpbdur:2 q:43.99 aq:28.05 tex:36 mv:11 misc:185 imb:0 pmb:3 smb:1617 d:s ref:0 ;
in:1909 out:1911 type:b dur:2 cpbdur:2 q:43.99 aq:32.00 tex:0 mv:0 misc:144 imb:0 pmb:0 smb:1620 d:s ref:0 ;
in:1911 out:1912 type:b dur:2 cpbdur:2 q:43.99 aq:32.00 tex:0 mv:0 misc:144 imb:0 pmb:0 smb:1620 d:- ref:0 ;
in:1916 out:1913 type:P dur:2 cpbdur:2 q:43.80 aq:27.77 tex:1158 mv:1012 misc:838 imb:132 pmb:62 smb:1426 d:s ref:0 ;
in:1914 out:1914 type:B dur:2 cpbdur:2 q:43.90 aq:30.00 tex:26 mv:17 misc:205 imb:0 pmb:5 smb:1615 d:s ref:0 ;
in:1913 out:1915 type:b dur:2 cpbdur:2 q:43.90 aq:32.00 tex:0 mv:0 misc:144 imb:0 pmb:0 smb:1620 d:s ref:0 ;
in:1915 out:1916 type:b dur:2 cpbdur:2 q:43.90 aq:32.00 tex:0 mv:0 misc:144 imb:0 pmb:0 smb:1620 d:- ref:0 ;
in:1920 out:1917 type:P dur:2 cpbdur:2 q:43.70 aq:28.10 tex:1097 mv:831 misc:824 imb:84 pmb:58 smb:1478 d:s ref:0 ;
in:1918 out:1918 type:B dur:2 cpbdur:2 q:43.79 aq:28.97 tex:48 mv:14 misc:186 imb:0 pmb:4 smb:1616 d:s ref:0 ;
in:1917 out:1919 type:b dur:2 cpbdur:2 q:43.80 aq:32.00 tex:0 mv:0 misc:144 imb:0 pmb:0 smb:1620 d:s ref:0 ;
in:1919 out:1920 type:b dur:2 cpbdur:2 q:43.79 aq:32.00 tex:0 mv:0 misc:144 imb:0 pmb:0 smb:1620 d:- ref:0 ;
in:1924 out:1921 type:P dur:2 cpbdur:2 q:43.59 aq:27.99 tex:1016 mv:817 misc:839 imb:87 pmb:59 smb:1474 d:s ref:0 ;
in:1922 out:1922 type:B dur:2 cpbdur:2 q:43.69 aq:27.21 tex:36 mv:17 misc:203 imb:0 pmb:5 smb:1615 d:s ref:0 ;
in:1921 out:1923 type:b dur:2 cpbdur:2 q:43.69 aq:32.00 tex:0 mv:0 misc:144 imb:0 pmb:0 smb:1620 d:s ref:0 ;
in:1923 out:1924 type:b dur:2 cpbdur:2 q:43.69 aq:32.00 tex:0 mv:0 misc:144 imb:0 pmb:0 smb:1620 d:- ref:0 ;
in:1928 out:1925 type:P dur:2 cpbdur:2 q:43.49 aq:27.68 tex:1044 mv:1009 misc:883 imb:106 pmb:64 smb:1450 d:s ref:0 ;
in:1926 out:1926 type:B dur:2 cpbdur:2 q:43.59 aq:28.20 tex:40 mv:12 misc:180 imb:0 pmb:3 smb:1617 d:s ref:0 ;
in:1925 out:1927 type:b dur:2 cpbdur:2 q:43.59 aq:31.00 tex:0 mv:0 misc:144 imb:0 pmb:0 smb:1620 d:s ref:0 ;
in:1927 out:1928 type:b dur:2 cpbdur:2 q:43.59 aq:31.00 tex:0 mv:0 misc:144 imb:0 pmb:0 smb:1620 d:- ref:0 ;
in:1932 out:1929 type:P dur:2 cpbdur:2 q:43.38 aq:27.98 tex:1032 mv:976 misc:872 imb:116 pmb:53 smb:1451 d:s ref:0 ;
in:1930 out:1930 type:B dur:2 cpbdur:2 q:43.49 aq:27.71 tex:27 mv:7 misc:182 imb:0 pmb:2 smb:1618 d:s ref:0 ;
in:1929 out:1931 type:b dur:2 cpbdur:2 q:43.49 aq:31.00 tex:0 mv:0 misc:144 imb:0 pmb:0 smb:1620 d:s ref:0 ;
in:1931 out:1932 type:b dur:2 cpbdur:2 q:43.49 aq:31.00 tex:0 mv:0 misc:144 imb:0 pmb:0 smb:1620 d:- ref:0 ;
in:1936 out:1933 type:P dur:2 cpbdur:2 q:43.28 aq:27.57 tex:922 mv:930 misc:900 imb:116 pmb:54 smb:1450 d:s ref:0 ;
in:1934 out:1934 type:B dur:2 cpbdur:2 q:43.38 aq:27.87 tex:43 mv:18 misc:195 imb:0 pmb:5 smb:1615 d:s ref:0 ;
in:1933 out:1935 type:b dur:2 cpbdur:2 q:43.38 aq:31.00 tex:0 mv:0 misc:144 imb:0 pmb:0 smb:1620 d:s ref:0 ;
in:1935 out:1936 type:b dur:2 cpbdur:2 q:43.38 aq:31.00 tex:0 mv:0 misc:144 imb:0 pmb:0 smb:1620 d:- ref:0 ;
in:1940 out:1937 type:P dur:2 cpbdur:2 q:43.17 aq:27.86 tex:1180 mv:1047 misc:989 imb:108 pmb:82 smb:1430 d:s ref:0 ;
in:1938 out:1938 type:B dur:2 cpbdur:2 q:43.28 aq:27.00 tex:43 mv:20 misc:201 imb:0 pmb:6 smb:1614 d:s ref:0 ;
in:1937 out:1939 type:b dur:2 cpbdur:2 q:43.28 aq:31.00 tex:0 mv:0 misc:144 imb:0 pmb:0 smb:1620 d:s ref:0 ;
in:1939 out:1940 type:b dur:2 cpbdur:2 q:43.28 aq:31.00 tex:0 mv:0 misc:144 imb:0 pmb:0 smb:1620 d:- ref:0 ;
in:1944 out:1941 type:P dur:2 cpbdur:2 q:43.07 aq:28.33 tex:1042 mv:917 misc:849 imb:87 pmb:78 smb:1455 d:s ref:0 ;
in:1942 out:1942 type:B dur:2 cpbdur:2 q:43.17 aq:27.31 tex:27 mv:11 misc:186 imb:0 pmb:3 smb:1617 d:t ref:0 ;
in:1941 out:1943 type:b dur:2 cpbdur:2 q:43.17 aq:31.00 tex:0 mv:0 misc:144 imb:0 pmb:0 smb:1620 d:s ref:0 ;
in:1943 out:1944 type:b dur:2 cpbdur:2 q:43.17 aq:31.00 tex:1 mv:6 misc:153 imb:0 pmb:2 smb:1618 d:- ref:0 ;
in:1948 out:1945 type:P dur:2 cpbdur:2 q:42.96 aq:27.31 tex:950 mv:960 misc:874 imb:96 pmb:69 smb:1455 d:s ref:0 ;
in:1946 out:1946 type:B dur:2 cpbdur:2 q:43.07 aq:27.02 tex:35 mv:11 misc:186 imb:0 pmb:3 smb:1617 d:s ref:0 ;
in:1945 out:1947 type:b dur:2 cpbdur:2 q:43.07 aq:31.00 tex:0 mv:0 misc:144 imb:0 pmb:0 smb:1620 d:s ref:0 ;
in:1947 out:1948 type:b dur:2 cpbdur:2 q:43.07 aq:31.00 tex:0 mv:0 misc:144 imb:0 pmb:0 smb:1620 d:- ref:0 ;
in:1952 out:1949 type:P dur:2 cpbdur:2 q:42.86 aq:26.34 tex:1441 mv:1298 misc:1133 imb:217 pmb:64 smb:1339 d:s ref:0 ;
in:1950 out:1950 type:B dur:2 cpbdur:2 q:42.96 aq:30.00 tex:0 mv:0 misc:160 imb:0 pmb:0 smb:1620 d:s ref:0 ;
in:1949 out:1951 type:b dur:2 cpbdur:2 q:42.96 aq:31.00 tex:0 mv:0 misc:144 imb:0 pmb:0 smb:1620 d:s ref:0 ;
in:1951 out:1952 type:b dur:2 cpbdur:2 q:42.96 aq:31.00 tex:0 mv:0 misc:144 imb:0 pmb:0 smb:1620 d:- ref:0 ;
in:1956 out:1953 type:P dur:2 cpbdur:2 q:42.75 aq:26.51 tex:1627 mv:1225 misc:1012 imb:134 pmb:81 smb:1405 d:s ref:0 ;
in:1954 out:1954 type:B dur:2 cpbdur:2 q:42.85 aq:27.01 tex:16 mv:5 misc:171 imb:0 pmb:1 smb:1619 d:s ref:0 ;
in:1953 out:1955 type:b dur:2 cpbdur:2 q:42.86 aq:31.00 tex:0 mv:0 misc:144 imb:0 pmb:0 smb:1620 d:s ref:0 ;
in:1955 out:1956 type:b dur:2 cpbdur:2 q:42.85 aq:31.00 tex:0 mv:0 misc:144 imb:0 pmb:0 smb:1620 d:- ref:0 ;
in:1960 out:1957 type:P dur:2 cpbdur:2 q:42.65 aq:27.18 tex:1164 mv:866 misc:874 imb:87 pmb:69 smb:1464 d:s ref:0 ;
in:1958 out:1958 type:B dur:2 cpbdur:2 q:42.75 aq:35.92 tex:40 mv:8 misc:176 imb:0 pmb:2 smb:1618 d:s ref:0 ;
in:1957 out:1959 type:b dur:2 cpbdur:2 q:42.75 aq:28.00 tex:0 mv:0 misc:144 imb:0 pmb:0 smb:1620 d:s ref:0 ;
in:1959 out:1960 type:b dur:2 cpbdur:2 q:42.75 aq:28.00 tex:0 mv:0 misc:144 imb:0 pmb:0 smb:1620 d:- ref:0 ;
in:1964 out:1961 type:P dur:2 cpbdur:2 q:42.54 aq:26.97 tex:1222 mv:960 misc:930 imb:105 pmb:74 smb:1441 d:s ref:0 ;
in:1962 out:1962 type:B dur:2 cpbdur:2 q:42.65 aq:26.00 tex:9 mv:5 misc:170 imb:0 pmb:1 smb:1619 d:s ref:0 ;
in:1961 out:1963 type:b dur:2 cpbdur:2 q:42.65 aq:28.00 tex:0 mv:0 misc:144 imb:0 pmb:0 smb:1620 d:s ref:0 ;
in:1963 out:1964 type:b dur:2 cpbdur:2 q:42.65 aq:28.00 tex:0 mv:0 misc:144 imb:0 pmb:0 smb:1620 d:- ref:0 ;
in:1968 out:1965 type:P dur:2 cpbdur:2 q:42.43 aq:27.58 tex:1321 mv:1190 misc:985 imb:115 pmb:88 smb:1417 d:s ref:0 ;
in:1966 out:1966 type:B dur:2 cpbdur:2 q:42.54 aq:27.34 tex:50 mv:24 misc:198 imb:1 pmb:5 smb:1614 d:s ref:0 ;
in:1965 out:1967 type:b dur:2 cpbdur:2 q:42.54 aq:28.00 tex:0 mv:0 misc:144 imb:0 pmb:0 smb:1620 d:s ref:0 ;
in:1967 out:1968 type:b dur:2 cpbdur:2 q:42.54 aq:27.00 tex:0 mv:0 misc:144 imb:0 pmb:0 smb:1620 d:- ref:0 ;
in:1972 out:1969 type:P dur:2 cpbdur:2 q:42.33 aq:27.55 tex:966 mv:757 misc:781 imb:66 pmb:68 smb:1486 d:s ref:0 ;
in:1970 out:1970 type:B dur:2 cpbdur:2 q:42.43 aq:26.00 tex:10 mv:5 misc:169 imb:0 pmb:1 smb:1619 d:s ref:0 ;
in:1969 out:1971 type:b dur:2 cpbdur:2 q:42.43 aq:27.00 tex:0 mv:0 misc:144 imb:0 pmb:0 smb:1620 d:s ref:0 ;
in:1971 out:1972 type:b dur:2 cpbdur:2 q:42.43 aq:27.00 tex:0 mv:3 misc:157 imb:0 pmb:1 smb:1619 d:- ref:0 ;
in:1974 out:1973 type:P dur:2 cpbdur:2 q:42.21 aq:25.55 tex:621 mv:580 misc:639 imb:44 pmb:48 smb:1528 d:- ref:0 ;
in:1973 out:1974 type:b dur:2 cpbdur:2 q:42.32 aq:27.00 tex:0 mv:0 misc:144 imb:0 pmb:0 smb:1620 d:- ref:0 ;
in:1976 out:1975 type:P dur:2 cpbdur:2 q:42.16 aq:34.96 tex:82 mv:48 misc:198 imb:4 pmb:2 smb:1614 d:- ref:0 ;
in:1975 out:1976 type:b dur:2 cpbdur:2 q:42.21 aq:27.00 tex:0 mv:0 misc:144 imb:0 pmb:0 smb:1620 d:- ref:0 ;
in:1977 out:1977 type:I dur:2 cpbdur:2 q:39.80 aq:23.95 tex:16758 mv:8790 misc:124 imb:1620 pmb:0 smb:0 d:- ref:;
in:1981 out:1978 type:P dur:2 cpbdur:2 q:42.20 aq:25.06 tex:226 mv:271 misc:367 imb:5 pmb:33 smb:1582 d:- ref:0 ;
in:1979 out:1979 type:B dur:2 cpbdur:2 q:42.20 aq:26.00 tex:0 mv:0 misc:144 imb:0 pmb:0 smb:1620 d:- ref:0 ;
in:1978 out:1980 type:b dur:2 cpbdur:2 q:42.20 aq:27.00 tex:0 mv:0 misc:144 imb:0 pmb:0 smb:1620 d:- ref:0 ;
in:1980 out:1981 type:b dur:2 cpbdur:2 q:42.20 aq:27.00 tex:0 mv:0 misc:144 imb:0 pmb:0 smb:1620 d:- ref:0 ;
in:1985 out:1982 type:P dur:2 cpbdur:2 q:42.08 aq:26.32 tex:296 mv:406 misc:426 imb:13 pmb:41 smb:1566 d:- ref:0 ;
in:1983 out:1983 type:B dur:2 cpbdur:2 q:42.20 aq:26.00 tex:1 mv:3 misc:172 imb:0 pmb:1 smb:1619 d:- ref:0 ;
in:1982 out:1984 type:b dur:2 cpbdur:2 q:42.20 aq:27.00 tex:1 mv:3 misc:156 imb:0 pmb:1 smb:1619 d:s ref:0 ;
in:1984 out:1985 type:b dur:2 cpbdur:2 q:42.20 aq:27.00 tex:0 mv:0 misc:144 imb:0 pmb:0 smb:1620 d:- ref:0 ;
in:1989 out:1986 type:P dur:2 cpbdur:2 q:41.96 aq:26.50 tex:611 mv:655 misc:566 imb:27 pmb:69 smb:1524 d:s ref:0 ;
in:1987 out:1987 type:B dur:2 cpbdur:2 q:42.08 aq:26.00 tex:0 mv:0 misc:160 imb:0 pmb:0 smb:1620 d:s ref:0 ;
in:1986 out:1988 type:b dur:2 cpbdur:2 q:42.08 aq:27.00 tex:0 mv:0 misc:144 imb:0 pmb:0 smb:1620 d:s ref:0 ;
in:1988 out:1989 type:b dur:2 cpbdur:2 q:42.08 aq:27.00 tex:0 mv:0 misc:144 imb:0 pmb:0 smb:1620 d:- ref:0 ;
in:1993 out:1990 type:P dur:2 cpbdur:2 q:41.84 aq:25.69 tex:502 mv:609 misc:577 imb:26 pmb:62 smb:1532 d:s ref:0 ;
in:1991 out:1991 type:B dur:2 cpbdur:2 q:41.95 aq:26.00 tex:0 mv:0 misc:160 imb:0 pmb:0 smb:1620 d:s ref:0 ;
in:1990 out:1992 type:b dur:2 cpbdur:2 q:41.96 aq:38.12 tex:32 mv:5 misc:155 imb:0 pmb:1 smb:1619 d:s ref:0 ;
in:1992 out:1993 type:b dur:2 cpbdur:2 q:41.95 aq:27.00 tex:0 mv:0 misc:144 imb:0 pmb:0 smb:1620 d:- ref:0 ;
in:1997 out:1994 type:P dur:2 cpbdur:2 q:41.71 aq:25.77 tex:602 mv:790 misc:648 imb:50 pmb:67 smb:1503 d:s ref:0 ;
in:1995 out:1995 type:B dur:2 cpbdur:2 q:41.83 aq:26.00 tex:0 mv:0 misc:160 imb:0 pmb:0 smb:1620 d:s ref:0 ;
in:1994 out:1996 type:b dur:2 cpbdur:2 q:41.84 aq:27.00 tex:0 mv:0 misc:144 imb:0 pmb:0 smb:1620 d:s ref:0 ;
in:1996 out:1997 type:b dur:2 cpbdur:2 q:41.83 aq:27.00 tex:0 mv:0 misc:144 imb:0 pmb:0 smb:1620 d:- ref:0 ;
in:2001 out:1998 type:P dur:2 cpbdur:2 q:41.59 aq:26.01 tex:777 mv:879 misc:760 imb:62 pmb:68 smb:1490 d:s ref:0 ;
in:1999 out:1999 type:B dur:2 cpbdur:2 q:41.71 aq:25.00 tex:0 mv:0 misc:160 imb:0 pmb:0 smb:1620 d:s ref:0 ;
in:1998 out:2000 type:b dur:2 cpbdur:2 q:41.71 aq:27.00 tex:0 mv:0 misc:144 imb:0 pmb:0 smb:1620 d:s ref:0 ;
in:2000 out:2001 type:b dur:2 cpbdur:2 q:41.71 aq:27.00 tex:0 mv:0 misc:144 imb:0 pmb:0 smb:1620 d:- ref:0 ;
in:2005 out:2002 type:P dur:2 cpbdur:2 q:41.47 aq:25.66 tex:1117 mv:1303 misc:956 imb:94 pmb:109 smb:1417 d:- ref:0 ;
in:2003 out:2003 type:B dur:2 cpbdur:2 q:41.59 aq:25.00 tex:1 mv:7 misc:168 imb:0 pmb:1 smb:1619 d:s ref:0 ;
in:2002 out:2004 type:b dur:2 cpbdur:2 q:41.59 aq:27.00 tex:1 mv:3 misc:156 imb:0 pmb:1 smb:1619 d:s ref:0 ;
in:2004 out:2005 type:b dur:2 cpbdur:2 q:41.59 aq:27.00 tex:0 mv:0 misc:144 imb:0 pmb:0 smb:1620 d:- ref:0 ;
in:2009 out:2006 type:P dur:2 cpbdur:2 q:41.36 aq:25.94 tex:1215 mv:966 misc:771 imb:65 pmb:79 smb:1476 d:s ref:0 ;
in:2007 out:2007 type:B dur:2 cpbdur:2 q:41.47 aq:36.83 tex:46 mv:12 misc:182 imb:0 pmb:3 smb:1617 d:s ref:0 ;
in:2006 out:2008 type:b dur:2 cpbdur:2 q:41.47 aq:26.00 tex:0 mv:0 misc:144 imb:0 pmb:0 smb:1620 d:s ref:0 ;
in:2008 out:2009 type:b dur:2 cpbdur:2 q:41.47 aq:26.00 tex:0 mv:0 misc:144 imb:0 pmb:0 smb:1620 d:- ref:0 ;
in:2013 out:2010 type:P dur:2 cpbdur:2 q:41.24 aq:26.65 tex:1432 mv:1357 misc:955 imb:107 pmb:101 smb:1412 d:s ref:0 ;
in:2011 out:2011 type:B dur:2 cpbdur:2 q:41.36 aq:25.00 tex:0 mv:0 misc:160 imb:0 pmb:0 smb:1620 d:s ref:0 ;
in:2010 out:2012 type:b dur:2 cpbdur:2 q:41.36 aq:26.00 tex:0 mv:0 misc:144 imb:0 pmb:0 smb:1620 d:s ref:0 ;
in:2012 out:2013 type:b dur:2 cpbdur:2 q:41.36 aq:26.00 tex:0 mv:0 misc:144 imb:0 pmb:0 smb:1620 d:- ref:0 ;
in:2017 out:2014 type:P dur:2 cpbdur:2 q:41.13 aq:26.24 tex:1155 mv:1145 misc:988 imb:109 pmb:84 smb:1427 d:s ref:0 ;
in:2015 out:2015 type:B dur:2 cpbdur:2 q:41.24 aq:25.00 tex:0 mv:0 misc:160 imb:0 pmb:0 smb:1620 d:s ref:0 ;
in:2014 out:2016 type:b dur:2 cpbdur:2 q:41.24 aq:26.00 tex:0 mv:0 misc:144 imb:0 pmb:0 smb:1620 d:s ref:0 ;
in:2016 out:2017 type:b dur:2 cpbdur:2 q:41.24 aq:26.00 tex:0 mv:0 misc:144 imb:0 pmb:0 smb:1620 d:- ref:0 ;
in:2021 out:2018 type:P dur:2 cpbdur:2 q:41.01 aq:25.54 tex:1290 mv:1194 misc:956 imb:116 pmb:87 smb:1417 d:s ref:0 ;
in:2019 out:2019 type:B dur:2 cpbdur:2 q:41.13 aq:34.32 tex:47 mv:20 misc:189 imb:0 pmb:5 smb:1615 d:s ref:0 ;
in:2018 out:2020 type:b dur:2 cpbdur:2 q:41.13 aq:26.00 tex:0 mv:0 misc:144 imb:0 pmb:0 smb:1620 d:s ref:0 ;
in:2020 out:2021 type:b dur:2 cpbdur:2 q:41.13 aq:26.00 tex:0 mv:0 misc:144 imb:0 pmb:0 smb:1620 d:- ref:0 ;
in:2025 out:2022 type:P dur:2 cpbdur:2 q:40.89 aq:25.21 tex:891 mv:988 misc:865 imb:79 pmb:88 smb:1453 d:s ref:0 ;
in:2023 out:2023 type:B dur:2 cpbdur:2 q:41.01 aq:25.00 tex:0 mv:0 misc:160 imb:0 pmb:0 smb:1620 d:s ref:0 ;
in:2022 out:2024 type:b dur:2 cpbdur:2 q:41.01 aq:26.00 tex:0 mv:0 misc:144 imb:0 pmb:0 smb:1620 d:s ref:0 ;
in:2024 out:2025 type:b dur:2 cpbdur:2 q:41.01 aq:26.00 tex:0 mv:0 misc:144 imb:0 pmb:0 smb:1620 d:- ref:0 ;
in:2029 out:2026 type:P dur:2 cpbdur:2 q:40.77 aq:25.41 tex:1124 mv:1219 misc:945 imb:100 pmb:97 smb:1423 d:s ref:0 ;
in:2027 out:2027 type:B dur:2 cpbdur:2 q:40.89 aq:26.72 tex:22 mv:17 misc:185 imb:0 pmb:5 smb:1615 d:s ref:0 ;
in:2026 out:2028 type:b dur:2 cpbdur:2 q:40.89 aq:26.00 tex:0 mv:6 misc:154 imb:0 pmb:1 smb:1619 d:s ref:0 ;
in:2028 out:2029 type:b dur:2 cpbdur:2 q:40.89 aq:26.00 tex:0 mv:0 misc:144 imb:0 pmb:0 smb:1620 d:- ref:0 ;
in:2033 out:2030 type:P dur:2 cpbdur:2 q:40.65 aq:26.45 tex:1067 mv:1293 misc:784 imb:63 pmb:102 smb:1455 d:s ref:0 ;
in:2031 out:2031 type:B dur:2 cpbdur:2 q:40.77 aq:24.00 tex:6 mv:129 misc:241 imb:0 pmb:19 smb:1601 d:t ref:0 ;
in:2030 out:2032 type:b dur:2 cpbdur:2 q:40.77 aq:26.00 tex:0 mv:0 misc:144 imb:0 pmb:0 smb:1620 d:s ref:0 ;
in:2032 out:2033 type:b dur:2 cpbdur:2 q:40.77 aq:26.00 tex:1 mv:3 misc:156 imb:0 pmb:1 smb:1619 d:- ref:0 ;
in:2037 out:2034 type:P dur:2 cpbdur:2 q:40.53 aq:26.62 tex:1438 mv:1601 misc:905 imb:96 pmb:121 smb:1403 d:s ref:0 ;
in:2035 out:2035 type:B dur:2 cpbdur:2 q:40.65 aq:24.00 tex:7 mv:319 misc:306 imb:0 pmb:40 smb:1580 d:s ref:0 ;
in:2034 out:2036 type:b dur:2 cpbdur:2 q:40.65 aq:27.23 tex:33 mv:72 misc:223 imb:0 pmb:16 smb:1604 d:s ref:0 ;
in:2036 out:2037 type:b dur:2 cpbdur:2 q:40.65 aq:36.03 tex:52 mv:130 misc:194 imb:1 pmb:15 smb:1604 d:- ref:0 ;
in:2041 out:2038 type:P dur:2 cpbdur:2 q:40.41 aq:26.50 tex:1834 mv:2168 misc:982 imb:133 pmb:131 smb:1356 d:s ref:0 ;
in:2039 out:2039 type:B dur:2 cpbdur:2 q:40.53 aq:34.98 tex:192 mv:619 misc:357 imb:2 pmb:61 smb:1557 d:s ref:0 ;
in:2038 out:2040 type:b dur:2 cpbdur:2 q:40.53 aq:32.17 tex:47 mv:143 misc:266 imb:0 pmb:29 smb:1591 d:s ref:0 ;
in:2040 out:2041 type:b dur:2 cpbdur:2 q:40.53 aq:31.06 tex:91 mv:375 misc:286 imb:4 pmb:32 smb:1584 d:- ref:0 ;
in:2045 out:2042 type:P dur:2 cpbdur:2 q:40.31 aq:27.64 tex:2065 mv:2167 misc:792 imb:92 pmb:140 smb:1388 d:s ref:0 ;
in:2043 out:2043 type:B dur:2 cpbdur:2 q:40.41 aq:30.17 tex:373 mv:1133 misc:398 imb:7 pmb:102 smb:1511 d:t ref:0 ;
in:2042 out:2044 type:b dur:2 cpbdur:2 q:40.41 aq:31.32 tex:61 mv:483 misc:304 imb:2 pmb:43 smb:1575 d:s ref:0 ;
in:2044 out:2045 type:b dur:2 cpbdur:2 q:40.41 aq:25.00 tex:18 mv:135 misc:343 imb:1 pmb:56 smb:1563 d:- ref:0 ;
in:2047 out:2046 type:P dur:2 cpbdur:2 q:40.21 aq:29.77 tex:2698 mv:2286 misc:712 imb:102 pmb:130 smb:1388 d:s ref:0 ;
in:2046 out:2047 type:b dur:2 cpbdur:2 q:40.31 aq:32.81 tex:266 mv:1129 misc:445 imb:6 pmb:117 smb:1497 d:t ref:0 ;
in:2049 out:2048 type:P dur:2 cpbdur:2 q:40.18 aq:28.52 tex:5128 mv:3073 misc:543 imb:173 pmb:154 smb:1293 d:s ref:0 ;
in:2048 out:2049 type:b dur:2 cpbdur:2 q:40.21 aq:34.42 tex:381 mv:1499 misc:480 imb:5 pmb:130 smb:1485 d:s ref:0 ;
in:2053 out:2050 type:P dur:2 cpbdur:2 q:40.17 aq:30.23 tex:10253 mv:4911 misc:740 imb:401 pmb:143 smb:1076 d:s ref:0 ;
in:2051 out:2051 type:B dur:2 cpbdur:2 q:40.18 aq:31.46 tex:1515 mv:2964 misc:665 imb:41 pmb:255 smb:1324 d:s ref:0 ;
in:2050 out:2052 type:b dur:2 cpbdur:2 q:40.18 aq:34.10 tex:155 mv:323 misc:402 imb:4 pmb:86 smb:1530 d:s ref:0 ;
in:2052 out:2053 type:b dur:2 cpbdur:2 q:40.18 aq:30.40 tex:1241 mv:2955 misc:692 imb:41 pmb:226 smb:1353 d:- ref:0 ;
in:2056 out:2054 type:P dur:2 cpbdur:2 q:40.20 aq:32.54 tex:8918 mv:5820 misc:582 imb:534 pmb:168 smb:918 d:s ref:0 ;
in:2054 out:2055 type:B dur:2 cpbdur:2 q:40.20 aq:34.95 tex:147 mv:420 misc:457 imb:15 pmb:85 smb:1520 d:s ref:0 ;
in:2055 out:2056 type:b dur:2 cpbdur:2 q:40.20 aq:33.56 tex:1774 mv:4178 misc:840 imb:92 pmb:293 smb:1235 d:- ref:0 ;
in:2057 out:2057 type:P dur:2 cpbdur:2 q:40.28 aq:33.93 tex:8834 mv:6817 misc:741 imb:696 pmb:191 smb:733 d:s ref:0 ;
in:2058 out:2058 type:I dur:2 cpbdur:2 q:37.64 aq:31.10 tex:23039 mv:10912 misc:153 imb:1620 pmb:0 smb:0 d:s ref:;
in:2060 out:2059 type:P dur:2 cpbdur:2 q:40.51 aq:35.82 tex:13041 mv:9510 misc:537 imb:1319 pmb:175 smb:126 d:s ref:0 ;
in:2059 out:2060 type:b dur:2 cpbdur:2 q:40.51 aq:26.00 tex:4 mv:3 misc:153 imb:0 pmb:1 smb:1619 d:s ref:0 ;
in:2061 out:2061 type:P dur:2 cpbdur:2 q:40.56 aq:33.61 tex:12878 mv:8287 misc:307 imb:1554 pmb:52 smb:14 d:s ref:0 ;
in:2062 out:2062 type:i dur:2 cpbdur:2 q:37.64 aq:27.18 tex:16515 mv:8340 misc:161 imb:1620 pmb:0 smb:0 d:s ref:;
in:2066 out:2063 type:P dur:2 cpbdur:2 q:40.76 aq:21.00 tex:276 mv:640 misc:572 imb:670 pmb:28 smb:922 d:s ref:0 w:0,0,16,7,1,126,1,127 ;
in:2064 out:2064 type:B dur:2 cpbdur:2 q:40.76 aq:25.00 tex:4 mv:3 misc:169 imb:0 pmb:1 smb:1619 d:s ref:0 ;
in:2063 out:2065 type:b dur:2 cpbdur:2 q:40.76 aq:26.71 tex:3032 mv:5987 misc:357 imb:1022 pmb:220 smb:378 d:s ref:0 ;
in:2065 out:2066 type:b dur:2 cpbdur:2 q:40.76 aq:26.00 tex:0 mv:0 misc:144 imb:0 pmb:0 smb:1620 d:- ref:0 ;
in:2070 out:2067 type:P dur:2 cpbdur:2 q:40.65 aq:21.00 tex:2 mv:11 misc:187 imb:1 pmb:0 smb:1619 d:s ref:0 ;
in:2068 out:2068 type:B dur:2 cpbdur:2 q:40.76 aq:24.00 tex:0 mv:0 misc:160 imb:0 pmb:0 smb:1620 d:s ref:0 ;
in:2067 out:2069 type:b dur:2 cpbdur:2 q:40.76 aq:26.00 tex:0 mv:0 misc:144 imb:0 pmb:0 smb:1620 d:s ref:0 ;
in:2069 out:2070 type:b dur:2 cpbdur:2 q:40.76 aq:26.00 tex:0 mv:0 misc:144 imb:0 pmb:0 smb:1620 d:- ref:0 ;
in:2074 out:2071 type:P dur:2 cpbdur:2 q:40.58 aq:21.00 tex:0 mv:0 misc:176 imb:0 pmb:0 smb:1620 d:s ref:0 ;
in:2072 out:2072 type:B dur:2 cpbdur:2 q:40.65 aq:24.00 tex:0 mv:0 misc:160 imb:0 pmb:0 smb:1620 d:s ref:0 ;
in:2071 out:2073 type:b dur:2 cpbdur:2 q:40.65 aq:26.00 tex:0 mv:0 misc:144 imb:0 pmb:0 smb:1620 d:s ref:0 ;
in:2073 out:2074 type:b dur:2 cpbdur:2 q:40.65 aq:26.00 tex:0 mv:0 misc:144 imb:0 pmb:0 smb:1620 d:- ref:0 ;
in:2078 out:2075 type:P dur:2 cpbdur:2 q:40.44 aq:21.00 tex:0 mv:0 misc:176 imb:0 pmb:0 smb:1620 d:s ref:0 ;
in:2076 out:2076 type:B dur:2 cpbdur:2 q:40.58 aq:24.00 tex:0 mv:0 misc:160 imb:0 pmb:0 smb:1620 d:s ref:0 ;
in:2075 out:2077 type:b dur:2 cpbdur:2 q:40.58 aq:26.00 tex:0 mv:0 misc:144 imb:0 pmb:0 smb:1620 d:s ref:0 ;
in:2077 out:2078 type:b dur:2 cpbdur:2 q:40.58 aq:25.00 tex:0 mv:0 misc:144 imb:0 pmb:0 smb:1620 d:- ref:0 ;
in:2082 out:2079 type:P dur:2 cpbdur:2 q:40.29 aq:21.00 tex:0 mv:0 misc:176 imb:0 pmb:0 smb:1620 d:s ref:0 ;
in:2080 out:2080 type:B dur:2 cpbdur:2 q:40.43 aq:24.00 tex:0 mv:0 misc:160 imb:0 pmb:0 smb:1620 d:s ref:0 ;
in:2079 out:2081 type:b dur:2 cpbdur:2 q:40.43 aq:25.00 tex:0 mv:0 misc:144 imb:0 pmb:0 smb:1620 d:s ref:0 ;
in:2081 out:2082 type:b dur:2 cpbdur:2 q:40.43 aq:25.00 tex:0 mv:0 misc:144 imb:0 pmb:0 smb:1620 d:- ref:0 ;
in:2086 out:2083 type:P dur:2 cpbdur:2 q:40.15 aq:21.00 tex:0 mv:0 misc:176 imb:0 pmb:0 smb:1620 d:s ref:0 ;
in:2084 out:2084 type:B dur:2 cpbdur:2 q:40.29 aq:24.00 tex:0 mv:0 misc:160 imb:0 pmb:0 smb:1620 d:s ref:0 ;
in:2083 out:2085 type:b dur:2 cpbdur:2 q:40.29 aq:25.00 tex:0 mv:0 misc:144 imb:0 pmb:0 smb:1620 d:s ref:0 ;
in:2085 out:2086 type:b dur:2 cpbdur:2 q:40.29 aq:25.00 tex:0 mv:0 misc:144 imb:0 pmb:0 smb:1620 d:- ref:0 ;
in:2090 out:2087 type:P dur:2 cpbdur:2 q:40.00 aq:21.00 tex:0 mv:0 misc:176 imb:0 pmb:0 smb:1620 d:s ref:0 ;
in:2088 out:2088 type:B dur:2 cpbdur:2 q:40.15 aq:24.00 tex:0 mv:0 misc:160 imb:0 pmb:0 smb:1620 d:s ref:0 ;
in:2087 out:2089 type:b dur:2 cpbdur:2 q:40.15 aq:25.00 tex:0 mv:0 misc:144 imb:0 pmb:0 smb:1620 d:s ref:0 ;
in:2089 out:2090 type:b dur:2 cpbdur:2 q:40.14 aq:25.00 tex:0 mv:0 misc:144 imb:0 pmb:0 smb:1620 d:- ref:0 ;
in:2094 out:2091 type:P dur:2 cpbdur:2 q:39.86 aq:20.00 tex:6 mv:20 misc:198 imb:2 pmb:0 smb:1618 d:s ref:0 ;
in:2092 out:2092 type:B dur:2 cpbdur:2 q:40.00 aq:24.00 tex:0 mv:0 misc:160 imb:0 pmb:0 smb:1620 d:s ref:0 ;
in:2091 out:2093 type:b dur:2 cpbdur:2 q:40.00 aq:25.00 tex:0 mv:0 misc:144 imb:0 pmb:0 smb:1620 d:s ref:0 ;
in:2093 out:2094 type:b dur:2 cpbdur:2 q:40.00 aq:25.00 tex:0 mv:0 misc:144 imb:0 pmb:0 smb:1620 d:- ref:0 ;
in:2098 out:2095 type:P dur:2 cpbdur:2 q:39.82 aq:20.00 tex:0 mv:0 misc:176 imb:0 pmb:0 smb:1620 d:s ref:0 ;
in:2096 out:2096 type:B dur:2 cpbdur:2 q:39.86 aq:24.00 tex:0 mv:0 misc:160 imb:0 pmb:0 smb:1620 d:s ref:0 ;
in:2095 out:2097 type:b dur:2 cpbdur:2 q:39.86 aq:25.00 tex:0 mv:0 misc:144 imb:0 pmb:0 smb:1620 d:s ref:0 ;
in:2097 out:2098 type:b dur:2 cpbdur:2 q:39.86 aq:25.00 tex:0 mv:0 misc:144 imb:0 pmb:0 smb:1620 d:- ref:0 ;
in:2102 out:2099 type:P dur:2 cpbdur:2 q:39.80 aq:20.00 tex:0 mv:0 misc:176 imb:0 pmb:0 smb:1620 d:s ref:0 ;
in:2100 out:2100 type:B dur:2 cpbdur:2 q:39.82 aq:24.00 tex:0 mv:0 misc:160 imb:0 pmb:0 smb:1620 d:s ref:0 ;
in:2099 out:2101 type:b dur:2 cpbdur:2 q:39.82 aq:25.00 tex:0 mv:0 misc:144 imb:0 pmb:0 smb:1620 d:s ref:0 ;
in:2101 out:2102 type:b dur:2 cpbdur:2 q:39.82 aq:25.00 tex:0 mv:0 misc:144 imb:0 pmb:0 smb:1620 d:- ref:0 ;
in:2106 out:2103 type:P dur:2 cpbdur:2 q:39.78 aq:20.00 tex:0 mv:0 misc:176 imb:0 pmb:0 smb:1620 d:s ref:0 ;
in:2104 out:2104 type:B dur:2 cpbdur:2 q:39.80 aq:24.00 tex:0 mv:0 misc:160 imb:0 pmb:0 smb:1620 d:s ref:0 ;
in:2103 out:2105 type:b dur:2 cpbdur:2 q:39.80 aq:25.00 tex:0 mv:0 misc:144 imb:0 pmb:0 smb:1620 d:s ref:0 ;
in:2105 out:2106 type:b dur:2 cpbdur:2 q:39.80 aq:25.00 tex:0 mv:0 misc:144 imb:0 pmb:0 smb:1620 d:- ref:0 ;
in:2110 out:2107 type:P dur:2 cpbdur:2 q:39.76 aq:20.00 tex:0 mv:0 misc:176 imb:0 pmb:0 smb:1620 d:s ref:0 ;
in:2108 out:2108 type:B dur:2 cpbdur:2 q:39.78 aq:24.00 tex:0 mv:0 misc:160 imb:0 pmb:0 smb:1620 d:s ref:0 ;
in:2107 out:2109 type:b dur:2 cpbdur:2 q:39.78 aq:25.00 tex:0 mv:0 misc:144 imb:0 pmb:0 smb:1620 d:s ref:0 ;
in:2109 out:2110 type:b dur:2 cpbdur:2 q:39.78 aq:25.00 tex:0 mv:0 misc:144 imb:0 pmb:0 smb:1620 d:- ref:0 ;
in:2114 out:2111 type:P dur:2 cpbdur:2 q:39.73 aq:20.00 tex:0 mv:0 misc:176 imb:0 pmb:0 smb:1620 d:s ref:0 ;
in:2112 out:2112 type:B dur:2 cpbdur:2 q:39.76 aq:23.00 tex:0 mv:0 misc:160 imb:0 pmb:0 smb:1620 d:s ref:0 ;
in:2111 out:2113 type:b dur:2 cpbdur:2 q:39.76 aq:25.00 tex:0 mv:0 misc:144 imb:0 pmb:0 smb:1620 d:s ref:0 ;
in:2113 out:2114 type:b dur:2 cpbdur:2 q:39.76 aq:25.00 tex:0 mv:0 misc:144 imb:0 pmb:0 smb:1620 d:- ref:0 ;
in:2118 out:2115 type:P dur:2 cpbdur:2 q:39.71 aq:20.00 tex:0 mv:0 misc:176 imb:0 pmb:0 smb:1620 d:s ref:0 ;
in:2116 out:2116 type:B dur:2 cpbdur:2 q:39.73 aq:23.00 tex:0 mv:0 misc:160 imb:0 pmb:0 smb:1620 d:s ref:0 ;
in:2115 out:2117 type:b dur:2 cpbdur:2 q:39.73 aq:25.00 tex:0 mv:0 misc:144 imb:0 pmb:0 smb:1620 d:s ref:0 ;
in:2117 out:2118 type:b dur:2 cpbdur:2 q:39.73 aq:25.00 tex:0 mv:0 misc:144 imb:0 pmb:0 smb:1620 d:- ref:0 ;
in:2122 out:2119 type:P dur:2 cpbdur:2 q:39.69 aq:20.00 tex:28 mv:59 misc:257 imb:8 pmb:1 smb:1611 d:s ref:0 ;
in:2120 out:2120 type:B dur:2 cpbdur:2 q:39.71 aq:23.00 tex:0 mv:0 misc:160 imb:0 pmb:0 smb:1620 d:s ref:0 ;
in:2119 out:2121 type:b dur:2 cpbdur:2 q:39.71 aq:25.00 tex:0 mv:0 misc:144 imb:0 pmb:0 smb:1620 d:s ref:0 ;
in:2121 out:2122 type:b dur:2 cpbdur:2 q:39.71 aq:25.00 tex:0 mv:0 misc:144 imb:0 pmb:0 smb:1620 d:- ref:0 ;
in:2126 out:2123 type:P dur:2 cpbdur:2 q:39.67 aq:20.00 tex:0 mv:0 misc:176 imb:0 pmb:0 smb:1620 d:s ref:0 ;
in:2124 out:2124 type:B dur:2 cpbdur:2 q:39.69 aq:23.00 tex:0 mv:0 misc:160 imb:0 pmb:0 smb:1620 d:s ref:0 ;
in:2123 out:2125 type:b dur:2 cpbdur:2 q:39.69 aq:25.00 tex:0 mv:0 misc:144 imb:0 pmb:0 smb:1620 d:s ref:0 ;
in:2125 out:2126 type:b dur:2 cpbdur:2 q:39.69 aq:25.00 tex:0 mv:0 misc:144 imb:0 pmb:0 smb:1620 d:- ref:0 ;
in:2130 out:2127 type:P dur:2 cpbdur:2 q:39.65 aq:26.38 tex:589 mv:424 misc:227 imb:138 pmb:0 smb:1482 d:s ref:0 ;
in:2128 out:2128 type:B dur:2 cpbdur:2 q:39.67 aq:23.00 tex:7 mv:55 misc:234 imb:0 pmb:31 smb:1589 d:s ref:0 ;
in:2127 out:2129 type:b dur:2 cpbdur:2 q:39.67 aq:25.00 tex:0 mv:0 misc:144 imb:0 pmb:0 smb:1620 d:s ref:0 ;
in:2129 out:2130 type:b dur:2 cpbdur:2 q:39.67 aq:25.00 tex:14 mv:42 misc:216 imb:0 pmb:26 smb:1594 d:- ref:0 ;
in:2134 out:2131 type:P dur:2 cpbdur:2 q:39.63 aq:30.23 tex:1098 mv:562 misc:228 imb:143 pmb:5 smb:1472 d:s ref:0 ;
in:2132 out:2132 type:B dur:2 cpbdur:2 q:39.65 aq:23.00 tex:0 mv:0 misc:160 imb:0 pmb:0 smb:1620 d:s ref:0 ;
in:2131 out:2133 type:b dur:2 cpbdur:2 q:39.65 aq:25.00 tex:0 mv:0 misc:144 imb:0 pmb:0 smb:1620 d:s ref:0 ;
in:2133 out:2134 type:b dur:2 cpbdur:2 q:39.65 aq:25.00 tex:0 mv:0 misc:144 imb:0 pmb:0 smb:1620 d:- ref:0 ;
in:2136 out:2135 type:P dur:2 cpbdur:2 q:39.61 aq:31.26 tex:813 mv:649 misc:274 imb:91 pmb:20 smb:1509 d:s ref:0 ;
in:2135 out:2136 type:b dur:2 cpbdur:2 q:39.63 aq:25.00 tex:8 mv:42 misc:206 imb:0 pmb:20 smb:1600 d:s ref:0 ;
in:2138 out:2137 type:P dur:2 cpbdur:2 q:39.60 aq:32.47 tex:1033 mv:698 misc:269 imb:120 pmb:16 smb:1484 d:s ref:0 ;
in:2137 out:2138 type:b dur:2 cpbdur:2 q:39.61 aq:31.27 tex:104 mv:123 misc:197 imb:3 pmb:7 smb:1610 d:s ref:0 ;
in:2141 out:2139 type:P dur:2 cpbdur:2 q:39.59 aq:32.22 tex:1796 mv:851 misc:233 imb:123 pmb:19 smb:1478 d:s ref:0 ;
in:2139 out:2140 type:B dur:2 cpbdur:2 q:39.60 aq:30.53 tex:349 mv:427 misc:232 imb:12 pmb:23 smb:1585 d:s ref:0 ;
in:2140 out:2141 type:b dur:2 cpbdur:2 q:39.60 aq:31.76 tex:91 mv:177 misc:220 imb:4 pmb:10 smb:1606 d:- ref:0 ;
in:2145 out:2142 type:P dur:2 cpbdur:2 q:39.58 aq:32.36 tex:350 mv:501 misc:253 imb:35 pmb:17 smb:1568 d:s ref:0 ;
in:2143 out:2143 type:B dur:2 cpbdur:2 q:39.59 aq:29.26 tex:76 mv:525 misc:271 imb:3 pmb:46 smb:1571 d:s ref:0 ;
in:2142 out:2144 type:b dur:2 cpbdur:2 q:39.59 aq:25.00 tex:6 mv:41 misc:225 imb:0 pmb:16 smb:1604 d:s ref:0 ;
in:2144 out:2145 type:b dur:2 cpbdur:2 q:39.59 aq:32.45 tex:109 mv:297 misc:234 imb:5 pmb:28 smb:1587 d:- ref:0 ;
in:2146 out:2146 type:P dur:2 cpbdur:2 q:39.56 aq:30.66 tex:793 mv:803 misc:300 imb:113 pmb:23 smb:1484 d:s ref:0 ;
in:2149 out:2147 type:P dur:2 cpbdur:2 q:39.56 aq:29.65 tex:1096 mv:517 misc:251 imb:154 pmb:4 smb:1462 d:s ref:0 ;
in:2147 out:2148 type:B dur:2 cpbdur:2 q:39.56 aq:25.92 tex:655 mv:743 misc:322 imb:63 pmb:33 smb:1524 d:s ref:0 ;
in:2148 out:2149 type:b dur:2 cpbdur:2 q:39.56 aq:25.00 tex:17 mv:150 misc:249 imb:2 pmb:36 smb:1582 d:- ref:0 ;
in:2150 out:2150 type:P dur:2 cpbdur:2 q:39.54 aq:30.25 tex:1173 mv:599 misc:292 imb:117 pmb:13 smb:1490 d:s ref:0 ;
in:2152 out:2151 type:P dur:2 cpbdur:2 q:39.54 aq:30.42 tex:1280 mv:726 misc:266 imb:94 pmb:21 smb:1505 d:s ref:0 ;
in:2151 out:2152 type:b dur:2 cpbdur:2 q:39.54 aq:32.15 tex:526 mv:821 misc:277 imb:54 pmb:28 smb:1538 d:s ref:0 ;
in:2153 out:2153 type:I dur:2 cpbdur:2 q:36.74 aq:20.64 tex:4511 mv:2715 misc:118 imb:1620 pmb:0 smb:0 d:s ref:;
in:2155 out:2154 type:P dur:2 cpbdur:2 q:39.52 aq:36.18 tex:2928 mv:854 misc:242 imb:89 pmb:36 smb:1495 d:s ref:0 ;
in:2154 out:2155 type:b dur:2 cpbdur:2 q:39.52 aq:25.00 tex:7 mv:74 misc:255 imb:0 pmb:31 smb:1589 d:s ref:0 ;
in:2156 out:2156 type:P dur:2 cpbdur:2 q:39.52 aq:34.36 tex:2386 mv:804 misc:250 imb:104 pmb:24 smb:1492 d:s ref:0 ;
in:2157 out:2157 type:P dur:2 cpbdur:2 q:39.51 aq:34.34 tex:1861 mv:1022 misc:261 imb:86 pmb:35 smb:1499 d:s ref:0 ;
in:2158 out:2158 type:P dur:2 cpbdur:2 q:39.51 aq:34.43 tex:1744 mv:788 misc:276 imb:98 pmb:28 smb:1494 d:s ref:0 ;
in:2160 out:2159 type:P dur:2 cpbdur:2 q:39.51 aq:31.76 tex:1618 mv:805 misc:281 imb:93 pmb:29 smb:1498 d:s ref:0 ;
in:2159 out:2160 type:b dur:2 cpbdur:2 q:39.51 aq:31.46 tex:63 mv:126 misc:259 imb:1 pmb:33 smb:1586 d:s ref:0 ;
in:2161 out:2161 type:P dur:2 cpbdur:2 q:39.50 aq:33.90 tex:2788 mv:954 misc:266 imb:91 pmb:38 smb:1491 d:s ref:0 ;
in:2162 out:2162 type:P dur:2 cpbdur:2 q:39.49 aq:34.47 tex:2537 mv:928 misc:263 imb:92 pmb:40 smb:1488 d:s ref:0 ;
in:2163 out:2163 type:P dur:2 cpbdur:2 q:39.49 aq:29.65 tex:2876 mv:822 misc:246 imb:87 pmb:44 smb:1489 d:s ref:0 ;
in:2164 out:2164 type:P dur:2 cpbdur:2 q:39.49 aq:33.57 tex:3436 mv:909 misc:231 imb:89 pmb:46 smb:1485 d:s ref:0 ;
in:2166 out:2165 type:P dur:2 cpbdur:2 q:39.48 aq:34.92 tex:1980 mv:781 misc:271 imb:75 pmb:47 smb:1498 d:s ref:0 ;
in:2165 out:2166 type:b dur:2 cpbdur:2 q:39.49 aq:31.07 tex:48 mv:76 misc:260 imb:0 pmb:31 smb:1589 d:s ref:0 ;
in:2167 out:2167 type:P dur:2 cpbdur:2 q:39.48 aq:34.47 tex:1945 mv:801 misc:254 imb:76 pmb:52 smb:1492 d:s ref:0 ;
in:2170 out:2168 type:P dur:2 cpbdur:2 q:39.47 aq:33.63 tex:2618 mv:840 misc:262 imb:83 pmb:45 smb:1492 d:s ref:0 ;
in:2168 out:2169 type:B dur:2 cpbdur:2 q:39.48 aq:34.26 tex:896 mv:461 misc:315 imb:6 pmb:54 smb:1560 d:s ref:0 ;
in:2169 out:2170 type:b dur:2 cpbdur:2 q:39.48 aq:36.90 tex:80 mv:83 misc:197 imb:0 pmb:13 smb:1607 d:- ref:0 ;
in:2173 out:2171 type:P dur:2 cpbdur:2 q:39.46 aq:34.61 tex:988 mv:616 misc:260 imb:78 pmb:33 smb:1509 d:s ref:0 ;
in:2171 out:2172 type:B dur:2 cpbdur:2 q:39.47 aq:31.78 tex:206 mv:198 misc:308 imb:2 pmb:40 smb:1578 d:s ref:0 ;
in:2172 out:2173 type:b dur:2 cpbdur:2 q:39.47 aq:24.00 tex:0 mv:0 misc:144 imb:0 pmb:0 smb:1620 d:- ref:0 ;
in:2174 out:2174 type:P dur:2 cpbdur:2 q:39.45 aq:34.28 tex:973 mv:405 misc:246 imb:150 pmb:5 smb:1465 d:s ref:0 ;
in:2175 out:2175 type:P dur:2 cpbdur:2 q:39.44 aq:26.98 tex:5926 mv:676 misc:302 imb:108 pmb:16 smb:1496 d:s ref:0 ;
in:2178 out:2176 type:P dur:2 cpbdur:2 q:39.44 aq:34.04 tex:3653 mv:715 misc:248 imb:92 pmb:30 smb:1498 d:s ref:0 ;
in:2176 out:2177 type:B dur:2 cpbdur:2 q:39.44 aq:31.70 tex:77 mv:129 misc:266 imb:1 pmb:31 smb:1588 d:s ref:0 ;
in:2177 out:2178 type:b dur:2 cpbdur:2 q:39.44 aq:24.00 tex:0 mv:0 misc:144 imb:0 pmb:0 smb:1620 d:- ref:0 ;
in:2179 out:2179 type:P dur:2 cpbdur:2 q:39.43 aq:32.99 tex:2300 mv:555 misc:257 imb:78 pmb:30 smb:1512 d:s ref:0 ;
in:2180 out:2180 type:P dur:2 cpbdur:2 q:39.42 aq:33.99 tex:942 mv:511 misc:371 imb:22 pmb:41 smb:1557 d:s ref:0 ;
in:2181 out:2181 type:P dur:2 cpbdur:2 q:39.42 aq:33.12 tex:1464 mv:726 misc:306 imb:76 pmb:42 smb:1502 d:s ref:0 ;
in:2184 out:2182 type:P dur:2 cpbdur:2 q:39.41 aq:35.06 tex:2937 mv:750 misc:249 imb:93 pmb:36 smb:1491 d:s ref:0 ;
in:2182 out:2183 type:B dur:2 cpbdur:2 q:39.42 aq:33.72 tex:232 mv:378 misc:310 imb:10 pmb:38 smb:1572 d:s ref:0 ;
in:2183 out:2184 type:b dur:2 cpbdur:2 q:39.42 aq:31.07 tex:57 mv:108 misc:251 imb:2 pmb:31 smb:1587 d:- ref:0 ;
in:2185 out:2185 type:P dur:2 cpbdur:2 q:39.40 aq:30.43 tex:2302 mv:793 misc:273 imb:79 pmb:47 smb:1494 d:s ref:0 ;
in:2187 out:2186 type:P dur:2 cpbdur:2 q:39.40 aq:34.29 tex:2661 mv:527 misc:268 imb:83 pmb:31 smb:1506 d:s ref:0 ;
in:2186 out:2187 type:b dur:2 cpbdur:2 q:39.40 aq:35.03 tex:87 mv:240 misc:281 imb:4 pmb:43 smb:1573 d:s ref:0 ;
in:2188 out:2188 type:P dur:2 cpbdur:2 q:39.39 aq:34.93 tex:1218 mv:731 misc:275 imb:72 pmb:41 smb:1507 d:s ref:0 ;
in:2190 out:2189 type:P dur:2 cpbdur:2 q:39.38 aq:35.53 tex:2850 mv:738 misc:252 imb:91 pmb:37 smb:1492 d:s ref:0 ;
in:2189 out:2190 type:b dur:2 cpbdur:2 q:39.39 aq:24.00 tex:13 mv:118 misc:253 imb:0 pmb:32 smb:1588 d:s ref:0 ;
in:2191 out:2191 type:P dur:2 cpbdur:2 q:39.38 aq:33.42 tex:448 mv:451 misc:317 imb:39 pmb:24 smb:1557 d:s ref:0 ;
in:2192 out:2192 type:P dur:2 cpbdur:2 q:39.37 aq:34.93 tex:2294 mv:731 misc:263 imb:89 pmb:28 smb:1503 d:s ref:0 ;
in:2194 out:2193 type:P dur:2 cpbdur:2 q:39.37 aq:35.06 tex:1192 mv:628 misc:252 imb:121 pmb:17 smb:1482 d:s ref:0 ;
in:2193 out:2194 type:b dur:2 cpbdur:2 q:39.37 aq:24.00 tex:22 mv:177 misc:305 imb:7 pmb:41 smb:1572 d:s ref:0 ;
in:2195 out:2195 type:I dur:2 cpbdur:2 q:36.54 aq:18.43 tex:5646 mv:2768 misc:122 imb:1620 pmb:0 smb:0 d:s ref:;
in:2199 out:2196 type:P dur:2 cpbdur:2 q:39.36 aq:30.01 tex:396 mv:533 misc:335 imb:28 pmb:32 smb:1560 d:s ref:0 ;
in:2197 out:2197 type:B dur:2 cpbdur:2 q:39.36 aq:23.00 tex:22 mv:230 misc:252 imb:5 pmb:21 smb:1594 d:t ref:0 ;
in:2196 out:2198 type:b dur:2 cpbdur:2 q:39.36 aq:24.00 tex:5 mv:60 misc:223 imb:0 pmb:18 smb:1602 d:s ref:0 ;
in:2198 out:2199 type:b dur:2 cpbdur:2 q:39.36 aq:28.09 tex:36 mv:67 misc:201 imb:6 pmb:2 smb:1612 d:- ref:0 ;
in:2203 out:2200 type:P dur:2 cpbdur:2 q:39.34 aq:31.09 tex:766 mv:745 misc:353 imb:40 pmb:40 smb:1540 d:s ref:0 ;
in:2201 out:2201 type:B dur:2 cpbdur:2 q:39.35 aq:30.89 tex:414 mv:652 misc:334 imb:17 pmb:50 smb:1553 d:s ref:0 ;
in:2200 out:2202 type:b dur:2 cpbdur:2 q:39.36 aq:36.22 tex:1368 mv:850 misc:294 imb:24 pmb:55 smb:1541 d:s ref:0 ;
in:2202 out:2203 type:b dur:2 cpbdur:2 q:39.35 aq:26.91 tex:31 mv:59 misc:198 imb:1 pmb:7 smb:1612 d:- ref:0 ;
in:2204 out:2204 type:P dur:2 cpbdur:2 q:39.32 aq:30.92 tex:196 mv:361 misc:315 imb:9 pmb:28 smb:1583 d:s ref:0 ;
in:2205 out:2205 type:P dur:2 cpbdur:2 q:39.32 aq:31.67 tex:774 mv:693 misc:349 imb:42 pmb:36 smb:1542 d:s ref:0 ;
in:2209 out:2206 type:P dur:2 cpbdur:2 q:39.31 aq:31.96 tex:938 mv:554 misc:300 imb:54 pmb:27 smb:1539 d:s ref:0 ;
in:2207 out:2207 type:B dur:2 cpbdur:2 q:39.32 aq:30.79 tex:106 mv:711 misc:335 imb:10 pmb:57 smb:1553 d:s ref:0 ;
in:2206 out:2208 type:b dur:2 cpbdur:2 q:39.32 aq:31.06 tex:56 mv:202 misc:270 imb:0 pmb:37 smb:1583 d:s ref:0 ;
in:2208 out:2209 type:b dur:2 cpbdur:2 q:39.32 aq:24.00 tex:14 mv:196 misc:294 imb:3 pmb:36 smb:1581 d:- ref:0 ;
in:2210 out:2210 type:P dur:2 cpbdur:2 q:39.29 aq:33.95 tex:78 mv:336 misc:306 imb:3 pmb:31 smb:1586 d:s ref:0 ;
in:2211 out:2211 type:P dur:2 cpbdur:2 q:39.29 aq:28.06 tex:1066 mv:891 misc:323 imb:67 pmb:41 smb:1512 d:s ref:0 ;
in:2212 out:2212 type:P dur:2 cpbdur:2 q:39.28 aq:32.18 tex:1715 mv:581 misc:240 imb:115 pmb:7 smb:1498 d:s ref:0 ;
in:2214 out:2213 type:P dur:2 cpbdur:2 q:39.28 aq:32.48 tex:1665 mv:731 misc:252 imb:114 pmb:14 smb:1492 d:s ref:0 ;
in:2213 out:2214 type:b dur:2 cpbdur:2 q:39.28 aq:31.66 tex:58 mv:99 misc:235 imb:1 pmb:29 smb:1590 d:s ref:0 ;
in:2215 out:2215 type:P dur:2 cpbdur:2 q:39.27 aq:34.47 tex:4135 mv:945 misc:264 imb:105 pmb:30 smb:1485 d:s ref:0 ;
in:2216 out:2216 type:P dur:2 cpbdur:2 q:39.27 aq:34.98 tex:4255 mv:861 misc:244 imb:80 pmb:39 smb:1501 d:s ref:0 w:6,63,0 ;
in:2218 out:2217 type:P dur:2 cpbdur:2 q:39.26 aq:34.33 tex:3388 mv:775 misc:285 imb:124 pmb:15 smb:1481 d:s ref:0 ;
in:2217 out:2218 type:b dur:2 cpbdur:2 q:39.27 aq:33.77 tex:1475 mv:1201 misc:284 imb:56 pmb:51 smb:1513 d:s ref:0 ;
in:2220 out:2219 type:P dur:2 cpbdur:2 q:39.26 aq:31.83 tex:2146 mv:878 misc:280 imb:94 pmb:35 smb:1491 d:s ref:0 ;
in:2219 out:2220 type:b dur:2 cpbdur:2 q:39.26 aq:24.00 tex:14 mv:75 misc:239 imb:0 pmb:33 smb:1587 d:s ref:0 ;
in:2221 out:2221 type:P dur:2 cpbdur:2 q:39.25 aq:33.42 tex:2425 mv:876 misc:227 imb:107 pmb:28 smb:1485 d:s ref:0 ;
in:2222 out:2222 type:P dur:2 cpbdur:2 q:39.25 aq:31.38 tex:3933 mv:1053 misc:254 imb:87 pmb:47 smb:1486 d:s ref:0 ;
in:2223 out:2223 type:P dur:2 cpbdur:2 q:39.24 aq:27.50 tex:3723 mv:1038 misc:279 imb:81 pmb:59 smb:1480 d:s ref:0 ;
in:2225 out:2224 type:P dur:2 cpbdur:2 q:39.24 aq:28.05 tex:7599 mv:925 misc:268 imb:109 pmb:40 smb:1471 d:s ref:0 ;
in:2224 out:2225 type:b dur:2 cpbdur:2 q:39.24 aq:34.26 tex:478 mv:788 misc:302 imb:27 pmb:35 smb:1558 d:s ref:0 ;
in:2229 out:2226 type:P dur:2 cpbdur:2 q:39.23 aq:31.92 tex:785 mv:491 misc:364 imb:16 pmb:43 smb:1561 d:s ref:0 ;
in:2227 out:2227 type:B dur:2 cpbdur:2 q:39.24 aq:33.71 tex:1052 mv:794 misc:314 imb:43 pmb:53 smb:1524 d:s ref:0 ;
in:2226 out:2228 type:b dur:2 cpbdur:2 q:39.24 aq:24.00 tex:10 mv:128 misc:294 imb:0 pmb:41 smb:1579 d:s ref:0 ;
in:2228 out:2229 type:b dur:2 cpbdur:2 q:39.24 aq:34.64 tex:1570 mv:772 misc:242 imb:59 pmb:40 smb:1521 d:- ref:0 ;
in:2232 out:2230 type:P dur:2 cpbdur:2 q:39.22 aq:31.91 tex:1304 mv:819 misc:349 imb:45 pmb:58 smb:1517 d:s ref:0 w:7,123,1 ;
in:2230 out:2231 type:B dur:2 cpbdur:2 q:39.23 aq:35.97 tex:989 mv:509 misc:310 imb:7 pmb:45 smb:1568 d:s ref:0 ;
in:2231 out:2232 type:b dur:2 cpbdur:2 q:39.23 aq:24.00 tex:13 mv:91 misc:280 imb:0 pmb:37 smb:1583 d:- ref:0 ;
in:2234 out:2233 type:P dur:2 cpbdur:2 q:39.21 aq:34.04 tex:2067 mv:848 misc:269 imb:75 pmb:50 smb:1495 d:s ref:0 ;
in:2233 out:2234 type:b dur:2 cpbdur:2 q:39.22 aq:35.98 tex:141 mv:188 misc:279 imb:6 pmb:32 smb:1582 d:s ref:0 ;
in:2236 out:2235 type:P dur:2 cpbdur:2 q:39.20 aq:29.32 tex:2010 mv:597 misc:329 imb:78 pmb:39 smb:1503 d:s ref:0 ;
in:2235 out:2236 type:b dur:2 cpbdur:2 q:39.21 aq:33.22 tex:665 mv:841 misc:262 imb:100 pmb:15 smb:1505 d:s ref:0 ;
in:2238 out:2237 type:P dur:2 cpbdur:2 q:39.19 aq:34.50 tex:5309 mv:811 misc:264 imb:90 pmb:37 smb:1493 d:s ref:0 ;
in:2237 out:2238 type:b dur:2 cpbdur:2 q:39.20 aq:30.96 tex:76 mv:93 misc:239 imb:0 pmb:31 smb:1589 d:s ref:0 ;
in:2239 out:2239 type:P dur:2 cpbdur:2 q:39.18 aq:30.32 tex:791 mv:452 misc:317 imb:21 pmb:29 smb:1570 d:s ref:0 ;
in:2240 out:2240 type:P dur:2 cpbdur:2 q:39.18 aq:32.75 tex:3935 mv:842 misc:239 imb:74 pmb:54 smb:1492 d:s ref:0 ;
in:2244 out:2241 type:P dur:2 cpbdur:2 q:39.17 aq:33.16 tex:751 mv:254 misc:315 imb:36 pmb:12 smb:1572 d:s ref:0 ;
in:2242 out:2242 type:B dur:2 cpbdur:2 q:39.18 aq:32.93 tex:493 mv:651 misc:312 imb:21 pmb:64 smb:1535 d:s ref:0 ;
in:2241 out:2243 type:b dur:2 cpbdur:2 q:39.18 aq:30.32 tex:89 mv:272 misc:303 imb:1 pmb:40 smb:1579 d:s ref:0 ;
in:2243 out:2244 type:b dur:2 cpbdur:2 q:39.18 aq:24.00 tex:7 mv:108 misc:213 imb:0 pmb:18 smb:1602 d:- ref:0 ;
in:2245 out:2245 type:P dur:2 cpbdur:2 q:39.16 aq:34.31 tex:2794 mv:694 misc:248 imb:76 pmb:50 smb:1494 d:s ref:0 ;
in:2246 out:2246 type:P dur:2 cpbdur:2 q:39.15 aq:34.53 tex:2089 mv:707 misc:284 imb:70 pmb:47 smb:1503 d:s ref:0 ;
in:2248 out:2247 type:P dur:2 cpbdur:2 q:39.15 aq:34.80 tex:3391 mv:777 misc:264 imb:81 pmb:45 smb:1494 d:s ref:0 ;
in:2247 out:2248 type:b dur:2 cpbdur:2 q:39.15 aq:31.06 tex:154 mv:261 misc:273 imb:5 pmb:40 smb:1575 d:s ref:0 ;
in:2250 out:2249 type:P dur:2 cpbdur:2 q:39.14 aq:34.10 tex:1659 mv:824 misc:309 imb:64 pmb:51 smb:1505 d:s ref:0 ;
in:2249 out:2250 type:b dur:2 cpbdur:2 q:39.15 aq:24.00 tex:12 mv:71 misc:253 imb:1 pmb:30 smb:1589 d:s ref:0 ;
in:2251 out:2251 type:P dur:2 cpbdur:2 q:39.13 aq:33.85 tex:3181 mv:590 misc:253 imb:80 pmb:32 smb:1508 d:s ref:0 ;
in:2252 out:2252 type:P dur:2 cpbdur:2 q:39.13 aq:32.92 tex:372 mv:378 misc:314 imb:22 pmb:26 smb:1572 d:s ref:0 ;
in:2253 out:2253 type:I dur:2 cpbdur:2 q:36.30 aq:19.18 tex:4851 mv:2557 misc:112 imb:1620 pmb:0 smb:0 d:s ref:;
in:2256 out:2254 type:P dur:2 cpbdur:2 q:39.12 aq:29.71 tex:6580 mv:833 misc:251 imb:128 pmb:20 smb:1472 d:s ref:0 ;
in:2254 out:2255 type:B dur:2 cpbdur:2 q:39.12 aq:23.00 tex:16 mv:80 misc:216 imb:1 pmb:29 smb:1590 d:s ref:0 ;
in:2255 out:2256 type:b dur:2 cpbdur:2 q:39.12 aq:24.00 tex:9 mv:89 misc:222 imb:0 pmb:30 smb:1590 d:- ref:0 ;
in:2258 out:2257 type:P dur:2 cpbdur:2 q:39.11 aq:32.37 tex:583 mv:654 misc:339 imb:43 pmb:44 smb:1533 d:s ref:0 ;
in:2257 out:2258 type:b dur:2 cpbdur:2 q:39.12 aq:33.26 tex:536 mv:604 misc:268 imb:24 pmb:34 smb:1562 d:t ref:0 ;
in:2262 out:2259 type:P dur:2 cpbdur:2 q:39.10 aq:32.33 tex:2806 mv:680 misc:250 imb:89 pmb:28 smb:1503 d:s ref:0 ;
in:2260 out:2260 type:B dur:2 cpbdur:2 q:39.11 aq:34.38 tex:901 mv:648 misc:347 imb:9 pmb:71 smb:1540 d:s ref:0 ;
in:2259 out:2261 type:b dur:2 cpbdur:2 q:39.11 aq:31.23 tex:128 mv:339 misc:253 imb:8 pmb:28 smb:1584 d:s ref:0 ;
in:2261 out:2262 type:b dur:2 cpbdur:2 q:39.11 aq:32.50 tex:56 mv:267 misc:293 imb:0 pmb:39 smb:1581 d:- ref:0 ;
in:2263 out:2263 type:P dur:2 cpbdur:2 q:39.09 aq:33.32 tex:1664 mv:914 misc:286 imb:61 pmb:48 smb:1511 d:s ref:0 ;
in:2264 out:2264 type:P dur:2 cpbdur:2 q:39.08 aq:33.43 tex:1757 mv:896 misc:267 imb:71 pmb:51 smb:1498 d:s ref:0 ;
in:2265 out:2265 type:P dur:2 cpbdur:2 q:39.08 aq:33.61 tex:997 mv:575 misc:316 imb:48 pmb:30 smb:1542 d:s ref:0 ;
in:2266 out:2266 type:P dur:2 cpbdur:2 q:39.07 aq:34.07 tex:1706 mv:724 misc:258 imb:109 pmb:20 smb:1491 d:s ref:0 ;
in:2268 out:2267 type:P dur:2 cpbdur:2 q:39.07 aq:34.71 tex:1909 mv:607 misc:252 imb:126 pmb:11 smb:1483 d:s ref:0 ;
in:2267 out:2268 type:b dur:2 cpbdur:2 q:39.07 aq:30.80 tex:50 mv:106 misc:236 imb:1 pmb:32 smb:1587 d:s ref:0 ;
in:2269 out:2269 type:P dur:2 cpbdur:2 q:39.06 aq:33.63 tex:4095 mv:816 misc:249 imb:129 pmb:16 smb:1475 d:s ref:0 ;
in:2270 out:2270 type:P dur:2 cpbdur:2 q:39.06 aq:28.25 tex:5275 mv:969 misc:268 imb:110 pmb:29 smb:1481 d:s ref:0 ;
in:2272 out:2271 type:P dur:2 cpbdur:2 q:39.05 aq:35.34 tex:3445 mv:885 misc:270 imb:113 pmb:24 smb:1483 d:s ref:0 ;
in:2271 out:2272 type:b dur:2 cpbdur:2 q:39.06 aq:35.08 tex:1642 mv:1262 misc:280 imb:54 pmb:60 smb:1506 d:s ref:0 ;
in:2274 out:2273 type:P dur:2 cpbdur:2 q:39.05 aq:34.86 tex:2577 mv:882 misc:277 imb:92 pmb:30 smb:1498 d:s ref:0 ;
in:2273 out:2274 type:b dur:2 cpbdur:2 q:39.05 aq:34.80 tex:70 mv:96 misc:258 imb:1 pmb:34 smb:1585 d:s ref:0 ;
in:2275 out:2275 type:P dur:2 cpbdur:2 q:39.04 aq:30.49 tex:2424 mv:877 misc:243 imb:105 pmb:31 smb:1484 d:s ref:0 ;
in:2276 out:2276 type:P dur:2 cpbdur:2 q:39.04 aq:30.06 tex:3753 mv:1112 misc:255 imb:89 pmb:48 smb:1483 d:s ref:0 ;
in:2277 out:2277 type:P dur:2 cpbdur:2 q:39.03 aq:31.89 tex:4105 mv:972 misc:275 imb:87 pmb:50 smb:1483 d:s ref:0 ;
in:2278 out:2278 type:P dur:2 cpbdur:2 q:39.03 aq:31.30 tex:5972 mv:859 misc:257 imb:76 pmb:51 smb:1493 d:s ref:0 ;
in:2280 out:2279 type:P dur:2 cpbdur:2 q:39.03 aq:32.17 tex:4955 mv:754 misc:267 imb:65 pmb:55 smb:1500 d:s ref:0 ;
in:2279 out:2280 type:b dur:2 cpbdur:2 q:39.03 aq:24.00 tex:7 mv:109 misc:252 imb:0 pmb:30 smb:1590 d:s ref:0 ;
in:2283 out:2281 type:P dur:2 cpbdur:2 q:39.02 aq:32.90 tex:1343 mv:693 misc:364 imb:18 pmb:56 smb:1546 d:s ref:0 ;
in:2281 out:2282 type:B dur:2 cpbdur:2 q:39.03 aq:34.35 tex:1017 mv:753 misc:318 imb:38 pmb:48 smb:1534 d:s ref:0 ;
in:2282 out:2283 type:b dur:2 cpbdur:2 q:39.03 aq:34.21 tex:1501 mv:901 misc:222 imb:52 pmb:51 smb:1517 d:- ref:0 ;
in:2286 out:2284 type:P dur:2 cpbdur:2 q:39.01 aq:33.01 tex:2096 mv:803 misc:349 imb:39 pmb:58 smb:1523 d:s ref:0 w:4,15,1 ;
in:2284 out:2285 type:B dur:2 cpbdur:2 q:39.02 aq:35.27 tex:612 mv:838 misc:334 imb:11 pmb:63 smb:1546 d:s ref:0 ;
in:2285 out:2286 type:b dur:2 cpbdur:2 q:39.02 aq:29.92 tex:55 mv:130 misc:271 imb:2 pmb:35 smb:1583 d:- ref:0 ;
in:2289 out:2287 type:P dur:2 cpbdur:2 q:39.00 aq:32.90 tex:2446 mv:590 misc:276 imb:62 pmb:40 smb:1518 d:s ref:0 ;
in:2287 out:2288 type:B dur:2 cpbdur:2 q:39.01 aq:30.04 tex:173 mv:252 misc:303 imb:6 pmb:37 smb:1577 d:s ref:0 ;
in:2288 out:2289 type:b dur:2 cpbdur:2 q:39.01 aq:33.60 tex:179 mv:458 misc:299 imb:9 pmb:46 smb:1565 d:- ref:0 ;
in:2291 out:2290 type:P dur:2 cpbdur:2 q:38.99 aq:32.53 tex:2154 mv:839 misc:271 imb:58 pmb:56 smb:1506 d:s ref:0 ;
in:2290 out:2291 type:b dur:2 cpbdur:2 q:39.00 aq:29.80 tex:81 mv:301 misc:290 imb:5 pmb:32 smb:1583 d:s ref:0 ;
in:2293 out:2292 type:P dur:2 cpbdur:2 q:38.98 aq:28.71 tex:69 mv:179 misc:312 imb:2 pmb:25 smb:1593 d:s ref:0 ;
in:2292 out:2293 type:b dur:2 cpbdur:2 q:38.99 aq:24.00 tex:6 mv:22 misc:188 imb:0 pmb:7 smb:1613 d:t ref:0 ;
in:2294 out:2294 type:P dur:2 cpbdur:2 q:38.97 aq:33.32 tex:1526 mv:745 misc:273 imb:63 pmb:48 smb:1509 d:s ref:0 ;
in:2295 out:2295 type:P dur:2 cpbdur:2 q:38.97 aq:33.27 tex:1263 mv:607 misc:330 imb:46 pmb:37 smb:1537 d:s ref:0 ;
in:2298 out:2296 type:P dur:2 cpbdur:2 q:38.96 aq:30.83 tex:1312 mv:496 misc:288 imb:95 pmb:13 smb:1512 d:s ref:0 ;
in:2296 out:2297 type:B dur:2 cpbdur:2 q:38.97 aq:31.48 tex:151 mv:161 misc:264 imb:3 pmb:39 smb:1578 d:s ref:0 ;
in:2297 out:2298 type:b dur:2 cpbdur:2 q:38.97 aq:24.00 tex:0 mv:0 misc:144 imb:0 pmb:0 smb:1620 d:- ref:0 ;
in:2302 out:2299 type:P dur:2 cpbdur:2 q:38.95 aq:28.99 tex:4652 mv:953 misc:283 imb:138 pmb:18 smb:1464 d:s ref:0 ;
in:2300 out:2300 type:B dur:2 cpbdur:2 q:38.96 aq:23.00 tex:18 mv:328 misc:334 imb:3 pmb:47 smb:1570 d:s ref:0 ;
in:2299 out:2301 type:b dur:2 cpbdur:2 q:38.96 aq:24.00 tex:16 mv:129 misc:279 imb:1 pmb:39 smb:1580 d:s ref:0 ;
in:2301 out:2302 type:b dur:2 cpbdur:2 q:38.96 aq:24.00 tex:0 mv:0 misc:144 imb:0 pmb:0 smb:1620 d:- ref:0 ;
in:2305 out:2303 type:P dur:2 cpbdur:2 q:38.93 aq:31.23 tex:861 mv:566 misc:341 imb:23 pmb:43 smb:1554 d:s ref:0 ;
in:2303 out:2304 type:B dur:2 cpbdur:2 q:38.95 aq:32.78 tex:45 mv:115 misc:216 imb:2 pmb:15 smb:1603 d:s ref:0 ;
in:2304 out:2305 type:b dur:2 cpbdur:2 q:38.95 aq:35.10 tex:39 mv:72 misc:209 imb:1 pmb:20 smb:1599 d:- ref:0 ;
in:2307 out:2306 type:P dur:2 cpbdur:2 q:38.92 aq:28.71 tex:883 mv:721 misc:388 imb:36 pmb:42 smb:1542 d:s ref:0 ;
in:2306 out:2307 type:b dur:2 cpbdur:2 q:38.93 aq:25.04 tex:140 mv:453 misc:239 imb:38 pmb:9 smb:1573 d:s ref:0 ;
in:2311 out:2308 type:P dur:2 cpbdur:2 q:38.91 aq:24.52 tex:339 mv:638 misc:399 imb:19 pmb:45 smb:1556 d:s ref:0 ;
in:2309 out:2309 type:B dur:2 cpbdur:2 q:38.92 aq:28.77 tex:126 mv:596 misc:310 imb:9 pmb:40 smb:1571 d:s ref:0 ;
in:2308 out:2310 type:b dur:2 cpbdur:2 q:38.92 aq:24.00 tex:25 mv:477 misc:322 imb:7 pmb:45 smb:1568 d:s ref:0 ;
in:2310 out:2311 type:b dur:2 cpbdur:2 q:38.92 aq:24.00 tex:11 mv:74 misc:219 imb:0 pmb:28 smb:1592 d:- ref:0 ;
in:2315 out:2312 type:P dur:2 cpbdur:2 q:38.89 aq:31.36 tex:853 mv:669 misc:342 imb:38 pmb:37 smb:1545 d:s ref:0 ;
in:2313 out:2313 type:B dur:2 cpbdur:2 q:38.91 aq:33.10 tex:75 mv:80 misc:237 imb:0 pmb:21 smb:1599 d:s ref:0 ;
in:2312 out:2314 type:b dur:2 cpbdur:2 q:38.91 aq:25.68 tex:61 mv:112 misc:211 imb:3 pmb:15 smb:1602 d:s ref:0 ;
in:2314 out:2315 type:b dur:2 cpbdur:2 q:38.91 aq:24.00 tex:0 mv:0 misc:144 imb:0 pmb:0 smb:1620 d:- ref:0 ;
in:2317 out:2316 type:P dur:2 cpbdur:2 q:38.88 aq:25.78 tex:254 mv:258 misc:248 imb:26 pmb:5 smb:1589 d:s ref:0 ;
in:2316 out:2317 type:b dur:2 cpbdur:2 q:38.89 aq:32.84 tex:48 mv:52 misc:204 imb:0 pmb:17 smb:1603 d:s ref:0 ;
in:2318 out:2318 type:I dur:2 cpbdur:2 q:36.05 aq:18.71 tex:6327 mv:3697 misc:112 imb:1620 pmb:0 smb:0 d:s ref:;
in:2320 out:2319 type:P dur:2 cpbdur:2 q:38.86 aq:33.79 tex:764 mv:418 misc:298 imb:10 pmb:35 smb:1575 d:s ref:0 ;
in:2319 out:2320 type:b dur:2 cpbdur:2 q:38.86 aq:24.00 tex:1 mv:15 misc:152 imb:0 pmb:1 smb:1619 d:s ref:0 ;
in:2324 out:2321 type:P dur:2 cpbdur:2 q:38.85 aq:27.35 tex:16624 mv:1633 misc:271 imb:82 pmb:74 smb:1464 d:s ref:0 ;
in:2322 out:2322 type:B dur:2 cpbdur:2 q:38.86 aq:33.66 tex:1181 mv:572 misc:343 imb:5 pmb:76 smb:1539 d:s ref:0 ;
in:2321 out:2323 type:b dur:2 cpbdur:2 q:38.86 aq:24.00 tex:6 mv:89 misc:257 imb:0 pmb:32 smb:1588 d:s ref:0 ;
in:2323 out:2324 type:b dur:2 cpbdur:2 q:38.86 aq:37.52 tex:283 mv:51 misc:178 imb:1 pmb:7 smb:1612 d:- ref:0 ;
in:2328 out:2325 type:P dur:2 cpbdur:2 q:38.84 aq:29.85 tex:4773 mv:1059 misc:336 imb:14 pmb:119 smb:1487 d:s ref:0 ;
in:2326 out:2326 type:B dur:2 cpbdur:2 q:38.85 aq:36.95 tex:460 mv:266 misc:282 imb:0 pmb:32 smb:1588 d:t ref:0 ;
in:2325 out:2327 type:b dur:2 cpbdur:2 q:38.85 aq:37.43 tex:233 mv:96 misc:183 imb:0 pmb:11 smb:1609 d:s ref:0 ;
in:2327 out:2328 type:b dur:2 cpbdur:2 q:38.85 aq:35.03 tex:48 mv:43 misc:229 imb:0 pmb:12 smb:1608 d:- ref:0 ;
in:2330 out:2329 type:P dur:2 cpbdur:2 q:38.83 aq:29.60 tex:4114 mv:899 misc:379 imb:13 pmb:115 smb:1492 d:s ref:0 ;
in:2329 out:2330 type:b dur:2 cpbdur:2 q:38.84 aq:34.90 tex:453 mv:104 misc:187 imb:0 pmb:16 smb:1604 d:t ref:0 ;
in:2333 out:2331 type:P dur:2 cpbdur:2 q:38.82 aq:29.09 tex:6734 mv:1443 misc:295 imb:27 pmb:140 smb:1453 d:s ref:0 ;
in:2331 out:2332 type:B dur:2 cpbdur:2 q:38.83 aq:32.31 tex:404 mv:146 misc:226 imb:0 pmb:18 smb:1602 d:s ref:0 ;
in:2332 out:2333 type:b dur:2 cpbdur:2 q:38.83 aq:33.17 tex:282 mv:149 misc:201 imb:0 pmb:17 smb:1603 d:- ref:0 ;
in:2337 out:2334 type:P dur:2 cpbdur:2 q:38.81 aq:29.30 tex:5308 mv:1329 misc:331 imb:19 pmb:133 smb:1468 d:s ref:0 ;
in:2335 out:2335 type:B dur:2 cpbdur:2 q:38.82 aq:32.45 tex:364 mv:184 misc:220 imb:0 pmb:22 smb:1598 d:t ref:0 ;
in:2334 out:2336 type:b dur:2 cpbdur:2 q:38.82 aq:24.00 tex:6 mv:25 misc:185 imb:0 pmb:7 smb:1613 d:s ref:0 ;
in:2336 out:2337 type:b dur:2 cpbdur:2 q:38.82 aq:31.97 tex:282 mv:59 misc:171 imb:0 pmb:9 smb:1611 d:- ref:0 ;
in:2339 out:2338 type:P dur:2 cpbdur:2 q:38.80 aq:30.82 tex:3929 mv:1203 misc:340 imb:18 pmb:139 smb:1463 d:s ref:0 ;
in:2338 out:2339 type:b dur:2 cpbdur:2 q:38.81 aq:32.00 tex:203 mv:39 misc:166 imb:1 pmb:6 smb:1613 d:s ref:0 ;
in:2343 out:2340 type:P dur:2 cpbdur:2 q:38.79 aq:30.87 tex:5636 mv:1592 misc:324 imb:25 pmb:154 smb:1441 d:s ref:0 ;
in:2341 out:2341 type:B dur:2 cpbdur:2 q:38.80 aq:32.81 tex:413 mv:220 misc:263 imb:0 pmb:26 smb:1594 d:s ref:0 ;
in:2340 out:2342 type:b dur:2 cpbdur:2 q:38.80 aq:24.00 tex:5 mv:41 misc:186 imb:0 pmb:10 smb:1610 d:s ref:0 ;
in:2342 out:2343 type:b dur:2 cpbdur:2 q:38.80 aq:33.46 tex:241 mv:97 misc:198 imb:0 pmb:12 smb:1608 d:- ref:0 ;
in:2345 out:2344 type:P dur:2 cpbdur:2 q:38.77 aq:32.09 tex:4995 mv:1397 misc:376 imb:22 pmb:148 smb:1450 d:s ref:0 ;
in:2344 out:2345 type:b dur:2 cpbdur:2 q:38.79 aq:35.05 tex:401 mv:134 misc:209 imb:0 pmb:18 smb:1602 d:s ref:0 ;
in:2349 out:2346 type:P dur:2 cpbdur:2 q:38.76 aq:30.97 tex:4787 mv:1740 misc:353 imb:45 pmb:141 smb:1434 d:s ref:0 ;
in:2347 out:2347 type:B dur:2 cpbdur:2 q:38.77 aq:33.57 tex:491 mv:323 misc:258 imb:3 pmb:32 smb:1585 d:s ref:0 ;
in:2346 out:2348 type:b dur:2 cpbdur:2 q:38.77 aq:24.00 tex:5 mv:39 misc:196 imb:0 pmb:10 smb:1610 d:s ref:0 ;
in:2348 out:2349 type:b dur:2 cpbdur:2 q:38.77 aq:36.30 tex:413 mv:129 misc:202 imb:3 pmb:19 smb:1598 d:- ref:0 ;
in:2351 out:2350 type:P dur:2 cpbdur:2 q:38.75 aq:31.09 tex:4373 mv:1455 misc:396 imb:34 pmb:141 smb:1445 d:s ref:0 ;
in:2350 out:2351 type:b dur:2 cpbdur:2 q:38.76 aq:36.90 tex:379 mv:141 misc:208 imb:0 pmb:22 smb:1598 d:t ref:0 ;
in:2354 out:2352 type:P dur:2 cpbdur:2 q:38.74 aq:33.82 tex:1392 mv:823 misc:489 imb:13 pmb:84 smb:1523 d:s ref:0 ;
in:2352 out:2353 type:B dur:2 cpbdur:2 q:38.75 aq:23.00 tex:8 mv:87 misc:241 imb:0 pmb:18 smb:1602 d:s ref:0 ;
in:2353 out:2354 type:b dur:2 cpbdur:2 q:38.75 aq:37.06 tex:349 mv:130 misc:193 imb:0 pmb:14 smb:1606 d:- ref:0 ;
in:2355 out:2355 type:I dur:2 cpbdur:2 q:35.90 aq:18.98 tex:9458 mv:5677 misc:121 imb:1620 pmb:0 smb:0 d:s ref:;
in:2359 out:2356 type:P dur:2 cpbdur:2 q:38.73 aq:29.87 tex:18596 mv:2535 misc:333 imb:99 pmb:123 smb:1398 d:s ref:0 ;
in:2357 out:2357 type:B dur:2 cpbdur:2 q:38.73 aq:33.34 tex:839 mv:1056 misc:393 imb:13 pmb:81 smb:1526 d:s ref:0 ;
in:2356 out:2358 type:b dur:2 cpbdur:2 q:38.73 aq:31.77 tex:703 mv:1194 misc:311 imb:142 pmb:21 smb:1457 d:s ref:0 ;
in:2358 out:2359 type:b dur:2 cpbdur:2 q:38.73 aq:33.34 tex:46 mv:74 misc:256 imb:0 pmb:32 smb:1588 d:- ref:0 ;
in:2363 out:2360 type:P dur:2 cpbdur:2 q:38.72 aq:29.80 tex:7064 mv:2205 misc:403 imb:58 pmb:175 smb:1387 d:s ref:0 ;
in:2361 out:2361 type:B dur:2 cpbdur:2 q:38.73 aq:35.50 tex:441 mv:483 misc:324 imb:0 pmb:55 smb:1565 d:t ref:0 ;
in:2360 out:2362 type:b dur:2 cpbdur:2 q:38.73 aq:37.99 tex:335 mv:125 misc:204 imb:0 pmb:18 smb:1602 d:s ref:0 ;
in:2362 out:2363 type:b dur:2 cpbdur:2 q:38.73 aq:35.18 tex:422 mv:164 misc:230 imb:0 pmb:22 smb:1598 d:- ref:0 ;
in:2366 out:2364 type:P dur:2 cpbdur:2 q:38.71 aq:30.18 tex:3955 mv:1443 misc:506 imb:35 pmb:137 smb:1448 d:s ref:0 ;
in:2364 out:2365 type:B dur:2 cpbdur:2 q:38.72 aq:23.00 tex:6 mv:85 misc:253 imb:0 pmb:18 smb:1602 d:s ref:0 ;
in:2365 out:2366 type:b dur:2 cpbdur:2 q:38.72 aq:34.12 tex:599 mv:199 misc:202 imb:2 pmb:24 smb:1594 d:- ref:0 ;
in:2369 out:2367 type:P dur:2 cpbdur:2 q:38.70 aq:31.28 tex:7910 mv:2446 misc:388 imb:53 pmb:210 smb:1357 d:s ref:0 ;
in:2367 out:2368 type:B dur:2 cpbdur:2 q:38.71 aq:31.73 tex:366 mv:261 misc:261 imb:0 pmb:37 smb:1583 d:s ref:0 ;
in:2368 out:2369 type:b dur:2 cpbdur:2 q:38.71 aq:31.35 tex:579 mv:273 misc:212 imb:2 pmb:27 smb:1591 d:- ref:0 ;
in:2373 out:2370 type:P dur:2 cpbdur:2 q:38.69 aq:31.04 tex:6355 mv:2171 misc:410 imb:47 pmb:210 smb:1363 d:s ref:0 ;
in:2371 out:2371 type:B dur:2 cpbdur:2 q:38.70 aq:30.62 tex:476 mv:293 misc:255 imb:1 pmb:34 smb:1585 d:t ref:0 ;
in:2370 out:2372 type:b dur:2 cpbdur:2 q:38.70 aq:24.00 tex:2 mv:50 misc:196 imb:0 pmb:12 smb:1608 d:s ref:0 ;
in:2372 out:2373 type:b dur:2 cpbdur:2 q:38.70 aq:32.74 tex:437 mv:99 misc:192 imb:2 pmb:13 smb:1605 d:- ref:0 ;
in:2375 out:2374 type:P dur:2 cpbdur:2 q:38.67 aq:31.02 tex:5192 mv:2099 misc:485 imb:38 pmb:228 smb:1354 d:s ref:0 ;
in:2374 out:2375 type:b dur:2 cpbdur:2 q:38.69 aq:30.90 tex:201 mv:89 misc:182 imb:0 pmb:13 smb:1607 d:s ref:0 ;
in:2379 out:2376 type:P dur:2 cpbdur:2 q:38.66 aq:30.24 tex:6781 mv:2483 misc:472 imb:66 pmb:223 smb:1331 d:s ref:0 ;
in:2377 out:2377 type:B dur:2 cpbdur:2 q:38.67 aq:30.65 tex:470 mv:167 misc:259 imb:0 pmb:28 smb:1592 d:s ref:0 ;
in:2376 out:2378 type:b dur:2 cpbdur:2 q:38.67 aq:24.00 tex:4 mv:30 misc:206 imb:0 pmb:10 smb:1610 d:s ref:0 ;
in:2378 out:2379 type:b dur:2 cpbdur:2 q:38.67 aq:32.51 tex:303 mv:129 misc:216 imb:0 pmb:18 smb:1602 d:- ref:0 ;
in:2381 out:2380 type:P dur:2 cpbdur:2 q:38.65 aq:30.40 tex:6638 mv:2585 misc:489 imb:56 pmb:245 smb:1319 d:s ref:0 ;
in:2380 out:2381 type:b dur:2 cpbdur:2 q:38.66 aq:35.80 tex:785 mv:235 misc:268 imb:2 pmb:29 smb:1589 d:s ref:0 ;
in:2385 out:2382 type:P dur:2 cpbdur:2 q:38.64 aq:31.43 tex:6242 mv:2756 misc:506 imb:90 pmb:213 smb:1317 d:s ref:0 ;
in:2383 out:2383 type:B dur:2 cpbdur:2 q:38.65 aq:35.78 tex:630 mv:402 misc:264 imb:0 pmb:40 smb:1580 d:s ref:0 ;
in:2382 out:2384 type:b dur:2 cpbdur:2 q:38.65 aq:29.02 tex:42 mv:60 misc:186 imb:2 pmb:10 smb:1608 d:s ref:0 ;
in:2384 out:2385 type:b dur:2 cpbdur:2 q:38.65 aq:33.11 tex:448 mv:169 misc:207 imb:3 pmb:25 smb:1592 d:- ref:0 ;
in:2387 out:2386 type:P dur:2 cpbdur:2 q:38.63 aq:32.09 tex:4048 mv:2141 misc:627 imb:64 pmb:185 smb:1371 d:s ref:0 ;
in:2386 out:2387 type:b dur:2 cpbdur:2 q:38.64 aq:36.98 tex:656 mv:193 misc:223 imb:1 pmb:31 smb:1588 d:s ref:0 ;
in:2391 out:2388 type:P dur:2 cpbdur:2 q:38.62 aq:30.48 tex:4182 mv:1931 misc:295 imb:386 pmb:15 smb:1219 d:s ref:0 ;
in:2389 out:2389 type:B dur:2 cpbdur:2 q:38.63 aq:33.74 tex:1137 mv:969 misc:542 imb:14 pmb:115 smb:1491 d:s ref:0 ;
in:2388 out:2390 type:b dur:2 cpbdur:2 q:38.63 aq:24.00 tex:6 mv:54 misc:196 imb:0 pmb:13 smb:1607 d:s ref:0 ;
in:2390 out:2391 type:b dur:2 cpbdur:2 q:38.63 aq:35.90 tex:1435 mv:904 misc:509 imb:9 pmb:130 smb:1481 d:- ref:0 ;
in:2392 out:2392 type:I dur:2 cpbdur:2 q:35.78 aq:22.86 tex:19752 mv:8379 misc:117 imb:1620 pmb:0 smb:0 d:s ref:;
in:2394 out:2393 type:P dur:2 cpbdur:2 q:38.61 aq:28.54 tex:5928 mv:5085 misc:731 imb:893 pmb:178 smb:549 d:s ref:0 ;
in:2393 out:2394 type:b dur:2 cpbdur:2 q:38.61 aq:24.00 tex:21 mv:126 misc:365 imb:1 pmb:82 smb:1537 d:s ref:0 ;
in:2397 out:2395 type:P dur:2 cpbdur:2 q:38.61 aq:30.49 tex:24920 mv:8710 misc:354 imb:1115 pmb:175 smb:330 d:s ref:0 ;
in:2395 out:2396 type:B dur:2 cpbdur:2 q:38.61 aq:30.86 tex:4634 mv:2413 misc:1089 imb:60 pmb:357 smb:1203 d:s ref:0 ;
in:2396 out:2397 type:b dur:2 cpbdur:2 q:38.61 aq:32.68 tex:1736 mv:1712 misc:768 imb:21 pmb:168 smb:1431 d:- ref:0 ;
in:2398 out:2398 type:P dur:2 cpbdur:2 q:38.61 aq:29.88 tex:14048 mv:8259 misc:869 imb:851 pmb:576 smb:193 d:s ref:0 w:4,17,3,5,39,-26,37,-21 ;
in:2402 out:2399 type:P dur:2 cpbdur:2 q:38.87 aq:32.54 tex:20610 mv:9062 misc:312 imb:981 pmb:302 smb:337 d:s ref:0 ;
in:2400 out:2400 type:B dur:2 cpbdur:2 q:38.87 aq:32.41 tex:9097 mv:7310 misc:1129 imb:88 pmb:797 smb:735 d:s ref:0 ;
in:2399 out:2401 type:b dur:2 cpbdur:2 q:38.86 aq:32.57 tex:2340 mv:1594 misc:1146 imb:25 pmb:465 smb:1130 d:s ref:0 ;
in:2401 out:2402 type:b dur:2 cpbdur:2 q:38.87 aq:34.80 tex:1209 mv:2182 misc:665 imb:15 pmb:140 smb:1465 d:- ref:0 ;
in:2405 out:2403 type:P dur:2 cpbdur:2 q:41.81 aq:35.34 tex:13472 mv:7921 misc:431 imb:1076 pmb:150 smb:394 d:s ref:0 ;
in:2403 out:2404 type:B dur:2 cpbdur:2 q:41.75 aq:34.69 tex:2565 mv:2935 misc:924 imb:71 pmb:238 smb:1311 d:s ref:0 ;
in:2404 out:2405 type:b dur:2 cpbdur:2 q:41.78 aq:37.88 tex:1252 mv:2054 misc:710 imb:34 pmb:151 smb:1435 d:- ref:0 ;
in:2409 out:2406 type:P dur:2 cpbdur:2 q:41.04 aq:35.77 tex:9074 mv:7027 misc:555 imb:1004 pmb:139 smb:477 d:s ref:0 ;
in:2407 out:2407 type:B dur:2 cpbdur:2 q:41.80 aq:36.85 tex:2440 mv:4845 misc:1187 imb:151 pmb:286 smb:1183 d:s ref:0 ;
in:2406 out:2408 type:b dur:2 cpbdur:2 q:41.81 aq:32.08 tex:104 mv:197 misc:835 imb:0 pmb:184 smb:1436 d:s ref:0 ;
in:2408 out:2409 type:b dur:2 cpbdur:2 q:41.79 aq:36.33 tex:797 mv:1312 misc:539 imb:63 pmb:62 smb:1495 d:- ref:0 ;
in:2411 out:2410 type:P dur:2 cpbdur:2 q:41.64 aq:35.81 tex:5932 mv:6133 misc:967 imb:652 pmb:194 smb:774 d:s ref:0 ;
in:2410 out:2411 type:b dur:2 cpbdur:2 q:41.63 aq:36.24 tex:521 mv:964 misc:475 imb:29 pmb:83 smb:1508 d:s ref:0 ;
in:2415 out:2412 type:P dur:2 cpbdur:2 q:41.03 aq:35.34 tex:6467 mv:5959 misc:766 imb:886 pmb:109 smb:625 d:s ref:0 ;
in:2413 out:2413 type:B dur:2 cpbdur:2 q:41.63 aq:36.16 tex:1167 mv:2034 misc:839 imb:79 pmb:142 smb:1399 d:s ref:0 ;
in:2412 out:2414 type:b dur:2 cpbdur:2 q:41.64 aq:36.28 tex:157 mv:362 misc:649 imb:6 pmb:133 smb:1481 d:s ref:0 ;
in:2414 out:2415 type:b dur:2 cpbdur:2 q:41.63 aq:34.56 tex:466 mv:1023 misc:511 imb:23 pmb:78 smb:1519 d:- ref:0 ;
in:2417 out:2416 type:P dur:2 cpbdur:2 q:40.09 aq:31.93 tex:5752 mv:5674 misc:1038 imb:575 pmb:177 smb:868 d:s ref:0 ;
in:2416 out:2417 type:b dur:2 cpbdur:2 q:41.02 aq:36.43 tex:326 mv:721 misc:417 imb:22 pmb:48 smb:1550 d:s ref:0 ;
in:2421 out:2418 type:P dur:2 cpbdur:2 q:40.08 aq:31.69 tex:3486 mv:4121 misc:1065 imb:375 pmb:144 smb:1101 d:s ref:0 ;
in:2419 out:2419 type:B dur:2 cpbdur:2 q:40.09 aq:34.90 tex:372 mv:1307 misc:641 imb:23 pmb:111 smb:1486 d:t ref:0 ;
in:2418 out:2420 type:b dur:2 cpbdur:2 q:40.09 aq:25.00 tex:11 mv:51 misc:290 imb:0 pmb:27 smb:1593 d:s ref:0 ;
in:2420 out:2421 type:b dur:2 cpbdur:2 q:40.09 aq:33.80 tex:160 mv:390 misc:378 imb:8 pmb:34 smb:1578 d:- ref:0 ;
in:2424 out:2422 type:P dur:2 cpbdur:2 q:38.61 aq:32.09 tex:2449 mv:3103 misc:960 imb:188 pmb:139 smb:1293 d:s ref:0 ;
in:2422 out:2423 type:B dur:2 cpbdur:2 q:40.06 aq:36.38 tex:175 mv:432 misc:361 imb:5 pmb:39 smb:1576 d:s ref:0 ;
in:2423 out:2424 type:b dur:2 cpbdur:2 q:40.05 aq:36.73 tex:91 mv:136 misc:365 imb:0 pmb:42 smb:1578 d:- ref:0 ;
in:2425 out:2425 type:I dur:2 cpbdur:2 q:36.95 aq:28.26 tex:16487 mv:8666 misc:143 imb:1620 pmb:0 smb:0 d:s ref:;
in:2428 out:2426 type:P dur:2 cpbdur:2 q:38.59 aq:31.57 tex:11603 mv:7432 misc:509 imb:864 pmb:235 smb:521 d:s ref:0 ;
in:2426 out:2427 type:B dur:2 cpbdur:2 q:38.59 aq:31.51 tex:3172 mv:4620 misc:1080 imb:102 pmb:450 smb:1068 d:s ref:0 ;
in:2427 out:2428 type:b dur:2 cpbdur:2 q:38.59 aq:32.69 tex:3410 mv:3900 misc:1058 imb:121 pmb:377 smb:1122 d:- ref:0 ;
in:2430 out:2429 type:P dur:2 cpbdur:2 q:39.46 aq:35.17 tex:9262 mv:6274 misc:968 imb:611 pmb:200 smb:809 d:s ref:0 ;
in:2429 out:2430 type:b dur:2 cpbdur:2 q:39.44 aq:37.64 tex:283 mv:371 misc:554 imb:7 pmb:120 smb:1493 d:s ref:0 ;
in:2431 out:2431 type:P dur:2 cpbdur:2 q:40.92 aq:33.75 tex:13609 mv:7674 misc:549 imb:940 pmb:208 smb:472 d:s ref:0 ;
in:2434 out:2432 type:P dur:2 cpbdur:2 q:41.09 aq:33.80 tex:27329 mv:8785 misc:302 imb:1131 pmb:169 smb:320 d:s ref:0 ;
in:2432 out:2433 type:B dur:2 cpbdur:2 q:41.09 aq:36.05 tex:10411 mv:9003 misc:1010 imb:437 pmb:530 smb:653 d:s ref:0 ;
in:2433 out:2434 type:b dur:2 cpbdur:2 q:41.09 aq:36.95 tex:2267 mv:2693 misc:912 imb:53 pmb:224 smb:1343 d:- ref:0 ;
in:2436 out:2435 type:P dur:2 cpbdur:2 q:42.23 aq:34.93 tex:6395 mv:5705 misc:1308 imb:308 pmb:363 smb:949 d:s ref:0 w:7,121,0,7,121,7,118,10 ;
in:2435 out:2436 type:b dur:2 cpbdur:2 q:42.21 aq:35.51 tex:959 mv:837 misc:1148 imb:13 pmb:347 smb:1260 d:s ref:0 ;
in:2440 out:2437 type:P dur:2 cpbdur:2 q:43.01 aq:35.23 tex:17469 mv:9058 misc:593 imb:738 pmb:470 smb:412 d:s ref:0 ;
in:2438 out:2438 type:B dur:2 cpbdur:2 q:43.00 aq:37.10 tex:3997 mv:5055 misc:1164 imb:99 pmb:412 smb:1109 d:t ref:0 ;
in:2437 out:2439 type:b dur:2 cpbdur:2 q:42.99 aq:40.22 tex:805 mv:2272 misc:779 imb:12 pmb:237 smb:1371 d:s ref:0 ;
in:2439 out:2440 type:b dur:2 cpbdur:2 q:43.01 aq:41.10 tex:782 mv:2415 misc:827 imb:14 pmb:261 smb:1345 d:- ref:0 ;
in:2442 out:2441 type:P dur:2 cpbdur:2 q:42.77 aq:36.52 tex:8099 mv:5950 misc:1295 imb:335 pmb:503 smb:782 d:s ref:0 ;
in:2441 out:2442 type:b dur:2 cpbdur:2 q:43.01 aq:36.79 tex:747 mv:762 misc:1003 imb:6 pmb:304 smb:1310 d:s ref:0 ;
in:2444 out:2443 type:P dur:2 cpbdur:2 q:41.99 aq:36.08 tex:15002 mv:8380 misc:834 imb:529 pmb:556 smb:535 d:s ref:0 ;
in:2443 out:2444 type:b dur:2 cpbdur:2 q:42.76 aq:39.56 tex:1949 mv:3382 misc:1077 imb:34 pmb:361 smb:1225 d:t ref:0 ;
in:2445 out:2445 type:P dur:2 cpbdur:2 q:42.25 aq:35.92 tex:14374 mv:7420 misc:990 imb:394 pmb:581 smb:645 d:s ref:0 ;
in:2447 out:2446 type:P dur:2 cpbdur:2 q:42.69 aq:36.76 tex:10721 mv:6889 misc:1182 imb:339 pmb:418 smb:863 d:s ref:0 ;
in:2446 out:2447 type:b dur:2 cpbdur:2 q:42.69 aq:41.02 tex:695 mv:3263 misc:1002 imb:19 pmb:354 smb:1247 d:t ref:0 ;
in:2449 out:2448 type:P dur:2 cpbdur:2 q:42.96 aq:36.84 tex:4364 mv:4382 misc:1238 imb:161 pmb:311 smb:1148 d:s ref:0 ;
in:2448 out:2449 type:b dur:2 cpbdur:2 q:42.96 aq:35.93 tex:176 mv:616 misc:848 imb:5 pmb:241 smb:1374 d:s ref:0 ;
in:2451 out:2450 type:P dur:2 cpbdur:2 q:42.19 aq:36.61 tex:8879 mv:6660 misc:1189 imb:339 pmb:373 smb:908 d:s ref:0 ;
in:2450 out:2451 type:b dur:2 cpbdur:2 q:42.95 aq:38.91 tex:745 mv:3743 misc:1096 imb:36 pmb:405 smb:1179 d:t ref:0 ;
in:2452 out:2452 type:P dur:2 cpbdur:2 q:40.81 aq:37.03 tex:8363 mv:5837 misc:1280 imb:199 pmb:411 smb:1010 d:s ref:0 ;
in:2453 out:2453 type:P dur:2 cpbdur:2 q:40.91 aq:36.23 tex:9507 mv:6368 misc:1237 imb:234 pmb:433 smb:953 d:s ref:0 ;
in:2456 out:2454 type:P dur:2 cpbdur:2 q:40.99 aq:35.71 tex:11487 mv:6792 misc:1185 imb:399 pmb:366 smb:855 d:s ref:0 ;
in:2454 out:2455 type:B dur:2 cpbdur:2 q:40.99 aq:30.45 tex:292 mv:1376 misc:1052 imb:17 pmb:329 smb:1274 d:s ref:0 ;
in:2455 out:2456 type:b dur:2 cpbdur:2 q:40.99 aq:40.51 tex:1674 mv:4571 misc:1115 imb:44 pmb:428 smb:1148 d:- ref:0 ;
in:2457 out:2457 type:P dur:2 cpbdur:2 q:40.66 aq:35.20 tex:7167 mv:5200 misc:1201 imb:200 pmb:340 smb:1080 d:s ref:0 ;
in:2458 out:2458 type:P dur:2 cpbdur:2 q:40.74 aq:35.13 tex:7238 mv:5374 misc:1244 imb:201 pmb:379 smb:1040 d:s ref:0 ;
in:2462 out:2459 type:P dur:2 cpbdur:2 q:40.83 aq:32.66 tex:13388 mv:6731 misc:1273 imb:425 pmb:288 smb:907 d:s ref:0 ;
in:2460 out:2460 type:B dur:2 cpbdur:2 q:40.83 aq:38.63 tex:3575 mv:6003 misc:1158 imb:52 pmb:483 smb:1085 d:s ref:0 ;
in:2459 out:2461 type:b dur:2 cpbdur:2 q:40.83 aq:33.01 tex:122 mv:430 misc:752 imb:2 pmb:199 smb:1419 d:s ref:0 ;
in:2461 out:2462 type:b dur:2 cpbdur:2 q:40.83 aq:40.49 tex:1622 mv:3737 misc:937 imb:39 pmb:349 smb:1232 d:- ref:0 ;
in:2466 out:2463 type:P dur:2 cpbdur:2 q:41.44 aq:35.42 tex:11991 mv:6041 misc:1080 imb:485 pmb:226 smb:909 d:s ref:0 ;
in:2464 out:2464 type:B dur:2 cpbdur:2 q:41.43 aq:39.42 tex:2170 mv:3519 misc:1055 imb:28 pmb:372 smb:1220 d:s ref:0 ;
in:2463 out:2465 type:b dur:2 cpbdur:2 q:41.43 aq:36.43 tex:1220 mv:3561 misc:859 imb:32 pmb:339 smb:1249 d:s ref:0 ;
in:2465 out:2466 type:b dur:2 cpbdur:2 q:41.44 aq:39.52 tex:229 mv:628 misc:711 imb:1 pmb:192 smb:1427 d:- ref:0 ;
in:2470 out:2467 type:P dur:2 cpbdur:2 q:41.27 aq:34.75 tex:16187 mv:7012 misc:569 imb:917 pmb:138 smb:565 d:s ref:0 ;
in:2468 out:2468 type:B dur:2 cpbdur:2 q:41.44 aq:38.82 tex:3798 mv:6604 misc:1142 imb:121 pmb:425 smb:1074 d:s ref:0 ;
in:2467 out:2469 type:b dur:2 cpbdur:2 q:41.44 aq:38.88 tex:1543 mv:3499 misc:982 imb:51 pmb:339 smb:1230 d:s ref:0 ;
in:2469 out:2470 type:b dur:2 cpbdur:2 q:41.44 aq:40.03 tex:1806 mv:4075 misc:1071 imb:43 pmb:375 smb:1202 d:- ref:0 ;
in:2474 out:2471 type:P dur:2 cpbdur:2 q:42.65 aq:33.43 tex:14512 mv:6136 misc:712 imb:730 pmb:164 smb:726 d:s ref:0 ;
in:2472 out:2472 type:B dur:2 cpbdur:2 q:42.63 aq:38.92 tex:3568 mv:4828 misc:900 imb:123 pmb:308 smb:1189 d:s ref:0 ;
in:2471 out:2473 type:b dur:2 cpbdur:2 q:42.62 aq:36.70 tex:62 mv:183 misc:499 imb:2 pmb:107 smb:1511 d:s ref:0 ;
in:2473 out:2474 type:b dur:2 cpbdur:2 q:42.64 aq:41.60 tex:3068 mv:4065 misc:867 imb:125 pmb:277 smb:1218 d:- ref:0 ;
in:2477 out:2475 type:P dur:2 cpbdur:2 q:42.92 aq:32.80 tex:10326 mv:3877 misc:997 imb:373 pmb:170 smb:1077 d:s ref:0 ;
in:2475 out:2476 type:B dur:2 cpbdur:2 q:42.92 aq:38.70 tex:1268 mv:1938 misc:706 imb:21 pmb:204 smb:1395 d:s ref:0 ;
in:2476 out:2477 type:b dur:2 cpbdur:2 q:42.92 aq:41.87 tex:123 mv:448 misc:413 imb:1 pmb:67 smb:1552 d:- ref:0 ;
in:2481 out:2478 type:P dur:2 cpbdur:2 q:42.06 aq:35.59 tex:5379 mv:2895 misc:1150 imb:91 pmb:254 smb:1275 d:s ref:0 ;
in:2479 out:2479 type:B dur:2 cpbdur:2 q:42.91 aq:40.93 tex:354 mv:728 misc:414 imb:3 pmb:72 smb:1545 d:t ref:0 ;
in:2478 out:2480 type:b dur:2 cpbdur:2 q:42.91 aq:28.00 tex:4 mv:56 misc:260 imb:0 pmb:19 smb:1601 d:s ref:0 ;
in:2480 out:2481 type:b dur:2 cpbdur:2 q:42.90 aq:39.67 tex:114 mv:328 misc:254 imb:2 pmb:29 smb:1589 d:- ref:0 ;
in:2483 out:2482 type:P dur:2 cpbdur:2 q:39.81 aq:32.31 tex:9050 mv:3477 misc:1233 imb:153 pmb:284 smb:1183 d:s ref:0 ;
in:2482 out:2483 type:b dur:2 cpbdur:2 q:42.02 aq:39.03 tex:155 mv:511 misc:318 imb:2 pmb:44 smb:1574 d:t ref:0 ;
in:2487 out:2484 type:P dur:2 cpbdur:2 q:39.37 aq:31.42 tex:8255 mv:3657 misc:1168 imb:175 pmb:279 smb:1166 d:s ref:0 ;
in:2485 out:2485 type:B dur:2 cpbdur:2 q:39.81 aq:31.45 tex:1661 mv:1473 misc:554 imb:16 pmb:132 smb:1472 d:s ref:0 ;
in:2484 out:2486 type:b dur:2 cpbdur:2 q:39.81 aq:36.73 tex:43 mv:133 misc:312 imb:0 pmb:34 smb:1586 d:s ref:0 ;
in:2486 out:2487 type:b dur:2 cpbdur:2 q:39.80 aq:34.72 tex:906 mv:1345 misc:461 imb:16 pmb:107 smb:1497 d:- ref:0 ;
in:2491 out:2488 type:P dur:2 cpbdur:2 q:38.68 aq:31.24 tex:10645 mv:4027 misc:1200 imb:246 pmb:267 smb:1107 d:s ref:0 ;
in:2489 out:2489 type:B dur:2 cpbdur:2 q:39.36 aq:30.35 tex:2068 mv:1934 misc:622 imb:44 pmb:166 smb:1410 d:s ref:0 ;
in:2488 out:2490 type:b dur:2 cpbdur:2 q:39.37 aq:34.30 tex:1375 mv:1456 misc:489 imb:19 pmb:135 smb:1466 d:s ref:0 ;
in:2490 out:2491 type:b dur:2 cpbdur:2 q:39.36 aq:24.00 tex:17 mv:175 misc:312 imb:1 pmb:54 smb:1565 d:- ref:0 ;
in:2493 out:2492 type:P dur:2 cpbdur:2 q:39.02 aq:28.83 tex:9841 mv:3888 misc:1247 imb:216 pmb:273 smb:1131 d:s ref:0 ;
in:2492 out:2493 type:b dur:2 cpbdur:2 q:39.01 aq:29.72 tex:1698 mv:1538 misc:412 imb:37 pmb:101 smb:1482 d:t ref:0 ;
in:2495 out:2494 type:P dur:2 cpbdur:2 q:38.67 aq:28.11 tex:15737 mv:4869 misc:1258 imb:248 pmb:334 smb:1038 d:s ref:0 ;
in:2494 out:2495 type:b dur:2 cpbdur:2 q:39.01 aq:31.24 tex:1612 mv:1887 misc:525 imb:20 pmb:148 smb:1452 d:t ref:0 ;
in:2497 out:2496 type:P dur:2 cpbdur:2 q:38.75 aq:29.05 tex:9863 mv:3351 misc:1106 imb:128 pmb:274 smb:1218 d:s ref:0 ;
in:2496 out:2497 type:b dur:2 cpbdur:2 q:38.75 aq:24.00 tex:28 mv:274 misc:434 imb:3 pmb:87 smb:1530 d:s ref:0 ;
in:2501 out:2498 type:P dur:2 cpbdur:2 q:39.27 aq:29.69 tex:21865 mv:5239 misc:1208 imb:213 pmb:346 smb:1061 d:s ref:0 ;
in:2499 out:2499 type:B dur:2 cpbdur:2 q:39.26 aq:32.20 tex:1983 mv:2564 misc:677 imb:21 pmb:207 smb:1392 d:t ref:0 ;
in:2498 out:2500 type:b dur:2 cpbdur:2 q:39.26 aq:31.95 tex:1345 mv:2150 misc:489 imb:18 pmb:153 smb:1449 d:s ref:0 ;
in:2500 out:2501 type:b dur:2 cpbdur:2 q:39.26 aq:32.69 tex:331 mv:1583 misc:446 imb:5 pmb:130 smb:1485 d:- ref:0 ;
in:2505 out:2502 type:P dur:2 cpbdur:2 q:40.13 aq:33.16 tex:6716 mv:3748 misc:1096 imb:108 pmb:305 smb:1207 d:s ref:0 ;
in:2503 out:2503 type:B dur:2 cpbdur:2 q:40.12 aq:30.65 tex:527 mv:1640 misc:529 imb:14 pmb:122 smb:1484 d:s ref:0 ;
in:2502 out:2504 type:b dur:2 cpbdur:2 q:40.11 aq:24.00 tex:20 mv:257 misc:371 imb:2 pmb:79 smb:1539 d:s ref:0 ;
in:2504 out:2505 type:b dur:2 cpbdur:2 q:40.13 aq:33.00 tex:375 mv:1359 misc:458 imb:10 pmb:110 smb:1500 d:- ref:0 ;
in:2507 out:2506 type:P dur:2 cpbdur:2 q:39.52 aq:31.91 tex:10675 mv:3884 misc:1169 imb:184 pmb:305 smb:1131 d:s ref:0 ;
in:2506 out:2507 type:b dur:2 cpbdur:2 q:40.12 aq:38.98 tex:630 mv:1662 misc:580 imb:20 pmb:149 smb:1451 d:t ref:0 ;
in:2511 out:2508 type:P dur:2 cpbdur:2 q:39.60 aq:32.74 tex:14693 mv:5174 misc:1165 imb:310 pmb:323 smb:987 d:s ref:0 ;
in:2509 out:2509 type:B dur:2 cpbdur:2 q:39.60 aq:35.74 tex:1954 mv:3794 misc:972 imb:49 pmb:323 smb:1248 d:s ref:0 ;
in:2508 out:2510 type:b dur:2 cpbdur:2 q:39.60 aq:25.00 tex:51 mv:466 misc:563 imb:10 pmb:125 smb:1485 d:s ref:0 ;
in:2510 out:2511 type:b dur:2 cpbdur:2 q:39.60 aq:38.92 tex:896 mv:2472 misc:832 imb:21 pmb:260 smb:1339 d:- ref:0 ;
in:2513 out:2512 type:P dur:2 cpbdur:2 q:41.67 aq:35.41 tex:8904 mv:5075 misc:1133 imb:242 pmb:309 smb:1069 d:s ref:0 ;
in:2512 out:2513 type:b dur:2 cpbdur:2 q:41.63 aq:38.88 tex:555 mv:2344 misc:805 imb:31 pmb:241 smb:1348 d:s ref:0 ;
in:2517 out:2514 type:P dur:2 cpbdur:2 q:42.01 aq:35.18 tex:11355 mv:5193 misc:1188 imb:300 pmb:310 smb:1010 d:s ref:0 ;
in:2515 out:2515 type:B dur:2 cpbdur:2 q:42.00 aq:38.84 tex:785 mv:2866 misc:981 imb:28 pmb:300 smb:1292 d:s ref:0 ;
in:2514 out:2516 type:b dur:2 cpbdur:2 q:42.00 aq:27.00 tex:40 mv:386 misc:590 imb:5 pmb:138 smb:1477 d:s ref:0 ;
in:2516 out:2517 type:b dur:2 cpbdur:2 q:42.00 aq:38.98 tex:709 mv:2709 misc:830 imb:25 pmb:255 smb:1340 d:- ref:0 ;
in:2519 out:2518 type:P dur:2 cpbdur:2 q:42.79 aq:33.22 tex:12020 mv:5334 misc:1166 imb:247 pmb:351 smb:1022 d:s ref:0 ;
in:2518 out:2519 type:b dur:2 cpbdur:2 q:42.77 aq:40.81 tex:517 mv:2208 misc:715 imb:15 pmb:196 smb:1409 d:t ref:0 ;
in:2523 out:2520 type:P dur:2 cpbdur:2 q:43.13 aq:35.54 tex:8430 mv:4831 misc:1171 imb:158 pmb:359 smb:1103 d:s ref:0 ;
in:2521 out:2521 type:B dur:2 cpbdur:2 q:43.12 aq:38.18 tex:968 mv:1862 misc:706 imb:10 pmb:159 smb:1451 d:s ref:0 ;
in:2520 out:2522 type:b dur:2 cpbdur:2 q:43.12 aq:32.77 tex:71 mv:362 misc:487 imb:2 pmb:101 smb:1517 d:s ref:0 ;
in:2522 out:2523 type:b dur:2 cpbdur:2 q:43.12 aq:35.19 tex:368 mv:1391 misc:481 imb:9 pmb:103 smb:1508 d:- ref:0 ;
in:2525 out:2524 type:P dur:2 cpbdur:2 q:42.88 aq:34.77 tex:8761 mv:4551 misc:1168 imb:154 pmb:365 smb:1101 d:s ref:0 ;
in:2524 out:2525 type:b dur:2 cpbdur:2 q:43.12 aq:34.32 tex:443 mv:1533 misc:520 imb:11 pmb:115 smb:1494 d:t ref:0 ;
in:2529 out:2526 type:P dur:2 cpbdur:2 q:42.78 aq:34.44 tex:8598 mv:4588 misc:1150 imb:186 pmb:342 smb:1092 d:s ref:0 ;
in:2527 out:2527 type:B dur:2 cpbdur:2 q:42.87 aq:36.75 tex:1011 mv:2155 misc:666 imb:18 pmb:168 smb:1434 d:s ref:0 ;
in:2526 out:2528 type:b dur:2 cpbdur:2 q:42.87 aq:28.00 tex:20 mv:209 misc:459 imb:0 pmb:82 smb:1538 d:s ref:0 ;
in:2528 out:2529 type:b dur:2 cpbdur:2 q:42.87 aq:38.45 tex:851 mv:1560 misc:549 imb:14 pmb:121 smb:1485 d:- ref:0 ;
in:2531 out:2530 type:P dur:2 cpbdur:2 q:42.36 aq:33.38 tex:10844 mv:4394 misc:1154 imb:167 pmb:362 smb:1091 d:s ref:0 ;
in:2530 out:2531 type:b dur:2 cpbdur:2 q:42.78 aq:35.83 tex:526 mv:1457 misc:505 imb:12 pmb:107 smb:1501 d:t ref:0 ;
in:2532 out:2532 type:P dur:2 cpbdur:2 q:42.35 aq:32.30 tex:458 mv:231 misc:423 imb:7 pmb:32 smb:1581 d:s ref:0 ;
in:2535 out:2533 type:P dur:2 cpbdur:2 q:42.61 aq:34.14 tex:9858 mv:4978 misc:1140 imb:172 pmb:398 smb:1050 d:s ref:0 ;
in:2533 out:2534 type:B dur:2 cpbdur:2 q:42.61 aq:38.62 tex:1013 mv:1787 misc:584 imb:13 pmb:137 smb:1470 d:t ref:0 ;
in:2534 out:2535 type:b dur:2 cpbdur:2 q:42.61 aq:38.56 tex:867 mv:1644 misc:545 imb:16 pmb:124 smb:1480 d:- ref:0 ;
in:2537 out:2536 type:P dur:2 cpbdur:2 q:41.49 aq:32.93 tex:12926 mv:5320 misc:1282 imb:207 pmb:409 smb:1004 d:s ref:0 ;
in:2536 out:2537 type:b dur:2 cpbdur:2 q:42.60 aq:38.43 tex:846 mv:1920 misc:658 imb:15 pmb:138 smb:1467 d:t ref:0 ;
in:2541 out:2538 type:P dur:2 cpbdur:2 q:41.32 aq:33.57 tex:12139 mv:5723 misc:1170 imb:185 pmb:426 smb:1009 d:s ref:0 ;
in:2539 out:2539 type:B dur:2 cpbdur:2 q:41.49 aq:38.49 tex:1412 mv:3103 misc:885 imb:22 pmb:250 smb:1348 d:s ref:0 ;
in:2538 out:2540 type:b dur:2 cpbdur:2 q:41.49 aq:30.42 tex:56 mv:329 misc:583 imb:5 pmb:95 smb:1520 d:s ref:0 ;
in:2540 out:2541 type:b dur:2 cpbdur:2 q:41.49 aq:41.10 tex:1276 mv:2448 misc:804 imb:16 pmb:202 smb:1402 d:- ref:0 ;
in:2545 out:2542 type:P dur:2 cpbdur:2 q:42.27 aq:36.43 tex:10607 mv:5632 misc:1121 imb:207 pmb:395 smb:1018 d:s ref:0 ;
in:2543 out:2543 type:B dur:2 cpbdur:2 q:42.26 aq:39.45 tex:3576 mv:4047 misc:865 imb:25 pmb:307 smb:1288 d:s ref:0 ;
in:2542 out:2544 type:b dur:2 cpbdur:2 q:42.25 aq:39.64 tex:863 mv:2345 misc:712 imb:11 pmb:194 smb:1415 d:s ref:0 ;
in:2544 out:2545 type:b dur:2 cpbdur:2 q:42.26 aq:27.00 tex:24 mv:144 misc:384 imb:1 pmb:74 smb:1545 d:- ref:0 ;
in:2549 out:2546 type:P dur:2 cpbdur:2 q:43.05 aq:36.99 tex:19795 mv:6039 misc:1094 imb:442 pmb:321 smb:857 d:s ref:0 ;
in:2547 out:2547 type:B dur:2 cpbdur:2 q:43.03 aq:40.61 tex:3435 mv:5284 misc:1033 imb:63 pmb:333 smb:1224 d:s ref:0 ;
in:2546 out:2548 type:b dur:2 cpbdur:2 q:43.03 aq:42.14 tex:1029 mv:2525 misc:686 imb:10 pmb:198 smb:1412 d:s ref:0 ;
in:2548 out:2549 type:b dur:2 cpbdur:2 q:43.04 aq:42.74 tex:1074 mv:2820 misc:746 imb:20 pmb:203 smb:1397 d:- ref:0 ;
in:2553 out:2550 type:P dur:2 cpbdur:2 q:43.92 aq:38.12 tex:13081 mv:5822 misc:1097 imb:393 pmb:320 smb:907 d:s ref:0 ;
in:2551 out:2551 type:B dur:2 cpbdur:2 q:43.90 aq:39.18 tex:1528 mv:3801 misc:991 imb:48 pmb:295 smb:1277 d:s ref:0 ;
in:2550 out:2552 type:b dur:2 cpbdur:2 q:43.90 aq:28.00 tex:28 mv:372 misc:600 imb:2 pmb:122 smb:1496 d:s ref:0 ;
in:2552 out:2553 type:b dur:2 cpbdur:2 q:43.91 aq:43.31 tex:1248 mv:3075 misc:837 imb:24 pmb:233 smb:1363 d:- ref:0 ;
in:2554 out:2554 type:P dur:2 cpbdur:2 q:43.92 aq:39.58 tex:7586 mv:4529 misc:1093 imb:187 pmb:351 smb:1082 d:s ref:0 ;
in:2556 out:2555 type:P dur:2 cpbdur:2 q:44.09 aq:39.32 tex:7058 mv:4278 misc:1096 imb:201 pmb:317 smb:1102 d:s ref:0 ;
in:2555 out:2556 type:b dur:2 cpbdur:2 q:44.09 aq:40.44 tex:224 mv:392 misc:640 imb:5 pmb:140 smb:1475 d:s ref:0 ;
in:2558 out:2557 type:P dur:2 cpbdur:2 q:43.84 aq:38.98 tex:11855 mv:5600 misc:1105 imb:338 pmb:334 smb:948 d:s ref:0 ;
in:2557 out:2558 type:b dur:2 cpbdur:2 q:44.09 aq:42.11 tex:1871 mv:3012 misc:813 imb:34 pmb:240 smb:1346 d:t ref:0 ;
in:2559 out:2559 type:P dur:2 cpbdur:2 q:44.70 aq:39.52 tex:6687 mv:4136 misc:1009 imb:184 pmb:303 smb:1133 d:s ref:0 ;
in:2560 out:2560 type:P dur:2 cpbdur:2 q:45.06 aq:40.60 tex:6183 mv:4533 misc:1012 imb:166 pmb:340 smb:1114 d:s ref:0 ;
in:2562 out:2561 type:P dur:2 cpbdur:2 q:44.45 aq:40.55 tex:6813 mv:4642 misc:1009 imb:183 pmb:344 smb:1093 d:s ref:0 ;
in:2561 out:2562 type:b dur:2 cpbdur:2 q:45.05 aq:37.22 tex:171 mv:436 misc:657 imb:9 pmb:149 smb:1462 d:s ref:0 ;
in:2563 out:2563 type:P dur:2 cpbdur:2 q:44.12 aq:38.86 tex:7838 mv:5157 misc:1061 imb:223 pmb:353 smb:1044 d:s ref:0 ;
in:2564 out:2564 type:P dur:2 cpbdur:2 q:44.12 aq:39.98 tex:8130 mv:5743 misc:1071 imb:257 pmb:370 smb:993 d:s ref:0 ;
in:2565 out:2565 type:P dur:2 cpbdur:2 q:44.55 aq:39.37 tex:7370 mv:5255 misc:1055 imb:261 pmb:330 smb:1029 d:s ref:0 ;
in:2567 out:2566 type:P dur:2 cpbdur:2 q:44.90 aq:38.97 tex:15505 mv:6194 misc:957 imb:512 pmb:261 smb:847 d:s ref:0 ;
in:2566 out:2567 type:b dur:2 cpbdur:2 q:44.89 aq:45.53 tex:2199 mv:4475 misc:1006 imb:67 pmb:328 smb:1225 d:s ref:0 ;
in:2569 out:2568 type:P dur:2 cpbdur:2 q:45.00 aq:40.84 tex:8930 mv:5180 misc:954 imb:331 pmb:284 smb:1005 d:s ref:0 w:7,121,2 ;
in:2568 out:2569 type:b dur:2 cpbdur:2 q:45.00 aq:38.51 tex:267 mv:797 misc:712 imb:6 pmb:176 smb:1438 d:s ref:0 ;
in:2573 out:2570 type:P dur:2 cpbdur:2 q:45.02 aq:40.24 tex:17067 mv:5592 misc:813 imb:720 pmb:134 smb:766 d:s ref:0 ;
in:2571 out:2571 type:B dur:2 cpbdur:2 q:45.01 aq:43.40 tex:6978 mv:7294 misc:984 imb:244 pmb:390 smb:986 d:s ref:0 ;
in:2570 out:2572 type:b dur:2 cpbdur:2 q:45.01 aq:44.30 tex:3463 mv:4604 misc:1005 imb:89 pmb:347 smb:1184 d:s ref:0 ;
in:2572 out:2573 type:b dur:2 cpbdur:2 q:45.02 aq:45.08 tex:2467 mv:4598 misc:903 imb:108 pmb:302 smb:1210 d:- ref:0 ;
in:2575 out:2574 type:P dur:2 cpbdur:2 q:46.42 aq:42.86 tex:3927 mv:4055 misc:906 imb:349 pmb:166 smb:1105 d:s ref:0 ;
in:2574 out:2575 type:b dur:2 cpbdur:2 q:46.40 aq:38.95 tex:94 mv:160 misc:546 imb:0 pmb:121 smb:1499 d:s ref:0 ;
in:2576 out:2576 type:P dur:2 cpbdur:2 q:46.08 aq:41.18 tex:6406 mv:4167 misc:939 imb:466 pmb:153 smb:1001 d:s ref:0 ;
in:2577 out:2577 type:P dur:2 cpbdur:2 q:46.00 aq:42.28 tex:5602 mv:3624 misc:966 imb:387 pmb:151 smb:1082 d:s ref:0 ;
in:2578 out:2578 type:P dur:2 cpbdur:2 q:45.39 aq:37.43 tex:6034 mv:3508 misc:994 imb:364 pmb:167 smb:1089 d:s ref:0 ;
in:2580 out:2579 type:P dur:2 cpbdur:2 q:45.74 aq:39.13 tex:3499 mv:2572 misc:985 imb:146 pmb:160 smb:1314 d:s ref:0 ;
in:2579 out:2580 type:b dur:2 cpbdur:2 q:45.74 aq:43.57 tex:157 mv:372 misc:543 imb:6 pmb:94 smb:1520 d:s ref:0 ;
in:2582 out:2581 type:P dur:2 cpbdur:2 q:45.41 aq:40.35 tex:7915 mv:3772 misc:1017 imb:355 pmb:176 smb:1089 d:s ref:0 ;
in:2581 out:2582 type:b dur:2 cpbdur:2 q:45.74 aq:43.36 tex:1007 mv:1711 misc:738 imb:24 pmb:184 smb:1412 d:s ref:0 ;
in:2585 out:2583 type:P dur:2 cpbdur:2 q:44.72 aq:39.01 tex:12713 mv:4760 misc:1071 imb:441 pmb:205 smb:974 d:s ref:0 ;
in:2583 out:2584 type:B dur:2 cpbdur:2 q:45.40 aq:42.62 tex:1707 mv:2744 misc:973 imb:39 pmb:281 smb:1300 d:s ref:0 ;
in:2584 out:2585 type:b dur:2 cpbdur:2 q:45.39 aq:43.92 tex:1247 mv:2335 misc:826 imb:41 pmb:221 smb:1358 d:- ref:0 ;
in:2586 out:2586 type:P dur:2 cpbdur:2 q:44.47 aq:38.05 tex:124 mv:77 misc:279 imb:4 pmb:9 smb:1607 d:s ref:0 ;
in:2590 out:2587 type:P dur:2 cpbdur:2 q:44.39 aq:40.09 tex:14204 mv:4413 misc:1135 imb:464 pmb:190 smb:966 d:s ref:0 ;
in:2588 out:2588 type:B dur:2 cpbdur:2 q:44.47 aq:42.87 tex:6002 mv:4917 misc:1201 imb:137 pmb:390 smb:1093 d:s ref:0 ;
in:2587 out:2589 type:b dur:2 cpbdur:2 q:44.47 aq:43.29 tex:2005 mv:2893 misc:918 imb:29 pmb:313 smb:1278 d:s ref:0 ;
in:2589 out:2590 type:b dur:2 cpbdur:2 q:44.47 aq:43.58 tex:2746 mv:3386 misc:980 imb:62 pmb:332 smb:1226 d:- ref:0 ;
in:2594 out:2591 type:P dur:2 cpbdur:2 q:43.80 aq:40.21 tex:16629 mv:4766 misc:1125 imb:500 pmb:218 smb:902 d:s ref:0 ;
in:2592 out:2592 type:B dur:2 cpbdur:2 q:44.38 aq:42.22 tex:6702 mv:5290 misc:1168 imb:105 pmb:440 smb:1075 d:s ref:0 ;
in:2591 out:2593 type:b dur:2 cpbdur:2 q:44.38 aq:34.43 tex:111 mv:326 misc:715 imb:8 pmb:169 smb:1443 d:s ref:0 ;
in:2593 out:2594 type:b dur:2 cpbdur:2 q:44.37 aq:42.96 tex:3719 mv:4065 misc:968 imb:67 pmb:402 smb:1151 d:- ref:0 ;
in:2597 out:2595 type:P dur:2 cpbdur:2 q:44.50 aq:39.56 tex:16106 mv:6205 misc:1105 imb:491 pmb:294 smb:835 d:s ref:0 ;
in:2595 out:2596 type:B dur:2 cpbdur:2 q:44.49 aq:41.53 tex:5276 mv:4674 misc:1114 imb:100 pmb:414 smb:1106 d:s ref:0 ;
in:2596 out:2597 type:b dur:2 cpbdur:2 q:44.49 aq:43.27 tex:4018 mv:4459 misc:1035 imb:59 pmb:406 smb:1155 d:- ref:0 ;
in:2601 out:2598 type:P dur:2 cpbdur:2 q:44.26 aq:38.01 tex:9740 mv:6413 misc:1167 imb:491 pmb:257 smb:872 d:s ref:0 ;
in:2599 out:2599 type:B dur:2 cpbdur:2 q:44.50 aq:41.59 tex:2944 mv:5075 misc:1197 imb:86 pmb:425 smb:1109 d:s ref:0 ;
in:2598 out:2600 type:b dur:2 cpbdur:2 q:44.50 aq:33.85 tex:111 mv:664 misc:857 imb:13 pmb:221 smb:1386 d:s ref:0 ;
in:2600 out:2601 type:b dur:2 cpbdur:2 q:44.50 aq:41.38 tex:1815 mv:3377 misc:1016 imb:52 pmb:346 smb:1222 d:- ref:0 ;
in:2602 out:2602 type:P dur:2 cpbdur:2 q:44.27 aq:38.53 tex:4672 mv:4348 misc:1284 imb:182 pmb:286 smb:1152 d:s ref:0 ;
in:2606 out:2603 type:P dur:2 cpbdur:2 q:44.96 aq:40.42 tex:8050 mv:5241 misc:1221 imb:361 pmb:266 smb:993 d:s ref:0 ;
in:2604 out:2604 type:B dur:2 cpbdur:2 q:44.95 aq:42.31 tex:3117 mv:4525 misc:1214 imb:68 pmb:408 smb:1144 d:s ref:0 ;
in:2603 out:2605 type:b dur:2 cpbdur:2 q:44.94 aq:29.00 tex:34 mv:526 misc:744 imb:5 pmb:179 smb:1436 d:s ref:0 ;
in:2605 out:2606 type:b dur:2 cpbdur:2 q:44.95 aq:43.50 tex:1417 mv:3263 misc:1080 imb:52 pmb:335 smb:1233 d:- ref:0 ;
in:2609 out:2607 type:P dur:2 cpbdur:2 q:44.37 aq:39.23 tex:12546 mv:6230 misc:1128 imb:554 pmb:265 smb:801 d:s ref:0 ;
in:2607 out:2608 type:B dur:2 cpbdur:2 q:44.95 aq:41.26 tex:1967 mv:4512 misc:1257 imb:100 pmb:384 smb:1136 d:s ref:0 ;
in:2608 out:2609 type:b dur:2 cpbdur:2 q:44.95 aq:42.14 tex:1366 mv:4019 misc:1119 imb:87 pmb:389 smb:1144 d:- ref:0 ;
in:2612 out:2610 type:P dur:2 cpbdur:2 q:44.20 aq:39.93 tex:7757 mv:5487 misc:1156 imb:489 pmb:241 smb:890 d:s ref:0 ;
in:2610 out:2611 type:B dur:2 cpbdur:2 q:44.37 aq:39.54 tex:415 mv:907 misc:1006 imb:25 pmb:240 smb:1355 d:s ref:0 ;
in:2611 out:2612 type:b dur:2 cpbdur:2 q:44.37 aq:42.54 tex:1595 mv:4035 misc:1122 imb:97 pmb:358 smb:1165 d:- ref:0 ;
in:2613 out:2613 type:P dur:2 cpbdur:2 q:44.64 aq:40.07 tex:4998 mv:4719 misc:1187 imb:365 pmb:239 smb:1016 d:s ref:0 ;
in:2615 out:2614 type:P dur:2 cpbdur:2 q:45.42 aq:39.39 tex:9585 mv:5530 misc:1053 imb:581 pmb:214 smb:825 d:s ref:0 ;
in:2614 out:2615 type:b dur:2 cpbdur:2 q:45.40 aq:40.89 tex:1162 mv:3966 misc:1080 imb:76 pmb:364 smb:1180 d:s ref:0 ;
in:2619 out:2616 type:P dur:2 cpbdur:2 q:45.08 aq:40.09 tex:8780 mv:4581 misc:1103 imb:576 pmb:137 smb:907 d:s ref:0 ;
in:2617 out:2617 type:B dur:2 cpbdur:2 q:45.41 aq:41.70 tex:2280 mv:4553 misc:1231 imb:118 pmb:411 smb:1091 d:s ref:0 ;
in:2616 out:2618 type:b dur:2 cpbdur:2 q:45.41 aq:40.54 tex:182 mv:617 misc:865 imb:7 pmb:233 smb:1380 d:s ref:0 ;
in:2618 out:2619 type:b dur:2 cpbdur:2 q:45.41 aq:44.39 tex:1511 mv:3565 misc:1076 imb:74 pmb:372 smb:1174 d:- ref:0 ;
in:2620 out:2620 type:P dur:2 cpbdur:2 q:45.10 aq:40.26 tex:5115 mv:3433 misc:1044 imb:348 pmb:151 smb:1121 d:s ref:0 ;
in:2621 out:2621 type:I dur:2 cpbdur:2 q:42.97 aq:33.88 tex:21041 mv:7970 misc:133 imb:1620 pmb:0 smb:0 d:s ref:;
in:2623 out:2622 type:P dur:2 cpbdur:2 q:45.75 aq:38.92 tex:3208 mv:3280 misc:864 imb:277 pmb:155 smb:1188 d:s ref:0 ;
in:2622 out:2623 type:b dur:2 cpbdur:2 q:45.75 aq:44.94 tex:93 mv:155 misc:648 imb:0 pmb:183 smb:1437 d:s ref:0 ;
in:2625 out:2624 type:P dur:2 cpbdur:2 q:45.60 aq:38.53 tex:6853 mv:3464 misc:867 imb:463 pmb:93 smb:1064 d:s ref:0 ;
in:2624 out:2625 type:b dur:2 cpbdur:2 q:45.75 aq:42.79 tex:1543 mv:2601 misc:888 imb:51 pmb:278 smb:1291 d:s ref:0 ;
in:2626 out:2626 type:P dur:2 cpbdur:2 q:44.84 aq:40.52 tex:5994 mv:3165 misc:817 imb:310 pmb:123 smb:1187 d:s ref:0 ;
in:2628 out:2627 type:P dur:2 cpbdur:2 q:45.34 aq:41.45 tex:5758 mv:3645 misc:853 imb:409 pmb:124 smb:1087 d:s ref:0 ;
in:2627 out:2628 type:b dur:2 cpbdur:2 q:45.33 aq:40.95 tex:275 mv:313 misc:596 imb:8 pmb:136 smb:1476 d:s ref:0 ;
in:2629 out:2629 type:P dur:2 cpbdur:2 q:45.23 aq:38.30 tex:5562 mv:3661 misc:801 imb:449 pmb:126 smb:1045 d:s ref:0 ;
in:2630 out:2630 type:P dur:2 cpbdur:2 q:45.39 aq:38.76 tex:5472 mv:4012 misc:812 imb:531 pmb:138 smb:951 d:s ref:0 ;
in:2633 out:2631 type:P dur:2 cpbdur:2 q:45.05 aq:37.92 tex:9872 mv:4041 misc:847 imb:502 pmb:156 smb:962 d:s ref:0 ;
in:2631 out:2632 type:B dur:2 cpbdur:2 q:45.38 aq:43.23 tex:1011 mv:1530 misc:643 imb:53 pmb:140 smb:1427 d:s ref:0 ;
in:2632 out:2633 type:b dur:2 cpbdur:2 q:45.38 aq:45.64 tex:385 mv:717 misc:426 imb:9 pmb:70 smb:1541 d:- ref:0 ;
in:2636 out:2634 type:P dur:2 cpbdur:2 q:44.46 aq:39.01 tex:5099 mv:2553 misc:1028 imb:125 pmb:187 smb:1308 d:s ref:0 ;
in:2634 out:2635 type:B dur:2 cpbdur:2 q:45.04 aq:42.68 tex:84 mv:174 misc:358 imb:2 pmb:48 smb:1570 d:s ref:0 ;
in:2635 out:2636 type:b dur:2 cpbdur:2 q:45.04 aq:41.42 tex:449 mv:756 misc:395 imb:9 pmb:65 smb:1546 d:- ref:0 ;
in:2639 out:2637 type:P dur:2 cpbdur:2 q:42.02 aq:33.02 tex:13523 mv:4312 misc:1301 imb:279 pmb:254 smb:1087 d:s ref:0 ;
in:2637 out:2638 type:B dur:2 cpbdur:2 q:44.44 aq:43.17 tex:708 mv:1290 misc:554 imb:13 pmb:110 smb:1497 d:t ref:0 ;
in:2638 out:2639 type:b dur:2 cpbdur:2 q:44.41 aq:39.48 tex:361 mv:1091 misc:460 imb:8 pmb:86 smb:1526 d:- ref:0 ;
in:2641 out:2640 type:P dur:2 cpbdur:2 q:41.71 aq:34.30 tex:5015 mv:2747 misc:1142 imb:114 pmb:220 smb:1286 d:s ref:0 ;
in:2640 out:2641 type:b dur:2 cpbdur:2 q:42.02 aq:36.64 tex:116 mv:276 misc:440 imb:4 pmb:78 smb:1538 d:s ref:0 ;
in:2645 out:2642 type:P dur:2 cpbdur:2 q:41.79 aq:34.16 tex:11937 mv:4396 misc:1235 imb:313 pmb:236 smb:1071 d:s ref:0 ;
in:2643 out:2643 type:B dur:2 cpbdur:2 q:41.79 aq:39.11 tex:2456 mv:2862 misc:802 imb:55 pmb:199 smb:1366 d:t ref:0 ;
in:2642 out:2644 type:b dur:2 cpbdur:2 q:41.79 aq:40.26 tex:984 mv:1802 misc:534 imb:28 pmb:109 smb:1483 d:s ref:0 ;
in:2644 out:2645 type:b dur:2 cpbdur:2 q:41.79 aq:41.56 tex:783 mv:1291 misc:454 imb:9 pmb:101 smb:1510 d:- ref:0 ;
in:2649 out:2646 type:P dur:2 cpbdur:2 q:41.91 aq:36.29 tex:8072 mv:3198 misc:1074 imb:244 pmb:184 smb:1192 d:s ref:0 ;
in:2647 out:2647 type:B dur:2 cpbdur:2 q:41.91 aq:37.62 tex:1485 mv:1722 misc:641 imb:25 pmb:170 smb:1425 d:s ref:0 ;
in:2646 out:2648 type:b dur:2 cpbdur:2 q:41.91 aq:33.78 tex:130 mv:166 misc:400 imb:1 pmb:52 smb:1567 d:s ref:0 ;
in:2648 out:2649 type:b dur:2 cpbdur:2 q:41.91 aq:37.52 tex:800 mv:1588 misc:540 imb:23 pmb:135 smb:1462 d:- ref:0 ;
in:2651 out:2650 type:P dur:2 cpbdur:2 q:41.11 aq:35.17 tex:10410 mv:3678 misc:1112 imb:298 pmb:205 smb:1117 d:s ref:0 ;
in:2650 out:2651 type:b dur:2 cpbdur:2 q:41.89 aq:39.07 tex:1656 mv:2460 misc:708 imb:113 pmb:185 smb:1322 d:s ref:0 ;
in:2653 out:2652 type:P dur:2 cpbdur:2 q:41.16 aq:36.03 tex:6235 mv:3373 misc:960 imb:288 pmb:189 smb:1143 d:s ref:0 ;
in:2652 out:2653 type:b dur:2 cpbdur:2 q:41.16 aq:38.20 tex:163 mv:588 misc:609 imb:8 pmb:140 smb:1472 d:s ref:0 ;
in:2656 out:2654 type:P dur:2 cpbdur:2 q:41.16 aq:35.69 tex:13663 mv:4825 misc:1192 imb:467 pmb:206 smb:947 d:s ref:0 ;
in:2654 out:2655 type:B dur:2 cpbdur:2 q:41.16 aq:37.07 tex:4450 mv:4732 misc:978 imb:198 pmb:296 smb:1126 d:s ref:0 ;
in:2655 out:2656 type:b dur:2 cpbdur:2 q:41.16 aq:38.35 tex:2708 mv:3825 misc:1011 imb:105 pmb:309 smb:1206 d:- ref:0 ;
in:2660 out:2657 type:P dur:2 cpbdur:2 q:42.21 aq:34.02 tex:15908 mv:5650 misc:1050 imb:532 pmb:208 smb:880 d:s ref:0 ;
in:2658 out:2658 type:B dur:2 cpbdur:2 q:42.19 aq:38.25 tex:4253 mv:4884 misc:1015 imb:136 pmb:351 smb:1133 d:s ref:0 ;
in:2657 out:2659 type:b dur:2 cpbdur:2 q:42.18 aq:35.13 tex:282 mv:695 misc:767 imb:14 pmb:207 smb:1399 d:s ref:0 ;
in:2659 out:2660 type:b dur:2 cpbdur:2 q:42.20 aq:39.34 tex:1243 mv:3427 misc:858 imb:47 pmb:307 smb:1266 d:- ref:0 ;
in:2663 out:2661 type:P dur:2 cpbdur:2 q:43.21 aq:36.64 tex:9126 mv:4760 misc:1138 imb:302 pmb:263 smb:1055 d:s ref:0 ;
in:2661 out:2662 type:B dur:2 cpbdur:2 q:43.18 aq:40.45 tex:2136 mv:2990 misc:898 imb:93 pmb:242 smb:1285 d:s ref:0 ;
in:2662 out:2663 type:b dur:2 cpbdur:2 q:43.19 aq:42.07 tex:1763 mv:2675 misc:770 imb:70 pmb:229 smb:1321 d:- ref:0 ;
in:2667 out:2664 type:P dur:2 cpbdur:2 q:42.90 aq:37.27 tex:10327 mv:4213 misc:1156 imb:270 pmb:246 smb:1104 d:s ref:0 ;
in:2665 out:2665 type:B dur:2 cpbdur:2 q:43.20 aq:39.83 tex:1435 mv:2696 misc:757 imb:32 pmb:238 smb:1350 d:s ref:0 ;
in:2664 out:2666 type:b dur:2 cpbdur:2 q:43.20 aq:35.31 tex:134 mv:330 misc:560 imb:7 pmb:126 smb:1487 d:s ref:0 ;
in:2666 out:2667 type:b dur:2 cpbdur:2 q:43.20 aq:43.44 tex:1442 mv:1955 misc:571 imb:23 pmb:177 smb:1420 d:- ref:0 ;
in:2669 out:2668 type:P dur:2 cpbdur:2 q:42.24 aq:36.69 tex:12114 mv:4243 misc:1075 imb:200 pmb:275 smb:1145 d:s ref:0 ;
in:2668 out:2669 type:b dur:2 cpbdur:2 q:42.89 aq:44.83 tex:1342 mv:1935 misc:507 imb:14 pmb:168 smb:1438 d:t ref:0 ;
in:2673 out:2670 type:P dur:2 cpbdur:2 q:42.02 aq:36.65 tex:15587 mv:4811 misc:1090 imb:185 pmb:320 smb:1115 d:s ref:0 ;
in:2671 out:2671 type:B dur:2 cpbdur:2 q:42.23 aq:41.74 tex:1521 mv:2421 misc:658 imb:22 pmb:206 smb:1392 d:s ref:0 ;
in:2670 out:2672 type:b dur:2 cpbdur:2 q:42.24 aq:31.87 tex:95 mv:408 misc:465 imb:2 pmb:96 smb:1522 d:s ref:0 ;
in:2672 out:2673 type:b dur:2 cpbdur:2 q:42.23 aq:42.97 tex:1700 mv:2072 misc:524 imb:9 pmb:162 smb:1449 d:- ref:0 ;
in:2675 out:2674 type:P dur:2 cpbdur:2 q:41.91 aq:34.11 tex:14776 mv:5350 misc:1154 imb:216 pmb:369 smb:1035 d:s ref:0 ;
in:2674 out:2675 type:b dur:2 cpbdur:2 q:42.02 aq:39.02 tex:866 mv:2267 misc:531 imb:15 pmb:174 smb:1431 d:t ref:0 ;
in:2679 out:2676 type:P dur:2 cpbdur:2 q:41.90 aq:35.10 tex:12439 mv:5301 misc:1060 imb:172 pmb:363 smb:1085 d:s ref:0 ;
in:2677 out:2677 type:B dur:2 cpbdur:2 q:41.91 aq:39.00 tex:1051 mv:2639 misc:582 imb:12 pmb:218 smb:1390 d:t ref:0 ;
in:2676 out:2678 type:b dur:2 cpbdur:2 q:41.91 aq:32.60 tex:110 mv:521 misc:529 imb:2 pmb:117 smb:1501 d:s ref:0 ;
in:2678 out:2679 type:b dur:2 cpbdur:2 q:41.91 aq:38.83 tex:604 mv:1896 misc:580 imb:4 pmb:158 smb:1458 d:- ref:0 ;
in:2683 out:2680 type:P dur:2 cpbdur:2 q:41.06 aq:31.85 tex:16045 mv:5819 misc:1184 imb:180 pmb:407 smb:1033 d:s ref:0 ;
in:2681 out:2681 type:B dur:2 cpbdur:2 q:41.89 aq:36.95 tex:1652 mv:2921 misc:707 imb:7 pmb:248 smb:1365 d:s ref:0 ;
in:2680 out:2682 type:b dur:2 cpbdur:2 q:41.89 aq:39.54 tex:655 mv:2090 misc:527 imb:6 pmb:148 smb:1466 d:s ref:0 ;
in:2682 out:2683 type:b dur:2 cpbdur:2 q:41.88 aq:33.84 tex:70 mv:158 misc:428 imb:0 pmb:74 smb:1546 d:- ref:0 ;
in:2684 out:2684 type:P dur:2 cpbdur:2 q:41.82 aq:33.52 tex:6581 mv:3364 misc:943 imb:61 pmb:306 smb:1253 d:s ref:0 ;
in:2685 out:2685 type:P dur:2 cpbdur:2 q:41.58 aq:34.09 tex:7609 mv:3427 misc:1004 imb:49 pmb:325 smb:1246 d:s ref:0 ;
in:2686 out:2686 type:P dur:2 cpbdur:2 q:41.33 aq:33.90 tex:9416 mv:3344 misc:976 imb:56 pmb:329 smb:1235 d:s ref:0 ;
in:2688 out:2687 type:P dur:2 cpbdur:2 q:41.02 aq:33.71 tex:7654 mv:3308 misc:1046 imb:56 pmb:334 smb:1230 d:s ref:0 ;
in:2687 out:2688 type:b dur:2 cpbdur:2 q:41.33 aq:26.00 tex:17 mv:124 misc:379 imb:0 pmb:65 smb:1555 d:s ref:0 ;
in:2692 out:2689 type:P dur:2 cpbdur:2 q:41.32 aq:33.13 tex:13900 mv:4490 misc:1186 imb:137 pmb:394 smb:1089 d:s ref:0 ;
in:2690 out:2690 type:B dur:2 cpbdur:2 q:41.32 aq:33.92 tex:1177 mv:2173 misc:690 imb:21 pmb:188 smb:1411 d:s ref:0 ;
in:2689 out:2691 type:b dur:2 cpbdur:2 q:41.31 aq:33.65 tex:587 mv:1457 misc:452 imb:14 pmb:107 smb:1499 d:s ref:0 ;
in:2691 out:2692 type:b dur:2 cpbdur:2 q:41.32 aq:34.57 tex:708 mv:1110 misc:462 imb:9 pmb:96 smb:1515 d:- ref:0 ;
in:2696 out:2693 type:P dur:2 cpbdur:2 q:41.08 aq:31.69 tex:8827 mv:3664 misc:1117 imb:134 pmb:331 smb:1155 d:s ref:0 ;
in:2694 out:2694 type:B dur:2 cpbdur:2 q:41.32 aq:34.19 tex:1566 mv:1552 misc:586 imb:21 pmb:131 smb:1468 d:t ref:0 ;
in:2693 out:2695 type:b dur:2 cpbdur:2 q:41.32 aq:34.99 tex:79 mv:118 misc:331 imb:1 pmb:49 smb:1570 d:s ref:0 ;
in:2695 out:2696 type:b dur:2 cpbdur:2 q:41.32 aq:38.57 tex:837 mv:876 misc:375 imb:7 pmb:89 smb:1524 d:- ref:0 ;
in:2699 out:2697 type:P dur:2 cpbdur:2 q:41.07 aq:33.93 tex:11038 mv:3570 misc:1120 imb:128 pmb:338 smb:1154 d:s ref:0 ;
in:2697 out:2698 type:B dur:2 cpbdur:2 q:41.08 aq:37.12 tex:915 mv:1338 misc:467 imb:15 pmb:115 smb:1490 d:s ref:0 ;
in:2698 out:2699 type:b dur:2 cpbdur:2 q:41.08 aq:41.90 tex:553 mv:1397 misc:410 imb:10 pmb:123 smb:1487 d:- ref:0 ;
in:2703 out:2700 type:P dur:2 cpbdur:2 q:40.91 aq:36.03 tex:11079 mv:3855 misc:1114 imb:110 pmb:362 smb:1148 d:s ref:0 ;
in:2701 out:2701 type:B dur:2 cpbdur:2 q:41.06 aq:40.95 tex:512 mv:1314 misc:438 imb:3 pmb:108 smb:1509 d:s ref:0 ;
in:2700 out:2702 type:b dur:2 cpbdur:2 q:41.07 aq:26.00 tex:19 mv:181 misc:336 imb:1 pmb:57 smb:1562 d:s ref:0 ;
in:2702 out:2703 type:b dur:2 cpbdur:2 q:41.06 aq:39.77 tex:438 mv:877 misc:325 imb:2 pmb:86 smb:1532 d:- ref:0 ;
in:2705 out:2704 type:P dur:2 cpbdur:2 q:41.42 aq:37.61 tex:8614 mv:2987 misc:1007 imb:80 pmb:297 smb:1243 d:s ref:0 ;
in:2704 out:2705 type:b dur:2 cpbdur:2 q:41.41 aq:39.85 tex:275 mv:827 misc:290 imb:4 pmb:60 smb:1556 d:t ref:0 ;
in:2709 out:2706 type:P dur:2 cpbdur:2 q:41.26 aq:37.33 tex:7162 mv:2807 misc:1071 imb:189 pmb:217 smb:1214 d:s ref:0 ;
in:2707 out:2707 type:B dur:2 cpbdur:2 q:41.42 aq:41.86 tex:616 mv:797 misc:339 imb:8 pmb:61 smb:1551 d:s ref:0 ;
in:2706 out:2708 type:b dur:2 cpbdur:2 q:41.42 aq:36.28 tex:75 mv:140 misc:249 imb:1 pmb:38 smb:1581 d:s ref:0 ;
in:2708 out:2709 type:b dur:2 cpbdur:2 q:41.41 aq:41.66 tex:351 mv:588 misc:277 imb:4 pmb:48 smb:1568 d:- ref:0 ;
in:2711 out:2710 type:P dur:2 cpbdur:2 q:40.44 aq:35.51 tex:8570 mv:2512 misc:910 imb:100 pmb:228 smb:1292 d:s ref:0 ;
in:2710 out:2711 type:b dur:2 cpbdur:2 q:41.24 aq:42.88 tex:302 mv:564 misc:262 imb:1 pmb:55 smb:1564 d:t ref:0 ;
in:2714 out:2712 type:P dur:2 cpbdur:2 q:40.44 aq:33.36 tex:11035 mv:3578 misc:1139 imb:333 pmb:209 smb:1078 d:s ref:0 ;
in:2712 out:2713 type:B dur:2 cpbdur:2 q:40.44 aq:33.23 tex:115 mv:560 misc:605 imb:9 pmb:136 smb:1475 d:s ref:0 ;
in:2713 out:2714 type:b dur:2 cpbdur:2 q:40.44 aq:39.91 tex:1116 mv:1804 misc:592 imb:38 pmb:166 smb:1416 d:- ref:0 ;
in:2717 out:2715 type:P dur:2 cpbdur:2 q:40.89 aq:35.28 tex:16443 mv:4438 misc:1031 imb:314 pmb:272 smb:1034 d:s ref:0 ;
in:2715 out:2716 type:B dur:2 cpbdur:2 q:40.88 aq:38.02 tex:1358 mv:3270 misc:1012 imb:38 pmb:357 smb:1225 d:s ref:0 ;
in:2716 out:2717 type:b dur:2 cpbdur:2 q:40.89 aq:38.15 tex:1085 mv:2819 misc:920 imb:31 pmb:306 smb:1283 d:- ref:0 ;
in:2721 out:2718 type:P dur:2 cpbdur:2 q:41.73 aq:36.55 tex:11578 mv:4893 misc:1121 imb:237 pmb:328 smb:1055 d:s ref:0 ;
in:2719 out:2719 type:B dur:2 cpbdur:2 q:41.72 aq:38.85 tex:1411 mv:3228 misc:897 imb:23 pmb:300 smb:1297 d:s ref:0 ;
in:2718 out:2720 type:b dur:2 cpbdur:2 q:41.71 aq:26.00 tex:30 mv:277 misc:597 imb:2 pmb:127 smb:1491 d:s ref:0 ;
in:2720 out:2721 type:b dur:2 cpbdur:2 q:41.73 aq:38.56 tex:1149 mv:2859 misc:768 imb:27 pmb:252 smb:1341 d:- ref:0 ;
in:2723 out:2722 type:P dur:2 cpbdur:2 q:41.86 aq:35.14 tex:11217 mv:5617 misc:1134 imb:243 pmb:386 smb:991 d:s ref:0 ;
in:2722 out:2723 type:b dur:2 cpbdur:2 q:41.85 aq:39.84 tex:1068 mv:2740 misc:768 imb:21 pmb:237 smb:1362 d:t ref:0 ;
in:2726 out:2724 type:P dur:2 cpbdur:2 q:41.82 aq:36.20 tex:10160 mv:5071 misc:1121 imb:200 pmb:376 smb:1044 d:s ref:0 ;
in:2724 out:2725 type:B dur:2 cpbdur:2 q:41.86 aq:26.00 tex:26 mv:210 misc:476 imb:2 pmb:80 smb:1538 d:s ref:0 ;
in:2725 out:2726 type:b dur:2 cpbdur:2 q:41.86 aq:40.66 tex:942 mv:2636 misc:710 imb:17 pmb:244 smb:1359 d:- ref:0 ;
in:2728 out:2727 type:P dur:2 cpbdur:2 q:41.78 aq:35.69 tex:11063 mv:5332 misc:1125 imb:196 pmb:376 smb:1048 d:s ref:0 ;
in:2727 out:2728 type:b dur:2 cpbdur:2 q:41.82 aq:39.74 tex:976 mv:2858 misc:742 imb:14 pmb:240 smb:1366 d:t ref:0 ;
in:2731 out:2729 type:P dur:2 cpbdur:2 q:41.56 aq:34.22 tex:10887 mv:5489 misc:984 imb:232 pmb:378 smb:1010 d:s ref:0 ;
in:2729 out:2730 type:B dur:2 cpbdur:2 q:41.77 aq:36.54 tex:2450 mv:3864 misc:862 imb:16 pmb:309 smb:1295 d:s ref:0 ;
in:2730 out:2731 type:b dur:2 cpbdur:2 q:41.77 aq:31.47 tex:88 mv:223 misc:377 imb:2 pmb:67 smb:1551 d:- ref:0 ;
in:2733 out:2732 type:P dur:2 cpbdur:2 q:41.63 aq:35.32 tex:11760 mv:5338 misc:1022 imb:187 pmb:379 smb:1054 d:s ref:0 ;
in:2732 out:2733 type:b dur:2 cpbdur:2 q:41.63 aq:38.12 tex:1960 mv:3019 misc:685 imb:28 pmb:238 smb:1354 d:t ref:0 ;
in:2735 out:2734 type:P dur:2 cpbdur:2 q:41.93 aq:36.19 tex:15717 mv:5385 misc:954 imb:199 pmb:376 smb:1045 d:s ref:0 ;
in:2734 out:2735 type:b dur:2 cpbdur:2 q:41.93 aq:37.91 tex:1981 mv:3153 misc:610 imb:30 pmb:229 smb:1361 d:t ref:0 ;
in:2738 out:2736 type:P dur:2 cpbdur:2 q:41.99 aq:37.89 tex:11230 mv:5745 misc:961 imb:188 pmb:418 smb:1014 d:s ref:0 ;
in:2736 out:2737 type:B dur:2 cpbdur:2 q:41.99 aq:33.73 tex:142 mv:341 misc:445 imb:2 pmb:98 smb:1520 d:s ref:0 ;
in:2737 out:2738 type:b dur:2 cpbdur:2 q:41.99 aq:37.79 tex:2106 mv:3566 misc:744 imb:43 pmb:251 smb:1326 d:- ref:0 ;
in:2739 out:2739 type:P dur:2 cpbdur:2 q:42.66 aq:38.11 tex:6020 mv:4405 misc:1015 imb:110 pmb:375 smb:1135 d:s ref:0 ;
in:2740 out:2740 type:P dur:2 cpbdur:2 q:42.76 aq:37.69 tex:6778 mv:4798 misc:1016 imb:122 pmb:421 smb:1077 d:s ref:0 ;
in:2742 out:2741 type:P dur:2 cpbdur:2 q:42.88 aq:37.34 tex:5967 mv:4663 misc:994 imb:122 pmb:398 smb:1100 d:s ref:0 ;
in:2741 out:2742 type:b dur:2 cpbdur:2 q:42.88 aq:36.05 tex:67 mv:193 misc:356 imb:1 pmb:79 smb:1540 d:s ref:0 ;
in:2743 out:2743 type:P dur:2 cpbdur:2 q:42.73 aq:37.64 tex:6518 mv:4788 misc:1038 imb:142 pmb:393 smb:1085 d:s ref:0 ;
in:2744 out:2744 type:P dur:2 cpbdur:2 q:42.93 aq:38.29 tex:5671 mv:4519 misc:962 imb:120 pmb:386 smb:1114 d:s ref:0 ;
in:2745 out:2745 type:P dur:2 cpbdur:2 q:42.51 aq:36.73 tex:7221 mv:5197 misc:1038 imb:186 pmb:424 smb:1010 d:s ref:0 ;
in:2747 out:2746 type:P dur:2 cpbdur:2 q:42.81 aq:37.93 tex:13130 mv:6790 misc:992 imb:269 pmb:424 smb:927 d:s ref:0 ;
in:2746 out:2747 type:b dur:2 cpbdur:2 q:42.80 aq:39.87 tex:1620 mv:4196 misc:760 imb:42 pmb:275 smb:1303 d:s ref:0 ;
in:2749 out:2748 type:P dur:2 cpbdur:2 q:42.98 aq:37.21 tex:6133 mv:5127 misc:1092 imb:208 pmb:375 smb:1037 d:s ref:0 ;
in:2748 out:2749 type:b dur:2 cpbdur:2 q:42.98 aq:35.32 tex:100 mv:325 misc:439 imb:1 pmb:99 smb:1520 d:s ref:0 ;
in:2750 out:2750 type:P dur:2 cpbdur:2 q:44.46 aq:37.04 tex:4327 mv:4771 misc:1046 imb:181 pmb:334 smb:1105 d:s ref:0 ;
in:2753 out:2751 type:P dur:2 cpbdur:2 q:44.66 aq:36.91 tex:9737 mv:5829 misc:1074 imb:401 pmb:280 smb:939 d:s ref:0 ;
in:2751 out:2752 type:B dur:2 cpbdur:2 q:44.65 aq:43.07 tex:1925 mv:4128 misc:859 imb:80 pmb:293 smb:1247 d:s ref:0 ;
in:2752 out:2753 type:b dur:2 cpbdur:2 q:44.65 aq:41.02 tex:1424 mv:3566 misc:706 imb:84 pmb:239 smb:1297 d:- ref:0 ;
in:2756 out:2754 type:P dur:2 cpbdur:2 q:45.48 aq:36.85 tex:5221 mv:3881 misc:994 imb:288 pmb:204 smb:1128 d:s ref:0 ;
in:2754 out:2755 type:B dur:2 cpbdur:2 q:45.46 aq:32.88 tex:120 mv:349 misc:643 imb:4 pmb:148 smb:1468 d:s ref:0 ;
in:2755 out:2756 type:b dur:2 cpbdur:2 q:45.47 aq:38.87 tex:1247 mv:2987 misc:678 imb:83 pmb:198 smb:1339 d:- ref:0 ;
in:2757 out:2757 type:P dur:2 cpbdur:2 q:46.18 aq:38.86 tex:2772 mv:2745 misc:931 imb:181 pmb:169 smb:1270 d:s ref:0 ;
in:2758 out:2758 type:P dur:2 cpbdur:2 q:47.56 aq:38.59 tex:2049 mv:2025 misc:870 imb:130 pmb:134 smb:1356 d:s ref:0 ;
in:2762 out:2759 type:P dur:2 cpbdur:2 q:47.05 aq:39.78 tex:2633 mv:3036 misc:979 imb:121 pmb:207 smb:1292 d:s ref:0 ;
in:2760 out:2760 type:B dur:2 cpbdur:2 q:47.55 aq:43.65 tex:381 mv:1381 misc:670 imb:17 pmb:135 smb:1468 d:t ref:0 ;
in:2759 out:2761 type:b dur:2 cpbdur:2 q:47.56 aq:32.00 tex:30 mv:314 misc:456 imb:6 pmb:69 smb:1545 d:s ref:0 ;
in:2761 out:2762 type:b dur:2 cpbdur:2 q:47.55 aq:34.78 tex:50 mv:677 misc:457 imb:1 pmb:72 smb:1547 d:- ref:0 ;
in:2765 out:2763 type:P dur:2 cpbdur:2 q:45.80 aq:39.57 tex:4828 mv:3623 misc:1045 imb:166 pmb:235 smb:1219 d:s ref:0 ;
in:2763 out:2764 type:B dur:2 cpbdur:2 q:47.04 aq:42.43 tex:343 mv:1212 misc:597 imb:4 pmb:120 smb:1496 d:t ref:0 ;
in:2764 out:2765 type:b dur:2 cpbdur:2 q:47.02 aq:39.26 tex:100 mv:1024 misc:508 imb:10 pmb:85 smb:1525 d:- ref:0 ;
in:2769 out:2766 type:P dur:2 cpbdur:2 q:45.78 aq:41.79 tex:5343 mv:3914 misc:1111 imb:215 pmb:215 smb:1190 d:s ref:0 ;
in:2767 out:2767 type:B dur:2 cpbdur:2 q:45.80 aq:42.65 tex:816 mv:2069 misc:819 imb:24 pmb:212 smb:1384 d:s ref:0 ;
in:2766 out:2768 type:b dur:2 cpbdur:2 q:45.80 aq:39.06 tex:76 mv:283 misc:481 imb:2 pmb:79 smb:1539 d:s ref:0 ;
in:2768 out:2769 type:b dur:2 cpbdur:2 q:45.80 aq:45.22 tex:221 mv:1587 misc:712 imb:10 pmb:159 smb:1451 d:- ref:0 ;
in:2770 out:2770 type:P dur:2 cpbdur:2 q:45.84 aq:42.18 tex:3377 mv:3239 misc:1104 imb:143 pmb:217 smb:1260 d:s ref:0 ;
in:2772 out:2771 type:P dur:2 cpbdur:2 q:46.62 aq:43.81 tex:2560 mv:3012 misc:1116 imb:146 pmb:199 smb:1275 d:s ref:0 ;
in:2771 out:2772 type:b dur:2 cpbdur:2 q:46.61 aq:46.81 tex:210 mv:279 misc:551 imb:4 pmb:123 smb:1493 d:s ref:0 ;
in:2773 out:2773 type:P dur:2 cpbdur:2 q:45.92 aq:40.71 tex:3062 mv:3461 misc:1181 imb:185 pmb:220 smb:1215 d:s ref:0 ;
in:2774 out:2774 type:P dur:2 cpbdur:2 q:45.67 aq:40.88 tex:3319 mv:3511 misc:1154 imb:171 pmb:234 smb:1215 d:s ref:0 ;
in:2778 out:2775 type:P dur:2 cpbdur:2 q:46.80 aq:42.47 tex:7019 mv:4159 misc:1230 imb:449 pmb:182 smb:989 d:s ref:0 ;
in:2776 out:2776 type:B dur:2 cpbdur:2 q:46.78 aq:43.22 tex:1440 mv:4215 misc:1249 imb:86 pmb:395 smb:1139 d:s ref:0 ;
in:2775 out:2777 type:b dur:2 cpbdur:2 q:46.77 aq:44.73 tex:975 mv:3263 misc:1050 imb:56 pmb:322 smb:1242 d:s ref:0 ;
in:2777 out:2778 type:b dur:2 cpbdur:2 q:46.79 aq:44.47 tex:437 mv:882 misc:921 imb:15 pmb:250 smb:1355 d:- ref:0 ;
in:2779 out:2779 type:P dur:2 cpbdur:2 q:47.36 aq:39.06 tex:2793 mv:3210 misc:1189 imb:193 pmb:195 smb:1232 d:s ref:0 ;
in:2782 out:2780 type:P dur:2 cpbdur:2 q:47.36 aq:42.36 tex:7404 mv:4504 misc:1148 imb:493 pmb:164 smb:963 d:s ref:0 ;
in:2780 out:2781 type:B dur:2 cpbdur:2 q:47.36 aq:44.35 tex:1741 mv:4087 misc:1180 imb:69 pmb:356 smb:1195 d:s ref:0 ;
in:2781 out:2782 type:b dur:2 cpbdur:2 q:47.36 aq:44.74 tex:1610 mv:3311 misc:1087 imb:78 pmb:322 smb:1220 d:- ref:0 ;
in:2786 out:2783 type:P dur:2 cpbdur:2 q:48.79 aq:45.59 tex:8289 mv:4699 misc:1108 imb:533 pmb:167 smb:920 d:s ref:0 ;
in:2784 out:2784 type:B dur:2 cpbdur:2 q:48.77 aq:46.30 tex:2448 mv:4330 misc:1198 imb:76 pmb:427 smb:1117 d:s ref:0 ;
in:2783 out:2785 type:b dur:2 cpbdur:2 q:48.76 aq:45.15 tex:436 mv:510 misc:838 imb:15 pmb:192 smb:1413 d:s ref:0 ;
in:2785 out:2786 type:b dur:2 cpbdur:2 q:48.78 aq:46.37 tex:1593 mv:3379 misc:1116 imb:58 pmb:341 smb:1221 d:- ref:0 ;
in:2789 out:2787 type:P dur:2 cpbdur:2 q:48.08 aq:43.13 tex:10860 mv:5644 misc:1016 imb:688 pmb:186 smb:746 d:s ref:0 ;
in:2787 out:2788 type:B dur:2 cpbdur:2 q:48.79 aq:46.11 tex:2439 mv:4183 misc:1242 imb:96 pmb:407 smb:1117 d:s ref:0 ;
in:2788 out:2789 type:b dur:2 cpbdur:2 q:48.78 aq:46.74 tex:2554 mv:3623 misc:1183 imb:82 pmb:385 smb:1153 d:- ref:0 ;
in:2790 out:2790 type:P dur:2 cpbdur:2 q:48.67 aq:45.53 tex:130 mv:31 misc:247 imb:0 pmb:10 smb:1610 d:s ref:0 ;
in:2792 out:2791 type:P dur:2 cpbdur:2 q:48.66 aq:46.39 tex:6970 mv:4655 misc:1191 imb:534 pmb:173 smb:913 d:s ref:0 ;
in:2791 out:2792 type:b dur:2 cpbdur:2 q:48.67 aq:45.70 tex:2342 mv:3978 misc:1184 imb:111 pmb:351 smb:1158 d:s ref:0 ;
in:2793 out:2793 type:P dur:2 cpbdur:2 q:47.75 aq:44.68 tex:7040 mv:4671 misc:1113 imb:563 pmb:179 smb:878 d:s ref:0 ;
in:2794 out:2794 type:P dur:2 cpbdur:2 q:48.39 aq:43.78 tex:6756 mv:4449 misc:1155 imb:463 pmb:178 smb:979 d:s ref:0 ;
in:2795 out:2795 type:I dur:2 cpbdur:2 q:45.59 aq:38.58 tex:23782 mv:9816 misc:138 imb:1620 pmb:0 smb:0 d:s ref:;
in:2799 out:2796 type:P dur:2 cpbdur:2 q:48.90 aq:43.29 tex:9588 mv:5749 misc:1023 imb:801 pmb:248 smb:571 d:s ref:0 ;
in:2797 out:2797 type:B dur:2 cpbdur:2 q:48.90 aq:46.25 tex:3619 mv:5093 misc:1256 imb:183 pmb:393 smb:1044 d:s ref:0 ;
in:2796 out:2798 type:b dur:2 cpbdur:2 q:48.90 aq:45.49 tex:302 mv:252 misc:910 imb:0 pmb:249 smb:1371 d:s ref:0 ;
in:2798 out:2799 type:b dur:2 cpbdur:2 q:48.90 aq:47.15 tex:3590 mv:4409 misc:1169 imb:172 pmb:379 smb:1069 d:- ref:0 ;
in:2803 out:2800 type:P dur:2 cpbdur:2 q:49.73 aq:44.65 tex:8948 mv:5542 misc:1070 imb:588 pmb:208 smb:824 d:s ref:0 ;
in:2801 out:2801 type:B dur:2 cpbdur:2 q:49.72 aq:46.77 tex:3332 mv:4136 misc:1236 imb:96 pmb:410 smb:1114 d:s ref:0 ;
in:2800 out:2802 type:b dur:2 cpbdur:2 q:49.71 aq:46.67 tex:2184 mv:2985 misc:1087 imb:57 pmb:300 smb:1263 d:s ref:0 ;
in:2802 out:2803 type:b dur:2 cpbdur:2 q:49.72 aq:47.31 tex:461 mv:607 misc:868 imb:12 pmb:182 smb:1426 d:- ref:0 ;
in:2807 out:2804 type:P dur:2 cpbdur:2 q:49.22 aq:45.25 tex:11668 mv:6136 misc:1076 imb:589 pmb:231 smb:800 d:s ref:0 ;
in:2805 out:2805 type:B dur:2 cpbdur:2 q:49.72 aq:47.51 tex:4526 mv:5255 misc:1219 imb:107 pmb:472 smb:1041 d:s ref:0 ;
in:2804 out:2806 type:b dur:2 cpbdur:2 q:49.72 aq:48.90 tex:2591 mv:3470 misc:1147 imb:45 pmb:361 smb:1214 d:s ref:0 ;
in:2806 out:2807 type:b dur:2 cpbdur:2 q:49.72 aq:48.65 tex:2584 mv:3384 misc:1104 imb:42 pmb:355 smb:1223 d:- ref:0 ;
in:2811 out:2808 type:P dur:2 cpbdur:2 q:48.87 aq:45.58 tex:11063 mv:5834 misc:1039 imb:533 pmb:250 smb:837 d:s ref:0 ;
in:2809 out:2809 type:B dur:2 cpbdur:2 q:49.22 aq:48.39 tex:3625 mv:4150 misc:1153 imb:66 pmb:436 smb:1118 d:s ref:0 ;
in:2808 out:2810 type:b dur:2 cpbdur:2 q:49.22 aq:46.27 tex:443 mv:466 misc:819 imb:6 pmb:186 smb:1428 d:s ref:0 ;
in:2810 out:2811 type:b dur:2 cpbdur:2 q:49.21 aq:48.62 tex:2472 mv:3097 misc:1039 imb:37 pmb:335 smb:1248 d:- ref:0 ;
in:2813 out:2812 type:P dur:2 cpbdur:2 q:48.19 aq:44.54 tex:10595 mv:5799 misc:1110 imb:453 pmb:275 smb:892 d:s ref:0 ;
in:2812 out:2813 type:b dur:2 cpbdur:2 q:48.86 aq:47.23 tex:2545 mv:2391 misc:1000 imb:27 pmb:320 smb:1273 d:t ref:0 ;
in:2817 out:2814 type:P dur:2 cpbdur:2 q:48.26 aq:44.81 tex:10018 mv:5674 misc:1052 imb:499 pmb:229 smb:892 d:s ref:0 ;
in:2815 out:2815 type:B dur:2 cpbdur:2 q:48.25 aq:46.38 tex:3230 mv:3314 misc:1072 imb:64 pmb:365 smb:1191 d:s ref:0 ;
in:2814 out:2816 type:b dur:2 cpbdur:2 q:48.25 aq:46.31 tex:317 mv:345 misc:770 imb:5 pmb:162 smb:1453 d:s ref:0 ;
in:2816 out:2817 type:b dur:2 cpbdur:2 q:48.26 aq:48.09 tex:2308 mv:2465 misc:1011 imb:35 pmb:298 smb:1287 d:- ref:0 ;
in:2819 out:2818 type:P dur:2 cpbdur:2 q:47.19 aq:42.40 tex:12120 mv:6039 misc:1081 imb:474 pmb:298 smb:848 d:s ref:0 ;
in:2818 out:2819 type:b dur:2 cpbdur:2 q:48.24 aq:45.49 tex:1812 mv:2021 misc:935 imb:20 pmb:259 smb:1341 d:t ref:0 ;
in:2823 out:2820 type:P dur:2 cpbdur:2 q:47.01 aq:43.92 tex:10771 mv:5723 misc:1066 imb:524 pmb:261 smb:835 d:s ref:0 ;
in:2821 out:2821 type:B dur:2 cpbdur:2 q:47.18 aq:46.29 tex:2968 mv:3254 misc:1114 imb:51 pmb:383 smb:1186 d:t ref:0 ;
in:2820 out:2822 type:b dur:2 cpbdur:2 q:47.19 aq:46.24 tex:530 mv:259 misc:715 imb:1 pmb:154 smb:1465 d:s ref:0 ;
in:2822 out:2823 type:b dur:2 cpbdur:2 q:47.18 aq:46.31 tex:1969 mv:2050 misc:933 imb:44 pmb:249 smb:1327 d:- ref:0 ;
in:2825 out:2824 type:P dur:2 cpbdur:2 q:46.70 aq:41.68 tex:10648 mv:6195 misc:1157 imb:438 pmb:328 smb:854 d:s ref:0 ;
in:2824 out:2825 type:b dur:2 cpbdur:2 q:47.00 aq:46.29 tex:1655 mv:2041 misc:896 imb:28 pmb:262 smb:1330 d:t ref:0 ;
in:2829 out:2826 type:P dur:2 cpbdur:2 q:46.22 aq:42.91 tex:11334 mv:6579 misc:1007 imb:559 pmb:308 smb:753 d:s ref:0 ;
in:2827 out:2827 type:B dur:2 cpbdur:2 q:46.69 aq:44.59 tex:2652 mv:2900 misc:1048 imb:61 pmb:322 smb:1237 d:s ref:0 ;
in:2826 out:2828 type:b dur:2 cpbdur:2 q:46.69 aq:45.37 tex:404 mv:189 misc:679 imb:1 pmb:139 smb:1480 d:s ref:0 ;
in:2828 out:2829 type:b dur:2 cpbdur:2 q:46.69 aq:45.52 tex:1693 mv:1571 misc:832 imb:28 pmb:214 smb:1378 d:- ref:0 ;
in:2831 out:2830 type:P dur:2 cpbdur:2 q:46.54 aq:42.77 tex:9204 mv:5834 misc:1066 imb:468 pmb:300 smb:852 d:s ref:0 ;
in:2830 out:2831 type:b dur:2 cpbdur:2 q:46.54 aq:46.15 tex:1656 mv:1852 misc:868 imb:28 pmb:224 smb:1368 d:t ref:0 ;
in:2835 out:2832 type:P dur:2 cpbdur:2 q:45.98 aq:42.69 tex:11095 mv:6347 misc:1038 imb:582 pmb:298 smb:740 d:s ref:0 ;
in:2833 out:2833 type:B dur:2 cpbdur:2 q:46.53 aq:43.05 tex:2414 mv:2698 misc:1064 imb:66 pmb:282 smb:1272 d:s ref:0 ;
in:2832 out:2834 type:b dur:2 cpbdur:2 q:46.54 aq:44.53 tex:308 mv:183 misc:589 imb:2 pmb:108 smb:1510 d:s ref:0 ;
in:2834 out:2835 type:b dur:2 cpbdur:2 q:46.53 aq:45.14 tex:1726 mv:1706 misc:880 imb:58 pmb:179 smb:1383 d:- ref:0 ;
in:2837 out:2836 type:P dur:2 cpbdur:2 q:45.77 aq:42.04 tex:10186 mv:6406 misc:1104 imb:475 pmb:365 smb:780 d:s ref:0 ;
in:2836 out:2837 type:b dur:2 cpbdur:2 q:45.98 aq:44.89 tex:1275 mv:1678 misc:871 imb:43 pmb:178 smb:1399 d:s ref:0 ;
in:2841 out:2838 type:P dur:2 cpbdur:2 q:45.37 aq:43.06 tex:12409 mv:6615 misc:808 imb:652 pmb:312 smb:656 d:s ref:0 ;
in:2839 out:2839 type:B dur:2 cpbdur:2 q:45.76 aq:44.20 tex:2592 mv:3121 misc:1103 imb:92 pmb:301 smb:1227 d:s ref:0 ;
in:2838 out:2840 type:b dur:2 cpbdur:2 q:45.76 aq:44.97 tex:216 mv:160 misc:432 imb:2 pmb:78 smb:1540 d:s ref:0 ;
in:2840 out:2841 type:b dur:2 cpbdur:2 q:45.76 aq:44.91 tex:1758 mv:1740 misc:798 imb:52 pmb:185 smb:1383 d:- ref:0 ;
in:2843 out:2842 type:P dur:2 cpbdur:2 q:45.94 aq:42.67 tex:11452 mv:6094 misc:862 imb:651 pmb:269 smb:700 d:s ref:0 ;
in:2842 out:2843 type:b dur:2 cpbdur:2 q:45.94 aq:43.70 tex:1102 mv:1347 misc:679 imb:29 pmb:137 smb:1454 d:t ref:0 ;
in:2847 out:2844 type:P dur:2 cpbdur:2 q:45.86 aq:38.59 tex:30358 mv:7115 misc:527 imb:964 pmb:158 smb:498 d:s ref:0 ;
in:2845 out:2845 type:B dur:2 cpbdur:2 q:46.13 aq:45.40 tex:4875 mv:4372 misc:1137 imb:137 pmb:434 smb:1049 d:s ref:0 ;
in:2844 out:2846 type:b dur:2 cpbdur:2 q:46.14 aq:46.73 tex:371 mv:374 misc:455 imb:7 pmb:117 smb:1496 d:s ref:0 ;
in:2846 out:2847 type:b dur:2 cpbdur:2 q:46.14 aq:45.42 tex:1281 mv:1754 misc:829 imb:16 pmb:210 smb:1394 d:- ref:0 ;
in:2849 out:2848 type:P dur:2 cpbdur:2 q:45.46 aq:35.92 tex:11802 mv:5294 misc:1096 imb:310 pmb:325 smb:985 d:s ref:0 ;
in:2848 out:2849 type:b dur:2 cpbdur:2 q:46.02 aq:44.63 tex:633 mv:956 misc:571 imb:4 pmb:125 smb:1491 d:s ref:0 ;
in:2853 out:2850 type:P dur:2 cpbdur:2 q:45.24 aq:39.31 tex:9959 mv:4667 misc:1038 imb:285 pmb:324 smb:1011 d:s ref:0 ;
in:2851 out:2851 type:B dur:2 cpbdur:2 q:45.46 aq:43.26 tex:828 mv:1572 misc:704 imb:15 pmb:164 smb:1441 d:s ref:0 ;
in:2850 out:2852 type:b dur:2 cpbdur:2 q:45.46 aq:37.95 tex:79 mv:174 misc:419 imb:1 pmb:64 smb:1555 d:s ref:0 ;
in:2852 out:2853 type:b dur:2 cpbdur:2 q:45.46 aq:41.89 tex:446 mv:1036 misc:534 imb:10 pmb:120 smb:1490 d:- ref:0 ;
in:2855 out:2854 type:P dur:2 cpbdur:2 q:43.86 aq:35.03 tex:10999 mv:4462 misc:1195 imb:221 pmb:358 smb:1041 d:s ref:0 ;
in:2854 out:2855 type:b dur:2 cpbdur:2 q:45.22 aq:41.40 tex:323 mv:717 misc:408 imb:6 pmb:81 smb:1533 d:t ref:0 ;
in:2859 out:2856 type:P dur:2 cpbdur:2 q:43.62 aq:37.30 tex:10617 mv:4249 misc:1070 imb:281 pmb:300 smb:1039 d:s ref:0 ;
in:2857 out:2857 type:B dur:2 cpbdur:2 q:43.85 aq:42.68 tex:869 mv:1397 misc:582 imb:23 pmb:124 smb:1473 d:s ref:0 ;
in:2856 out:2858 type:b dur:2 cpbdur:2 q:43.85 aq:29.00 tex:8 mv:77 misc:299 imb:0 pmb:37 smb:1583 d:s ref:0 ;
in:2858 out:2859 type:b dur:2 cpbdur:2 q:43.85 aq:40.97 tex:538 mv:1007 misc:439 imb:11 pmb:98 smb:1511 d:- ref:0 ;
in:2861 out:2860 type:P dur:2 cpbdur:2 q:42.93 aq:34.73 tex:11316 mv:4809 misc:1155 imb:248 pmb:337 smb:1035 d:s ref:0 ;
in:2860 out:2861 type:b dur:2 cpbdur:2 q:43.61 aq:43.48 tex:585 mv:1210 misc:453 imb:2 pmb:119 smb:1499 d:t ref:0 ;
in:2865 out:2862 type:P dur:2 cpbdur:2 q:42.70 aq:34.01 tex:9365 mv:4344 misc:1099 imb:167 pmb:320 smb:1133 d:s ref:0 ;
in:2863 out:2863 type:B dur:2 cpbdur:2 q:42.93 aq:40.48 tex:1118 mv:1648 misc:562 imb:5 pmb:152 smb:1463 d:s ref:0 ;
in:2862 out:2864 type:b dur:2 cpbdur:2 q:42.93 aq:38.38 tex:113 mv:221 misc:442 imb:2 pmb:77 smb:1541 d:s ref:0 ;
in:2864 out:2865 type:b dur:2 cpbdur:2 q:42.93 aq:41.26 tex:522 mv:1196 misc:442 imb:5 pmb:103 smb:1512 d:- ref:0 ;
in:2867 out:2866 type:P dur:2 cpbdur:2 q:42.53 aq:33.36 tex:9638 mv:4096 misc:1050 imb:223 pmb:331 smb:1066 d:s ref:0 ;
in:2866 out:2867 type:b dur:2 cpbdur:2 q:42.69 aq:39.39 tex:353 mv:1262 misc:441 imb:1 pmb:100 smb:1519 d:t ref:0 ;
in:2871 out:2868 type:P dur:2 cpbdur:2 q:42.71 aq:36.60 tex:9043 mv:4096 misc:933 imb:125 pmb:321 smb:1174 d:s ref:0 ;
in:2869 out:2869 type:B dur:2 cpbdur:2 q:42.71 aq:35.78 tex:915 mv:2037 misc:560 imb:13 pmb:153 smb:1454 d:s ref:0 ;
in:2868 out:2870 type:b dur:2 cpbdur:2 q:42.71 aq:28.00 tex:16 mv:209 misc:399 imb:0 pmb:84 smb:1536 d:s ref:0 ;
in:2870 out:2871 type:b dur:2 cpbdur:2 q:42.71 aq:44.22 tex:553 mv:1542 misc:505 imb:7 pmb:132 smb:1481 d:- ref:0 ;
in:2873 out:2872 type:P dur:2 cpbdur:2 q:42.79 aq:36.54 tex:8981 mv:3870 misc:981 imb:127 pmb:320 smb:1173 d:s ref:0 ;
in:2872 out:2873 type:b dur:2 cpbdur:2 q:42.79 aq:41.51 tex:612 mv:1760 misc:500 imb:6 pmb:147 smb:1467 d:t ref:0 ;
in:2877 out:2874 type:P dur:2 cpbdur:2 q:42.72 aq:36.08 tex:11655 mv:4767 misc:898 imb:176 pmb:333 smb:1111 d:s ref:0 ;
in:2875 out:2875 type:B dur:2 cpbdur:2 q:42.79 aq:40.35 tex:1507 mv:2892 misc:673 imb:16 pmb:227 smb:1377 d:s ref:0 ;
in:2874 out:2876 type:b dur:2 cpbdur:2 q:42.79 aq:28.38 tex:35 mv:383 misc:438 imb:4 pmb:103 smb:1513 d:s ref:0 ;
in:2876 out:2877 type:b dur:2 cpbdur:2 q:42.79 aq:39.58 tex:870 mv:2139 misc:623 imb:8 pmb:189 smb:1423 d:- ref:0 ;
in:2879 out:2878 type:P dur:2 cpbdur:2 q:43.09 aq:36.00 tex:9293 mv:4608 misc:891 imb:127 pmb:363 smb:1130 d:s ref:0 ;
in:2878 out:2879 type:b dur:2 cpbdur:2 q:43.08 aq:40.71 tex:610 mv:1860 misc:554 imb:8 pmb:156 smb:1456 d:t ref:0 ;
in:2882 out:2880 type:P dur:2 cpbdur:2 q:43.28 aq:37.17 tex:7754 mv:4539 misc:867 imb:129 pmb:350 smb:1141 d:s ref:0 ;
in:2880 out:2881 type:B dur:2 cpbdur:2 q:43.27 aq:29.14 tex:33 mv:274 misc:541 imb:2 pmb:118 smb:1500 d:s ref:0 ;
in:2881 out:2882 type:b dur:2 cpbdur:2 q:43.28 aq:35.31 tex:647 mv:2084 misc:613 imb:7 pmb:180 smb:1433 d:- ref:0 ;
in:2884 out:2883 type:P dur:2 cpbdur:2 q:43.12 aq:37.07 tex:8998 mv:4944 misc:890 imb:150 pmb:363 smb:1107 d:s ref:0 ;
in:2883 out:2884 type:b dur:2 cpbdur:2 q:43.28 aq:41.78 tex:1109 mv:2284 misc:663 imb:14 pmb:194 smb:1412 d:t ref:0 ;
in:2886 out:2885 type:P dur:2 cpbdur:2 q:43.39 aq:36.78 tex:4947 mv:3630 misc:839 imb:96 pmb:316 smb:1208 d:s ref:0 ;
in:2885 out:2886 type:b dur:2 cpbdur:2 q:43.39 aq:42.29 tex:143 mv:249 misc:472 imb:0 pmb:106 smb:1514 d:s ref:0 ;
in:2888 out:2887 type:P dur:2 cpbdur:2 q:43.66 aq:39.01 tex:8437 mv:5016 misc:875 imb:206 pmb:328 smb:1086 d:s ref:0 ;
in:2887 out:2888 type:b dur:2 cpbdur:2 q:43.66 aq:39.77 tex:1208 mv:2801 misc:671 imb:26 pmb:212 smb:1382 d:t ref:0 ;
in:2889 out:2889 type:P dur:2 cpbdur:2 q:43.59 aq:38.54 tex:6088 mv:4246 misc:866 imb:125 pmb:335 smb:1160 d:s ref:0 ;
in:2890 out:2890 type:P dur:2 cpbdur:2 q:43.88 aq:38.67 tex:6554 mv:4482 misc:892 imb:132 pmb:341 smb:1147 d:s ref:0 ;
in:2892 out:2891 type:P dur:2 cpbdur:2 q:43.92 aq:38.91 tex:6118 mv:4320 misc:866 imb:179 pmb:308 smb:1133 d:s ref:0 ;
in:2891 out:2892 type:b dur:2 cpbdur:2 q:43.92 aq:41.69 tex:206 mv:315 misc:455 imb:5 pmb:104 smb:1511 d:s ref:0 ;
in:2893 out:2893 type:P dur:2 cpbdur:2 q:44.17 aq:38.48 tex:5021 mv:4535 misc:908 imb:213 pmb:303 smb:1104 d:s ref:0 ;
in:2894 out:2894 type:P dur:2 cpbdur:2 q:44.37 aq:37.50 tex:4240 mv:4368 misc:888 imb:188 pmb:300 smb:1132 d:s ref:0 ;
in:2898 out:2895 type:P dur:2 cpbdur:2 q:44.71 aq:41.26 tex:15938 mv:4826 misc:708 imb:551 pmb:129 smb:940 d:s ref:0 ;
in:2896 out:2896 type:B dur:2 cpbdur:2 q:44.71 aq:39.18 tex:3240 mv:4283 misc:909 imb:88 pmb:320 smb:1212 d:s ref:0 ;
in:2895 out:2897 type:b dur:2 cpbdur:2 q:44.71 aq:42.49 tex:2579 mv:4549 misc:800 imb:83 pmb:298 smb:1239 d:s ref:0 ;
in:2897 out:2898 type:b dur:2 cpbdur:2 q:44.71 aq:41.62 tex:247 mv:327 misc:466 imb:7 pmb:102 smb:1511 d:- ref:0 ;
in:2899 out:2899 type:P dur:2 cpbdur:2 q:46.35 aq:42.27 tex:5082 mv:4628 misc:874 imb:248 pmb:246 smb:1126 d:s ref:0 ;
in:2901 out:2900 type:P dur:2 cpbdur:2 q:46.72 aq:40.47 tex:10321 mv:5440 misc:775 imb:593 pmb:162 smb:865 d:s ref:0 ;
in:2900 out:2901 type:b dur:2 cpbdur:2 q:46.72 aq:42.88 tex:2210 mv:4163 misc:875 imb:96 pmb:278 smb:1246 d:s ref:0 ;
in:2903 out:2902 type:P dur:2 cpbdur:2 q:47.01 aq:40.64 tex:9332 mv:5187 misc:801 imb:536 pmb:162 smb:922 d:s ref:0 ;
in:2902 out:2903 type:b dur:2 cpbdur:2 q:47.01 aq:45.18 tex:1601 mv:3750 misc:881 imb:84 pmb:296 smb:1240 d:s ref:0 ;
in:2906 out:2904 type:P dur:2 cpbdur:2 q:47.75 aq:42.15 tex:6105 mv:4052 misc:811 imb:496 pmb:124 smb:1000 d:s ref:0 ;
in:2904 out:2905 type:B dur:2 cpbdur:2 q:47.73 aq:40.92 tex:110 mv:235 misc:751 imb:4 pmb:167 smb:1449 d:s ref:0 ;
in:2905 out:2906 type:b dur:2 cpbdur:2 q:47.74 aq:46.92 tex:1657 mv:3495 misc:848 imb:103 pmb:239 smb:1278 d:- ref:0 ;
in:2908 out:2907 type:P dur:2 cpbdur:2 q:48.38 aq:41.61 tex:6552 mv:3205 misc:891 imb:417 pmb:109 smb:1094 d:s ref:0 ;
in:2907 out:2908 type:b dur:2 cpbdur:2 q:48.37 aq:44.15 tex:1622 mv:2802 misc:848 imb:96 pmb:211 smb:1313 d:s ref:0 ;
in:2912 out:2909 type:P dur:2 cpbdur:2 q:48.82 aq:41.81 tex:5360 mv:2565 misc:939 imb:303 pmb:107 smb:1210 d:s ref:0 ;
in:2910 out:2910 type:B dur:2 cpbdur:2 q:48.81 aq:44.65 tex:1201 mv:1707 misc:716 imb:33 pmb:199 smb:1388 d:s ref:0 ;
in:2909 out:2911 type:b dur:2 cpbdur:2 q:48.81 aq:41.79 tex:217 mv:364 misc:619 imb:5 pmb:121 smb:1494 d:s ref:0 ;
in:2911 out:2912 type:b dur:2 cpbdur:2 q:48.82 aq:46.60 tex:937 mv:1215 misc:544 imb:23 pmb:112 smb:1485 d:- ref:0 ;
in:2915 out:2913 type:P dur:2 cpbdur:2 q:47.36 aq:42.66 tex:7897 mv:2364 misc:1051 imb:246 pmb:126 smb:1248 d:s ref:0 ;
in:2913 out:2914 type:B dur:2 cpbdur:2 q:48.80 aq:46.24 tex:1236 mv:1340 misc:504 imb:43 pmb:105 smb:1472 d:s ref:0 ;
in:2914 out:2915 type:b dur:2 cpbdur:2 q:48.79 aq:46.10 tex:879 mv:1204 misc:485 imb:28 pmb:99 smb:1493 d:- ref:0 ;
in:2919 out:2916 type:P dur:2 cpbdur:2 q:46.93 aq:42.48 tex:8565 mv:2833 misc:978 imb:299 pmb:142 smb:1179 d:s ref:0 ;
in:2917 out:2917 type:B dur:2 cpbdur:2 q:47.35 aq:43.64 tex:1502 mv:2071 misc:715 imb:48 pmb:176 smb:1396 d:s ref:0 ;
in:2916 out:2918 type:b dur:2 cpbdur:2 q:47.36 aq:34.87 tex:127 mv:238 misc:451 imb:7 pmb:84 smb:1529 d:s ref:0 ;
in:2918 out:2919 type:b dur:2 cpbdur:2 q:47.35 aq:45.60 tex:1153 mv:1789 misc:618 imb:35 pmb:164 smb:1421 d:- ref:0 ;
in:2921 out:2920 type:P dur:2 cpbdur:2 q:46.07 aq:41.04 tex:10714 mv:4264 misc:1174 imb:275 pmb:244 smb:1101 d:s ref:0 ;
in:2920 out:2921 type:b dur:2 cpbdur:2 q:46.92 aq:45.54 tex:972 mv:1735 misc:693 imb:16 pmb:202 smb:1402 d:t ref:0 ;
in:2922 out:2922 type:P dur:2 cpbdur:2 q:46.09 aq:39.79 tex:434 mv:161 misc:349 imb:8 pmb:21 smb:1591 d:s ref:0 ;
in:2925 out:2923 type:P dur:2 cpbdur:2 q:46.35 aq:42.04 tex:9872 mv:3830 misc:1098 imb:307 pmb:201 smb:1112 d:s ref:0 ;
in:2923 out:2924 type:B dur:2 cpbdur:2 q:46.34 aq:43.07 tex:1179 mv:2269 misc:784 imb:31 pmb:212 smb:1377 d:s ref:0 ;
in:2924 out:2925 type:b dur:2 cpbdur:2 q:46.34 aq:46.83 tex:1052 mv:2028 misc:680 imb:25 pmb:181 smb:1414 d:- ref:0 ;
in:2927 out:2926 type:P dur:2 cpbdur:2 q:44.98 aq:38.70 tex:13858 mv:4847 misc:1199 imb:287 pmb:313 smb:1020 d:s ref:0 ;
in:2926 out:2927 type:b dur:2 cpbdur:2 q:46.32 aq:43.58 tex:900 mv:2137 misc:731 imb:24 pmb:212 smb:1384 d:t ref:0 ;
in:2931 out:2928 type:P dur:2 cpbdur:2 q:45.03 aq:41.52 tex:13226 mv:5249 misc:1165 imb:368 pmb:280 smb:972 d:s ref:0 ;
in:2929 out:2929 type:B dur:2 cpbdur:2 q:45.03 aq:42.40 tex:2000 mv:3259 misc:949 imb:48 pmb:291 smb:1281 d:s ref:0 ;
in:2928 out:2930 type:b dur:2 cpbdur:2 q:45.03 aq:43.54 tex:199 mv:310 misc:643 imb:2 pmb:133 smb:1485 d:s ref:0 ;
in:2930 out:2931 type:b dur:2 cpbdur:2 q:45.03 aq:44.49 tex:1476 mv:3172 misc:808 imb:37 pmb:263 smb:1320 d:- ref:0 ;
in:2933 out:2932 type:P dur:2 cpbdur:2 q:45.86 aq:42.08 tex:12687 mv:5118 misc:1075 imb:371 pmb:261 smb:988 d:s ref:0 ;
in:2932 out:2933 type:b dur:2 cpbdur:2 q:45.84 aq:44.26 tex:1904 mv:3319 misc:929 imb:54 pmb:298 smb:1268 d:s ref:0 ;
in:2937 out:2934 type:P dur:2 cpbdur:2 q:46.08 aq:43.28 tex:11419 mv:4671 misc:1046 imb:440 pmb:197 smb:983 d:s ref:0 ;
in:2935 out:2935 type:B dur:2 cpbdur:2 q:46.07 aq:46.04 tex:2276 mv:3818 misc:946 imb:102 pmb:289 smb:1229 d:s ref:0 ;
in:2934 out:2936 type:b dur:2 cpbdur:2 q:46.07 aq:45.13 tex:108 mv:283 misc:649 imb:1 pmb:131 smb:1488 d:s ref:0 ;
in:2936 out:2937 type:b dur:2 cpbdur:2 q:46.07 aq:44.99 tex:2086 mv:3383 misc:835 imb:77 pmb:271 smb:1272 d:- ref:0 ;
in:2939 out:2938 type:P dur:2 cpbdur:2 q:45.61 aq:42.66 tex:14193 mv:5569 misc:1062 imb:499 pmb:230 smb:891 d:s ref:0 w:7,125,0,6,64,0,61,6 ;
in:2938 out:2939 type:b dur:2 cpbdur:2 q:46.07 aq:43.51 tex:2848 mv:3913 misc:927 imb:136 pmb:274 smb:1210 d:s ref:0 ;
in:2943 out:2940 type:P dur:2 cpbdur:2 q:46.01 aq:43.83 tex:12757 mv:5567 misc:1036 imb:666 pmb:187 smb:767 d:s ref:0 ;
in:2941 out:2941 type:B dur:2 cpbdur:2 q:46.00 aq:44.15 tex:3744 mv:4945 misc:1143 imb:198 pmb:358 smb:1064 d:s ref:0 ;
in:2940 out:2942 type:b dur:2 cpbdur:2 q:46.00 aq:37.04 tex:174 mv:421 misc:749 imb:12 pmb:172 smb:1436 d:s ref:0 ;
in:2942 out:2943 type:b dur:2 cpbdur:2 q:46.01 aq:45.12 tex:3432 mv:4125 misc:987 imb:154 pmb:307 smb:1159 d:- ref:0 ;
in:2945 out:2944 type:P dur:2 cpbdur:2 q:46.19 aq:42.17 tex:12889 mv:5534 misc:865 imb:637 pmb:154 smb:829 d:s ref:0 ;
in:2944 out:2945 type:b dur:2 cpbdur:2 q:46.19 aq:45.65 tex:3719 mv:4384 misc:985 imb:147 pmb:367 smb:1106 d:s ref:0 ;
in:2949 out:2946 type:P dur:2 cpbdur:2 q:46.41 aq:43.92 tex:12083 mv:5753 misc:764 imb:888 pmb:124 smb:608 d:s ref:0 ;
in:2947 out:2947 type:B dur:2 cpbdur:2 q:46.41 aq:44.56 tex:4517 mv:5732 misc:1231 imb:213 pmb:393 smb:1014 d:s ref:0 ;
in:2946 out:2948 type:b dur:2 cpbdur:2 q:46.41 aq:42.72 tex:138 mv:285 misc:585 imb:4 pmb:135 smb:1481 d:s ref:0 ;
in:2948 out:2949 type:b dur:2 cpbdur:2 q:46.41 aq:44.52 tex:3931 mv:5055 misc:1174 imb:206 pmb:416 smb:998 d:- ref:0 ;
in:2950 out:2950 type:P dur:2 cpbdur:2 q:47.73 aq:41.87 tex:7408 mv:4448 misc:1072 imb:578 pmb:150 smb:892 d:s ref:0 ;
in:2952 out:2951 type:P dur:2 cpbdur:2 q:47.40 aq:44.44 tex:6903 mv:4490 misc:823 imb:637 pmb:118 smb:865 d:s ref:0 ;
in:2951 out:2952 type:b dur:2 cpbdur:2 q:47.73 aq:47.61 tex:218 mv:152 misc:574 imb:0 pmb:136 smb:1484 d:s ref:0 ;
in:2953 out:2953 type:P dur:2 cpbdur:2 q:47.76 aq:44.93 tex:5250 mv:3522 misc:828 imb:538 pmb:74 smb:1008 d:s ref:0 ;
in:2954 out:2954 type:P dur:2 cpbdur:2 q:47.87 aq:44.53 tex:5952 mv:4332 misc:764 imb:753 pmb:74 smb:793 d:s ref:0 ;
in:2955 out:2955 type:P dur:2 cpbdur:2 q:47.79 aq:41.58 tex:6457 mv:4744 misc:791 imb:880 pmb:89 smb:651 d:s ref:0 ;
in:2956 out:2956 type:P dur:2 cpbdur:2 q:47.89 aq:40.35 tex:5763 mv:3685 misc:768 imb:860 pmb:64 smb:696 d:s ref:0 ;
in:2957 out:2957 type:I dur:2 cpbdur:2 q:45.86 aq:38.72 tex:23907 mv:8796 misc:137 imb:1620 pmb:0 smb:0 d:s ref:;
in:2961 out:2958 type:P dur:2 cpbdur:2 q:49.24 aq:43.58 tex:6355 mv:3096 misc:845 imb:570 pmb:77 smb:973 d:s ref:0 ;
in:2959 out:2959 type:B dur:2 cpbdur:2 q:49.24 aq:45.61 tex:867 mv:2136 misc:861 imb:61 pmb:228 smb:1331 d:s ref:0 ;
in:2958 out:2960 type:b dur:2 cpbdur:2 q:49.24 aq:47.46 tex:48 mv:112 misc:568 imb:0 pmb:120 smb:1500 d:s ref:0 ;
in:2960 out:2961 type:b dur:2 cpbdur:2 q:49.24 aq:48.87 tex:732 mv:1243 misc:545 imb:29 pmb:115 smb:1476 d:- ref:0 ;
in:2964 out:2962 type:P dur:2 cpbdur:2 q:46.75 aq:43.70 tex:6785 mv:2546 misc:941 imb:338 pmb:109 smb:1173 d:s ref:0 ;
in:2962 out:2963 type:B dur:2 cpbdur:2 q:49.21 aq:47.45 tex:1012 mv:1272 misc:620 imb:43 pmb:126 smb:1451 d:s ref:0 ;
in:2963 out:2964 type:b dur:2 cpbdur:2 q:49.18 aq:44.92 tex:145 mv:122 misc:453 imb:1 pmb:92 smb:1527 d:- ref:0 ;
in:2966 out:2965 type:P dur:2 cpbdur:2 q:45.79 aq:40.41 tex:6686 mv:2632 misc:978 imb:322 pmb:121 smb:1177 d:s ref:0 ;
in:2965 out:2966 type:b dur:2 cpbdur:2 q:46.73 aq:45.14 tex:1193 mv:1807 misc:584 imb:71 pmb:120 smb:1429 d:s ref:0 ;
in:2968 out:2967 type:P dur:2 cpbdur:2 q:45.71 aq:41.32 tex:9994 mv:3324 misc:1114 imb:401 pmb:138 smb:1081 d:s ref:0 ;
in:2967 out:2968 type:b dur:2 cpbdur:2 q:45.79 aq:43.81 tex:800 mv:1629 misc:619 imb:48 pmb:129 smb:1443 d:s ref:0 ;
in:2972 out:2969 type:P dur:2 cpbdur:2 q:44.53 aq:41.16 tex:11690 mv:4029 misc:1049 imb:521 pmb:159 smb:940 d:s ref:0 ;
in:2970 out:2970 type:B dur:2 cpbdur:2 q:45.69 aq:42.00 tex:2970 mv:3257 misc:949 imb:127 pmb:204 smb:1289 d:s ref:0 ;
in:2969 out:2971 type:b dur:2 cpbdur:2 q:45.70 aq:39.80 tex:138 mv:246 misc:512 imb:8 pmb:89 smb:1523 d:s ref:0 ;
in:2971 out:2972 type:b dur:2 cpbdur:2 q:45.68 aq:44.26 tex:1216 mv:2532 misc:756 imb:92 pmb:203 smb:1325 d:- ref:0 ;
in:2974 out:2973 type:P dur:2 cpbdur:2 q:44.04 aq:40.41 tex:11513 mv:4014 misc:1001 imb:533 pmb:140 smb:947 d:s ref:0 w:6,61,1,6,60,8,61,6 ;
in:2973 out:2974 type:b dur:2 cpbdur:2 q:44.52 aq:43.35 tex:1815 mv:3079 misc:850 imb:113 pmb:205 smb:1302 d:s ref:0 ;
in:2977 out:2975 type:P dur:2 cpbdur:2 q:43.80 aq:38.53 tex:12551 mv:4060 misc:917 imb:651 pmb:122 smb:847 d:s ref:0 ;
in:2975 out:2976 type:B dur:2 cpbdur:2 q:44.04 aq:40.90 tex:5322 mv:4494 misc:944 imb:190 pmb:278 smb:1152 d:s ref:0 ;
in:2976 out:2977 type:b dur:2 cpbdur:2 q:44.04 aq:35.19 tex:151 mv:443 misc:534 imb:17 pmb:92 smb:1511 d:- ref:0 ;
in:2979 out:2978 type:P dur:2 cpbdur:2 q:43.96 aq:40.13 tex:11772 mv:4713 misc:859 imb:652 pmb:128 smb:840 d:s ref:0 ;
in:2978 out:2979 type:b dur:2 cpbdur:2 q:43.96 aq:42.30 tex:2711 mv:3853 misc:972 imb:179 pmb:267 smb:1174 d:s ref:0 ;
in:2981 out:2980 type:P dur:2 cpbdur:2 q:44.08 aq:38.79 tex:12591 mv:5307 misc:862 imb:747 pmb:137 smb:736 d:s ref:0 ;
in:2980 out:2981 type:b dur:2 cpbdur:2 q:44.07 aq:41.39 tex:3575 mv:4742 misc:1051 imb:231 pmb:284 smb:1105 d:s ref:0 ;
in:2983 out:2982 type:P dur:2 cpbdur:2 q:43.79 aq:40.00 tex:10525 mv:4730 misc:705 imb:834 pmb:100 smb:686 d:s ref:0 ;
in:2982 out:2983 type:b dur:2 cpbdur:2 q:44.07 aq:34.34 tex:127 mv:222 misc:515 imb:5 pmb:107 smb:1508 d:s ref:0 ;
in:2984 out:2984 type:P dur:2 cpbdur:2 q:43.97 aq:40.57 tex:9692 mv:4492 misc:904 imb:611 pmb:130 smb:879 d:s ref:0 ;
in:2986 out:2985 type:P dur:2 cpbdur:2 q:43.96 aq:41.40 tex:13355 mv:5977 misc:884 imb:677 pmb:178 smb:765 d:s ref:0 ;
in:2985 out:2986 type:b dur:2 cpbdur:2 q:43.97 aq:43.25 tex:3209 mv:5363 misc:1140 imb:166 pmb:405 smb:1049 d:s ref:0 ;
in:2988 out:2987 type:P dur:2 cpbdur:2 q:43.92 aq:41.91 tex:7049 mv:4758 misc:969 imb:683 pmb:186 smb:751 d:s ref:0 ;
in:2987 out:2988 type:b dur:2 cpbdur:2 q:43.96 aq:44.57 tex:238 mv:303 misc:363 imb:19 pmb:60 smb:1541 d:s ref:0 ;
in:2989 out:2989 type:P dur:2 cpbdur:2 q:44.03 aq:40.93 tex:5667 mv:4164 misc:809 imb:752 pmb:89 smb:779 d:s ref:0 ;
in:2990 out:2990 type:P dur:2 cpbdur:2 q:43.96 aq:38.50 tex:5259 mv:4406 misc:511 imb:1153 pmb:28 smb:439 d:s ref:0 ;
in:2991 out:2991 type:I dur:2 cpbdur:2 q:42.09 aq:36.60 tex:22049 mv:7173 misc:138 imb:1620 pmb:0 smb:0 d:s ref:;
in:2992 out:2992 type:P dur:2 cpbdur:2 q:44.22 aq:37.72 tex:8205 mv:5139 misc:832 imb:706 pmb:135 smb:779 d:s ref:0 ;
in:2994 out:2993 type:P dur:2 cpbdur:2 q:45.53 aq:41.49 tex:6242 mv:3895 misc:943 imb:595 pmb:90 smb:935 d:s ref:0 ;
in:2993 out:2994 type:b dur:2 cpbdur:2 q:45.51 aq:37.06 tex:235 mv:341 misc:568 imb:7 pmb:120 smb:1493 d:s ref:0 ;
in:2995 out:2995 type:P dur:2 cpbdur:2 q:44.53 aq:39.38 tex:7108 mv:3738 misc:962 imb:508 pmb:98 smb:1014 d:s ref:0 ;
in:2996 out:2996 type:P dur:2 cpbdur:2 q:44.38 aq:38.65 tex:7056 mv:3747 misc:837 imb:594 pmb:134 smb:892 d:s ref:0 ;
in:2997 out:2997 type:P dur:2 cpbdur:2 q:44.65 aq:36.75 tex:7522 mv:3478 misc:728 imb:569 pmb:64 smb:987 d:s ref:0 ;
in:2998 out:2998 type:P dur:2 cpbdur:2 q:44.41 aq:38.28 tex:7611 mv:3237 misc:760 imb:516 pmb:88 smb:1016 d:s ref:0 ;
in:3000 out:2999 type:P dur:2 cpbdur:2 q:44.97 aq:38.93 tex:7146 mv:2845 misc:553 imb:496 pmb:56 smb:1068 d:s ref:0 ;
in:2999 out:3000 type:b dur:2 cpbdur:2 q:44.96 aq:43.97 tex:160 mv:108 misc:324 imb:2 pmb:56 smb:1562 d:s ref:0 ;
in:3002 out:3001 type:P dur:2 cpbdur:2 q:44.27 aq:38.13 tex:4174 mv:1741 misc:661 imb:368 pmb:42 smb:1210 d:s ref:0 ;
in:3001 out:3002 type:b dur:2 cpbdur:2 q:44.95 aq:42.78 tex:353 mv:274 misc:381 imb:6 pmb:54 smb:1560 d:s ref:0 ;
in:3003 out:3003 type:P dur:2 cpbdur:2 q:44.18 aq:39.11 tex:3337 mv:1425 misc:670 imb:324 pmb:32 smb:1264 d:s ref:0 ;
in:3004 out:3004 type:P dur:2 cpbdur:2 q:44.18 aq:38.80 tex:8230 mv:3049 misc:633 imb:758 pmb:29 smb:833 d:s ref:0 ;
in:3006 out:3005 type:P dur:2 cpbdur:2 q:44.19 aq:37.74 tex:8206 mv:4276 misc:918 imb:693 pmb:121 smb:806 d:s ref:0 ;
in:3005 out:3006 type:b dur:2 cpbdur:2 q:44.19 aq:42.11 tex:216 mv:143 misc:393 imb:1 pmb:75 smb:1544 d:s ref:0 ;
in:3007 out:3007 type:P dur:2 cpbdur:2 q:44.20 aq:37.68 tex:8744 mv:3741 misc:835 imb:585 pmb:81 smb:954 d:s ref:0 ;
in:3009 out:3008 type:P dur:2 cpbdur:2 q:44.22 aq:35.28 tex:10863 mv:4042 misc:975 imb:575 pmb:105 smb:940 d:s ref:0 ;
in:3008 out:3009 type:b dur:2 cpbdur:2 q:44.22 aq:42.44 tex:3704 mv:3745 misc:695 imb:235 pmb:174 smb:1211 d:s ref:0 ;
in:3011 out:3010 type:P dur:2 cpbdur:2 q:44.26 aq:34.88 tex:15058 mv:3727 misc:1127 imb:407 pmb:139 smb:1074 d:s ref:0 ;
in:3010 out:3011 type:b dur:2 cpbdur:2 q:44.26 aq:41.96 tex:1941 mv:1799 misc:660 imb:31 pmb:161 smb:1428 d:s ref:0 ;
in:3015 out:3012 type:P dur:2 cpbdur:2 q:44.35 aq:32.97 tex:23098 mv:4252 misc:1266 imb:452 pmb:180 smb:988 d:s ref:0 ;
in:3013 out:3013 type:B dur:2 cpbdur:2 q:44.35 aq:38.60 tex:1552 mv:1739 misc:765 imb:21 pmb:164 smb:1435 d:s ref:0 ;
in:3012 out:3014 type:b dur:2 cpbdur:2 q:44.34 aq:29.00 tex:14 mv:151 misc:323 imb:1 pmb:47 smb:1572 d:s ref:0 ;
in:3014 out:3015 type:b dur:2 cpbdur:2 q:44.35 aq:43.25 tex:807 mv:700 misc:565 imb:8 pmb:87 smb:1525 d:- ref:0 ;
in:3018 out:3016 type:P dur:2 cpbdur:2 q:44.38 aq:34.92 tex:13122 mv:3128 misc:1262 imb:269 pmb:181 smb:1170 d:s ref:0 ;
in:3016 out:3017 type:B dur:2 cpbdur:2 q:44.38 aq:29.00 tex:9 mv:64 misc:447 imb:0 pmb:51 smb:1569 d:s ref:0 ;
in:3017 out:3018 type:b dur:2 cpbdur:2 q:44.38 aq:29.00 tex:0 mv:0 misc:144 imb:0 pmb:0 smb:1620 d:- ref:0 ;
in:3019 out:3019 type:P dur:2 cpbdur:2 q:44.39 aq:36.74 tex:1695 mv:356 misc:557 imb:21 pmb:47 smb:1552 d:s ref:0 ;
in:3021 out:3020 type:P dur:2 cpbdur:2 q:44.36 aq:34.32 tex:2715 mv:640 misc:733 imb:57 pmb:59 smb:1504 d:s ref:0 ;
in:3020 out:3021 type:b dur:2 cpbdur:2 q:44.39 aq:29.00 tex:1 mv:3 misc:156 imb:0 pmb:1 smb:1619 d:s ref:0 ;
in:3024 out:3022 type:P dur:2 cpbdur:2 q:44.33 aq:35.00 tex:2059 mv:520 misc:589 imb:33 pmb:56 smb:1531 d:s ref:0 ;
in:3022 out:3023 type:B dur:2 cpbdur:2 q:44.36 aq:29.00 tex:1 mv:7 misc:176 imb:0 pmb:2 smb:1618 d:t ref:0 ;
in:3023 out:3024 type:b dur:2 cpbdur:2 q:44.36 aq:29.00 tex:0 mv:0 misc:144 imb:0 pmb:0 smb:1620 d:- ref:0 ;
in:3025 out:3025 type:P dur:2 cpbdur:2 q:44.28 aq:35.83 tex:1328 mv:293 misc:499 imb:21 pmb:36 smb:1563 d:s ref:0 ;
in:3026 out:3026 type:P dur:2 cpbdur:2 q:44.27 aq:32.13 tex:1554 mv:521 misc:645 imb:46 pmb:50 smb:1524 d:s ref:0 ;
in:3027 out:3027 type:P dur:2 cpbdur:2 q:44.25 aq:35.38 tex:1588 mv:423 misc:533 imb:28 pmb:48 smb:1544 d:s ref:0 ;
in:3028 out:3028 type:P dur:2 cpbdur:2 q:44.24 aq:32.50 tex:2220 mv:643 misc:657 imb:53 pmb:60 smb:1507 d:s ref:0 ;
in:3030 out:3029 type:P dur:2 cpbdur:2 q:44.23 aq:35.44 tex:959 mv:294 misc:483 imb:16 pmb:33 smb:1571 d:s ref:0 ;
in:3029 out:3030 type:b dur:2 cpbdur:2 q:44.24 aq:29.00 tex:0 mv:0 misc:144 imb:0 pmb:0 smb:1620 d:s ref:0 ;
in:3031 out:3031 type:P dur:2 cpbdur:2 q:44.20 aq:30.92 tex:642 mv:265 misc:421 imb:10 pmb:32 smb:1578 d:s ref:0 ;
in:3033 out:3032 type:P dur:2 cpbdur:2 q:44.18 aq:35.34 tex:2034 mv:817 misc:765 imb:40 pmb:90 smb:1490 d:s ref:0 ;
in:3032 out:3033 type:b dur:2 cpbdur:2 q:44.20 aq:29.00 tex:0 mv:0 misc:144 imb:0 pmb:0 smb:1620 d:s ref:0 ;
in:3035 out:3034 type:P dur:2 cpbdur:2 q:44.15 aq:32.59 tex:3439 mv:1419 misc:982 imb:105 pmb:119 smb:1396 d:s ref:0 ;
in:3034 out:3035 type:b dur:2 cpbdur:2 q:44.18 aq:29.00 tex:0 mv:0 misc:144 imb:0 pmb:0 smb:1620 d:s ref:0 ;
in:3039 out:3036 type:P dur:2 cpbdur:2 q:44.14 aq:35.08 tex:2766 mv:1082 misc:904 imb:46 pmb:133 smb:1441 d:s ref:0 ;
in:3037 out:3037 type:B dur:2 cpbdur:2 q:44.15 aq:28.00 tex:6 mv:32 misc:194 imb:2 pmb:3 smb:1615 d:s ref:0 ;
in:3036 out:3038 type:b dur:2 cpbdur:2 q:44.15 aq:29.00 tex:0 mv:0 misc:144 imb:0 pmb:0 smb:1620 d:s ref:0 ;
in:3038 out:3039 type:b dur:2 cpbdur:2 q:44.15 aq:29.00 tex:0 mv:0 misc:144 imb:0 pmb:0 smb:1620 d:- ref:0 ;
in:3043 out:3040 type:P dur:2 cpbdur:2 q:44.07 aq:35.71 tex:2615 mv:1264 misc:921 imb:58 pmb:125 smb:1437 d:s ref:0 ;
in:3041 out:3041 type:B dur:2 cpbdur:2 q:44.14 aq:28.00 tex:1 mv:5 misc:178 imb:0 pmb:2 smb:1618 d:s ref:0 ;
in:3040 out:3042 type:b dur:2 cpbdur:2 q:44.14 aq:29.00 tex:2 mv:11 misc:155 imb:1 pmb:0 smb:1619 d:s ref:0 ;
in:3042 out:3043 type:b dur:2 cpbdur:2 q:44.13 aq:29.00 tex:0 mv:0 misc:144 imb:0 pmb:0 smb:1620 d:- ref:0 ;
in:3047 out:3044 type:P dur:2 cpbdur:2 q:44.01 aq:34.33 tex:4001 mv:1728 misc:1095 imb:97 pmb:172 smb:1351 d:s ref:0 ;
in:3045 out:3045 type:B dur:2 cpbdur:2 q:44.07 aq:28.00 tex:2 mv:22 misc:192 imb:1 pmb:3 smb:1616 d:s ref:0 ;
in:3044 out:3046 type:b dur:2 cpbdur:2 q:44.07 aq:29.00 tex:1 mv:2 misc:157 imb:0 pmb:1 smb:1619 d:s ref:0 ;
in:3046 out:3047 type:b dur:2 cpbdur:2 q:44.07 aq:29.00 tex:0 mv:4 misc:156 imb:0 pmb:1 smb:1619 d:- ref:0 ;
in:3051 out:3048 type:P dur:2 cpbdur:2 q:43.95 aq:35.11 tex:2362 mv:1243 misc:931 imb:55 pmb:128 smb:1437 d:s ref:0 ;
in:3049 out:3049 type:B dur:2 cpbdur:2 q:44.01 aq:28.00 tex:0 mv:0 misc:160 imb:0 pmb:0 smb:1620 d:s ref:0 ;
in:3048 out:3050 type:b dur:2 cpbdur:2 q:44.01 aq:29.00 tex:2 mv:11 misc:155 imb:1 pmb:0 smb:1619 d:s ref:0 ;
in:3050 out:3051 type:b dur:2 cpbdur:2 q:44.01 aq:29.00 tex:0 mv:0 misc:144 imb:0 pmb:0 smb:1620 d:- ref:0 ;
in:3055 out:3052 type:P dur:2 cpbdur:2 q:43.89 aq:33.93 tex:1798 mv:1094 misc:876 imb:42 pmb:124 smb:1454 d:s ref:0 ;
in:3053 out:3053 type:B dur:2 cpbdur:2 q:43.95 aq:28.00 tex:0 mv:0 misc:160 imb:0 pmb:0 smb:1620 d:s ref:0 ;
in:3052 out:3054 type:b dur:2 cpbdur:2 q:43.95 aq:29.00 tex:0 mv:0 misc:144 imb:0 pmb:0 smb:1620 d:s ref:0 ;
in:3054 out:3055 type:b dur:2 cpbdur:2 q:43.95 aq:29.00 tex:0 mv:0 misc:144 imb:0 pmb:0 smb:1620 d:- ref:0 ;
in:3059 out:3056 type:P dur:2 cpbdur:2 q:43.82 aq:34.03 tex:2775 mv:1832 misc:1073 imb:86 pmb:163 smb:1371 d:s ref:0 ;
in:3057 out:3057 type:B dur:2 cpbdur:2 q:43.89 aq:32.02 tex:42 mv:16 misc:182 imb:1 pmb:1 smb:1618 d:s ref:0 ;
in:3056 out:3058 type:b dur:2 cpbdur:2 q:43.89 aq:29.00 tex:0 mv:0 misc:144 imb:0 pmb:0 smb:1620 d:s ref:0 ;
in:3058 out:3059 type:b dur:2 cpbdur:2 q:43.89 aq:29.00 tex:0 mv:0 misc:144 imb:0 pmb:0 smb:1620 d:- ref:0 ;
in:3063 out:3060 type:P dur:2 cpbdur:2 q:43.76 aq:33.30 tex:1945 mv:1279 misc:920 imb:68 pmb:116 smb:1436 d:s ref:0 ;
in:3061 out:3061 type:B dur:2 cpbdur:2 q:43.82 aq:33.63 tex:32 mv:30 misc:186 imb:1 pmb:2 smb:1617 d:s ref:0 ;
in:3060 out:3062 type:b dur:2 cpbdur:2 q:43.82 aq:29.00 tex:0 mv:3 misc:157 imb:0 pmb:1 smb:1619 d:s ref:0 ;
in:3062 out:3063 type:b dur:2 cpbdur:2 q:43.82 aq:29.00 tex:0 mv:0 misc:144 imb:0 pmb:0 smb:1620 d:- ref:0 ;
in:3065 out:3064 type:P dur:2 cpbdur:2 q:43.69 aq:34.75 tex:1463 mv:1214 misc:875 imb:44 pmb:120 smb:1456 d:s ref:0 ;
in:3064 out:3065 type:b dur:2 cpbdur:2 q:43.76 aq:29.00 tex:2 mv:11 misc:155 imb:1 pmb:0 smb:1619 d:s ref:0 ;
in:3069 out:3066 type:P dur:2 cpbdur:2 q:43.66 aq:33.29 tex:1585 mv:1129 misc:878 imb:48 pmb:112 smb:1460 d:s ref:0 ;
in:3067 out:3067 type:B dur:2 cpbdur:2 q:43.69 aq:27.00 tex:0 mv:0 misc:160 imb:0 pmb:0 smb:1620 d:s ref:0 ;
in:3066 out:3068 type:b dur:2 cpbdur:2 q:43.69 aq:29.00 tex:0 mv:0 misc:144 imb:0 pmb:0 smb:1620 d:s ref:0 ;
in:3068 out:3069 type:b dur:2 cpbdur:2 q:43.69 aq:29.00 tex:0 mv:0 misc:144 imb:0 pmb:0 smb:1620 d:- ref:0 ;
in:3071 out:3070 type:P dur:2 cpbdur:2 q:43.59 aq:32.63 tex:1389 mv:1154 misc:889 imb:54 pmb:106 smb:1460 d:s ref:0 ;
in:3070 out:3071 type:b dur:2 cpbdur:2 q:43.66 aq:29.00 tex:0 mv:0 misc:144 imb:0 pmb:0 smb:1620 d:s ref:0 ;
in:3075 out:3072 type:P dur:2 cpbdur:2 q:43.56 aq:35.04 tex:1199 mv:1175 misc:874 imb:55 pmb:111 smb:1454 d:s ref:0 ;
in:3073 out:3073 type:B dur:2 cpbdur:2 q:43.59 aq:27.00 tex:0 mv:0 misc:160 imb:0 pmb:0 smb:1620 d:s ref:0 ;
in:3072 out:3074 type:b dur:2 cpbdur:2 q:43.59 aq:29.00 tex:0 mv:0 misc:144 imb:0 pmb:0 smb:1620 d:s ref:0 ;
in:3074 out:3075 type:b dur:2 cpbdur:2 q:43.59 aq:29.00 tex:0 mv:0 misc:144 imb:0 pmb:0 smb:1620 d:- ref:0 ;
in:3079 out:3076 type:P dur:2 cpbdur:2 q:43.49 aq:35.21 tex:1684 mv:1436 misc:856 imb:62 pmb:118 smb:1440 d:s ref:0 ;
in:3077 out:3077 type:B dur:2 cpbdur:2 q:43.55 aq:31.74 tex:51 mv:62 misc:271 imb:0 pmb:30 smb:1590 d:s ref:0 ;
in:3076 out:3078 type:b dur:2 cpbdur:2 q:43.56 aq:29.00 tex:0 mv:0 misc:144 imb:0 pmb:0 smb:1620 d:s ref:0 ;
in:3078 out:3079 type:b dur:2 cpbdur:2 q:43.55 aq:29.00 tex:11 mv:51 misc:226 imb:0 pmb:24 smb:1596 d:- ref:0 ;
in:3081 out:3080 type:P dur:2 cpbdur:2 q:43.42 aq:35.69 tex:2311 mv:1168 misc:705 imb:111 pmb:57 smb:1452 d:s ref:0 ;
in:3080 out:3081 type:b dur:2 cpbdur:2 q:43.49 aq:33.81 tex:1086 mv:995 misc:223 imb:17 pmb:42 smb:1561 d:s ref:0 ;
in:3083 out:3082 type:P dur:2 cpbdur:2 q:43.42 aq:34.71 tex:1470 mv:786 misc:608 imb:64 pmb:44 smb:1512 d:s ref:0 ;
in:3082 out:3083 type:b dur:2 cpbdur:2 q:43.42 aq:36.45 tex:322 mv:383 misc:215 imb:6 pmb:33 smb:1581 d:t ref:0 ;
in:3086 out:3084 type:P dur:2 cpbdur:2 q:43.36 aq:38.90 tex:6864 mv:3801 misc:439 imb:911 pmb:16 smb:693 d:s ref:0 ;
in:3084 out:3085 type:B dur:2 cpbdur:2 q:43.42 aq:33.27 tex:133 mv:418 misc:393 imb:21 pmb:69 smb:1530 d:s ref:0 ;
in:3085 out:3086 type:b dur:2 cpbdur:2 q:43.42 aq:33.12 tex:229 mv:405 misc:406 imb:11 pmb:87 smb:1522 d:- ref:0 ;
in:3087 out:3087 type:P dur:2 cpbdur:2 q:43.35 aq:40.60 tex:10047 mv:5817 misc:520 imb:970 pmb:115 smb:535 d:s ref:0 ;
in:3088 out:3088 type:I dur:2 cpbdur:2 q:40.74 aq:33.47 tex:24506 mv:8401 misc:125 imb:1620 pmb:0 smb:0 d:s ref:;
in:3090 out:3089 type:P dur:2 cpbdur:2 q:43.51 aq:33.97 tex:10562 mv:5664 misc:582 imb:564 pmb:194 smb:862 d:s ref:0 ;
in:3089 out:3090 type:b dur:2 cpbdur:2 q:43.51 aq:35.33 tex:80 mv:183 misc:457 imb:3 pmb:103 smb:1514 d:s ref:0 ;
in:3091 out:3091 type:P dur:2 cpbdur:2 q:43.51 aq:36.64 tex:9326 mv:5074 misc:680 imb:371 pmb:222 smb:1027 d:s ref:0 ;
in:3092 out:3092 type:P dur:2 cpbdur:2 q:43.54 aq:35.56 tex:9475 mv:4886 misc:751 imb:273 pmb:252 smb:1095 d:s ref:0 ;
in:3093 out:3093 type:P dur:2 cpbdur:2 q:43.56 aq:34.16 tex:10218 mv:4219 misc:755 imb:243 pmb:228 smb:1149 d:s ref:0 ;
in:3095 out:3094 type:P dur:2 cpbdur:2 q:43.60 aq:34.32 tex:18792 mv:3893 misc:891 imb:213 pmb:237 smb:1170 d:s ref:0 ;
in:3094 out:3095 type:b dur:2 cpbdur:2 q:43.60 aq:29.00 tex:14 mv:93 misc:309 imb:1 pmb:65 smb:1554 d:s ref:0 ;
in:3099 out:3096 type:P dur:2 cpbdur:2 q:43.65 aq:34.57 tex:1506 mv:1418 misc:964 imb:34 pmb:167 smb:1419 d:s ref:0 ;
in:3097 out:3097 type:B dur:2 cpbdur:2 q:43.65 aq:27.00 tex:0 mv:0 misc:160 imb:0 pmb:0 smb:1620 d:s ref:0 ;
in:3096 out:3098 type:b dur:2 cpbdur:2 q:43.65 aq:29.00 tex:0 mv:0 misc:144 imb:0 pmb:0 smb:1620 d:s ref:0 ;
in:3098 out:3099 type:b dur:2 cpbdur:2 q:43.65 aq:29.00 tex:0 mv:0 misc:144 imb:0 pmb:0 smb:1620 d:- ref:0 ;
in:3101 out:3100 type:P dur:2 cpbdur:2 q:43.59 aq:35.51 tex:1839 mv:1443 misc:990 imb:48 pmb:167 smb:1405 d:s ref:0 ;
in:3100 out:3101 type:b dur:2 cpbdur:2 q:43.65 aq:29.00 tex:0 mv:0 misc:144 imb:0 pmb:0 smb:1620 d:s ref:0 ;
in:3105 out:3102 type:P dur:2 cpbdur:2 q:43.57 aq:34.05 tex:1682 mv:1809 misc:1053 imb:54 pmb:197 smb:1369 d:s ref:0 ;
in:3103 out:3103 type:B dur:2 cpbdur:2 q:43.59 aq:27.00 tex:0 mv:0 misc:160 imb:0 pmb:0 smb:1620 d:s ref:0 ;
in:3102 out:3104 type:b dur:2 cpbdur:2 q:43.59 aq:29.00 tex:0 mv:0 misc:144 imb:0 pmb:0 smb:1620 d:s ref:0 ;
in:3104 out:3105 type:b dur:2 cpbdur:2 q:43.59 aq:29.00 tex:0 mv:0 misc:144 imb:0 pmb:0 smb:1620 d:- ref:0 ;
in:3107 out:3106 type:P dur:2 cpbdur:2 q:43.50 aq:35.14 tex:2078 mv:1580 misc:1014 imb:51 pmb:184 smb:1385 d:s ref:0 ;
in:3106 out:3107 type:b dur:2 cpbdur:2 q:43.57 aq:29.00 tex:0 mv:0 misc:144 imb:0 pmb:0 smb:1620 d:s ref:0 ;
in:3111 out:3108 type:P dur:2 cpbdur:2 q:43.47 aq:35.34 tex:2118 mv:1972 misc:1094 imb:53 pmb:214 smb:1353 d:s ref:0 ;
in:3109 out:3109 type:B dur:2 cpbdur:2 q:43.50 aq:27.00 tex:0 mv:4 misc:172 imb:0 pmb:1 smb:1619 d:s ref:0 ;
in:3108 out:3110 type:b dur:2 cpbdur:2 q:43.50 aq:28.00 tex:0 mv:0 misc:144 imb:0 pmb:0 smb:1620 d:s ref:0 ;
in:3110 out:3111 type:b dur:2 cpbdur:2 q:43.50 aq:28.00 tex:2 mv:12 misc:154 imb:1 pmb:0 smb:1619 d:- ref:0 ;
in:3113 out:3112 type:P dur:2 cpbdur:2 q:43.41 aq:35.88 tex:2182 mv:1656 misc:1058 imb:52 pmb:193 smb:1375 d:s ref:0 ;
in:3112 out:3113 type:b dur:2 cpbdur:2 q:43.47 aq:28.00 tex:0 mv:0 misc:144 imb:0 pmb:0 smb:1620 d:s ref:0 ;
in:3117 out:3114 type:P dur:2 cpbdur:2 q:43.38 aq:35.15 tex:1987 mv:2132 misc:1097 imb:58 pmb:225 smb:1337 d:s ref:0 ;
in:3115 out:3115 type:B dur:2 cpbdur:2 q:43.41 aq:42.61 tex:53 mv:48 misc:171 imb:1 pmb:4 smb:1615 d:s ref:0 ;
in:3114 out:3116 type:b dur:2 cpbdur:2 q:43.41 aq:42.18 tex:30 mv:5 misc:149 imb:0 pmb:1 smb:1619 d:s ref:0 ;
in:3116 out:3117 type:b dur:2 cpbdur:2 q:43.41 aq:39.21 tex:34 mv:22 misc:152 imb:0 pmb:3 smb:1617 d:- ref:0 ;
in:3119 out:3118 type:P dur:2 cpbdur:2 q:43.32 aq:34.24 tex:2749 mv:1780 misc:1079 imb:57 pmb:206 smb:1357 d:s ref:0 ;
in:3118 out:3119 type:b dur:2 cpbdur:2 q:43.38 aq:43.86 tex:46 mv:37 misc:157 imb:0 pmb:4 smb:1616 d:t ref:0 ;
in:3123 out:3120 type:P dur:2 cpbdur:2 q:43.30 aq:34.80 tex:2558 mv:2082 misc:1088 imb:58 pmb:221 smb:1341 d:s ref:0 ;
in:3121 out:3121 type:B dur:2 cpbdur:2 q:43.32 aq:41.02 tex:73 mv:75 misc:172 imb:1 pmb:5 smb:1614 d:s ref:0 ;
in:3120 out:3122 type:b dur:2 cpbdur:2 q:43.32 aq:28.00 tex:4 mv:14 misc:166 imb:0 pmb:5 smb:1615 d:s ref:0 ;
in:3122 out:3123 type:b dur:2 cpbdur:2 q:43.32 aq:42.20 tex:69 mv:65 misc:178 imb:0 pmb:7 smb:1613 d:- ref:0 ;
in:3125 out:3124 type:P dur:2 cpbdur:2 q:43.24 aq:34.41 tex:2476 mv:1874 misc:1082 imb:66 pmb:211 smb:1343 d:s ref:0 ;
in:3124 out:3125 type:b dur:2 cpbdur:2 q:43.30 aq:28.00 tex:0 mv:0 misc:144 imb:0 pmb:0 smb:1620 d:s ref:0 ;
in:3129 out:3126 type:P dur:2 cpbdur:2 q:43.21 aq:35.65 tex:2028 mv:2216 misc:1116 imb:60 pmb:235 smb:1325 d:s ref:0 ;
in:3127 out:3127 type:B dur:2 cpbdur:2 q:43.24 aq:29.41 tex:41 mv:14 misc:177 imb:0 pmb:4 smb:1616 d:s ref:0 ;
in:3126 out:3128 type:b dur:2 cpbdur:2 q:43.24 aq:28.00 tex:1 mv:7 misc:160 imb:0 pmb:2 smb:1618 d:s ref:0 ;
in:3128 out:3129 type:b dur:2 cpbdur:2 q:43.24 aq:29.41 tex:33 mv:36 misc:155 imb:0 pmb:4 smb:1616 d:- ref:0 ;
in:3131 out:3130 type:P dur:2 cpbdur:2 q:43.15 aq:34.40 tex:2733 mv:1908 misc:1127 imb:61 pmb:216 smb:1343 d:s ref:0 ;
in:3130 out:3131 type:b dur:2 cpbdur:2 q:43.21 aq:30.67 tex:60 mv:79 misc:165 imb:1 pmb:6 smb:1613 d:t ref:0 ;
in:3135 out:3132 type:P dur:2 cpbdur:2 q:43.13 aq:36.28 tex:3294 mv:2615 misc:1179 imb:96 pmb:246 smb:1278 d:s ref:0 ;
in:3133 out:3133 type:B dur:2 cpbdur:2 q:43.15 aq:35.61 tex:252 mv:222 misc:222 imb:3 pmb:24 smb:1593 d:s ref:0 ;
in:3132 out:3134 type:b dur:2 cpbdur:2 q:43.15 aq:33.87 tex:27 mv:42 misc:187 imb:0 pmb:12 smb:1608 d:s ref:0 ;
in:3134 out:3135 type:b dur:2 cpbdur:2 q:43.15 aq:37.75 tex:208 mv:142 misc:194 imb:3 pmb:13 smb:1604 d:- ref:0 ;
in:3137 out:3136 type:P dur:2 cpbdur:2 q:43.08 aq:34.67 tex:2885 mv:2245 misc:1118 imb:105 pmb:217 smb:1298 d:s ref:0 ;
in:3136 out:3137 type:b dur:2 cpbdur:2 q:43.13 aq:38.75 tex:319 mv:241 misc:232 imb:5 pmb:23 smb:1592 d:s ref:0 ;
in:3141 out:3138 type:P dur:2 cpbdur:2 q:43.05 aq:35.40 tex:3500 mv:2652 misc:1128 imb:90 pmb:253 smb:1277 d:s ref:0 ;
in:3139 out:3139 type:B dur:2 cpbdur:2 q:43.08 aq:36.12 tex:206 mv:224 misc:290 imb:1 pmb:27 smb:1592 d:s ref:0 ;
in:3138 out:3140 type:b dur:2 cpbdur:2 q:43.08 aq:38.41 tex:65 mv:32 misc:191 imb:0 pmb:10 smb:1610 d:s ref:0 ;
in:3140 out:3141 type:b dur:2 cpbdur:2 q:43.08 aq:33.88 tex:137 mv:133 misc:194 imb:2 pmb:14 smb:1604 d:- ref:0 ;
in:3143 out:3142 type:P dur:2 cpbdur:2 q:43.00 aq:34.99 tex:2803 mv:2128 misc:1093 imb:89 pmb:195 smb:1336 d:s ref:0 ;
in:3142 out:3143 type:b dur:2 cpbdur:2 q:43.05 aq:40.86 tex:56 mv:61 misc:171 imb:2 pmb:5 smb:1613 d:t ref:0 ;
in:3147 out:3144 type:P dur:2 cpbdur:2 q:42.98 aq:34.98 tex:2627 mv:2551 misc:1142 imb:115 pmb:196 smb:1309 d:s ref:0 ;
in:3145 out:3145 type:B dur:2 cpbdur:2 q:43.00 aq:36.18 tex:178 mv:209 misc:277 imb:4 pmb:24 smb:1592 d:t ref:0 ;
in:3144 out:3146 type:b dur:2 cpbdur:2 q:43.00 aq:39.53 tex:48 mv:33 misc:191 imb:0 pmb:11 smb:1609 d:s ref:0 ;
in:3146 out:3147 type:b dur:2 cpbdur:2 q:43.00 aq:39.11 tex:116 mv:64 misc:196 imb:2 pmb:7 smb:1611 d:- ref:0 ;
in:3149 out:3148 type:P dur:2 cpbdur:2 q:42.93 aq:34.04 tex:3133 mv:2546 misc:1169 imb:108 pmb:220 smb:1292 d:s ref:0 ;
in:3148 out:3149 type:b dur:2 cpbdur:2 q:42.98 aq:38.04 tex:76 mv:162 misc:226 imb:2 pmb:14 smb:1604 d:t ref:0 ;
in:3153 out:3150 type:P dur:2 cpbdur:2 q:42.91 aq:33.21 tex:3472 mv:3486 misc:1202 imb:126 pmb:289 smb:1205 d:s ref:0 ;
in:3151 out:3151 type:B dur:2 cpbdur:2 q:42.92 aq:35.20 tex:276 mv:339 misc:345 imb:2 pmb:48 smb:1570 d:t ref:0 ;
in:3150 out:3152 type:b dur:2 cpbdur:2 q:42.92 aq:37.52 tex:127 mv:70 misc:235 imb:0 pmb:18 smb:1602 d:s ref:0 ;
in:3152 out:3153 type:b dur:2 cpbdur:2 q:42.92 aq:43.14 tex:141 mv:189 misc:238 imb:1 pmb:22 smb:1597 d:- ref:0 ;
in:3155 out:3154 type:P dur:2 cpbdur:2 q:42.86 aq:34.50 tex:3768 mv:2980 misc:1164 imb:109 pmb:267 smb:1244 d:s ref:0 ;
in:3154 out:3155 type:b dur:2 cpbdur:2 q:42.90 aq:35.07 tex:78 mv:256 misc:282 imb:1 pmb:32 smb:1587 d:t ref:0 ;
in:3159 out:3156 type:P dur:2 cpbdur:2 q:42.84 aq:35.07 tex:5797 mv:4034 misc:1161 imb:203 pmb:289 smb:1128 d:s ref:0 ;
in:3157 out:3157 type:B dur:2 cpbdur:2 q:42.86 aq:37.27 tex:353 mv:649 misc:454 imb:6 pmb:80 smb:1534 d:s ref:0 ;
in:3156 out:3158 type:b dur:2 cpbdur:2 q:42.86 aq:37.09 tex:95 mv:171 misc:294 imb:1 pmb:52 smb:1567 d:s ref:0 ;
in:3158 out:3159 type:b dur:2 cpbdur:2 q:42.86 aq:36.66 tex:431 mv:646 misc:363 imb:12 pmb:75 smb:1533 d:- ref:0 ;
in:3161 out:3160 type:P dur:2 cpbdur:2 q:42.81 aq:33.87 tex:6622 mv:3733 misc:1189 imb:174 pmb:300 smb:1146 d:s ref:0 ;
in:3160 out:3161 type:b dur:2 cpbdur:2 q:42.84 aq:38.40 tex:150 mv:428 misc:326 imb:5 pmb:48 smb:1567 d:t ref:0 ;
in:3165 out:3162 type:P dur:2 cpbdur:2 q:42.81 aq:34.95 tex:7506 mv:4214 misc:1080 imb:191 pmb:314 smb:1115 d:s ref:0 ;
in:3163 out:3163 type:B dur:2 cpbdur:2 q:42.81 aq:40.00 tex:425 mv:745 misc:462 imb:5 pmb:85 smb:1530 d:t ref:0 ;
in:3162 out:3164 type:b dur:2 cpbdur:2 q:42.81 aq:43.20 tex:117 mv:175 misc:300 imb:2 pmb:42 smb:1576 d:s ref:0 ;
in:3164 out:3165 type:b dur:2 cpbdur:2 q:42.81 aq:38.15 tex:184 mv:564 misc:364 imb:4 pmb:58 smb:1558 d:- ref:0 ;
in:3167 out:3166 type:P dur:2 cpbdur:2 q:42.79 aq:32.40 tex:7010 mv:3744 misc:1150 imb:147 pmb:303 smb:1170 d:s ref:0 ;
in:3166 out:3167 type:b dur:2 cpbdur:2 q:42.81 aq:38.47 tex:126 mv:532 misc:366 imb:4 pmb:59 smb:1557 d:t ref:0 ;
in:3171 out:3168 type:P dur:2 cpbdur:2 q:42.79 aq:34.99 tex:8128 mv:4386 misc:1094 imb:173 pmb:328 smb:1119 d:s ref:0 ;
in:3169 out:3169 type:B dur:2 cpbdur:2 q:42.79 aq:38.12 tex:399 mv:1045 misc:500 imb:5 pmb:112 smb:1503 d:t ref:0 ;
in:3168 out:3170 type:b dur:2 cpbdur:2 q:42.79 aq:41.55 tex:59 mv:115 misc:314 imb:0 pmb:55 smb:1565 d:s ref:0 ;
in:3170 out:3171 type:b dur:2 cpbdur:2 q:42.79 aq:41.51 tex:150 mv:805 misc:389 imb:6 pmb:78 smb:1536 d:- ref:0 ;
in:3173 out:3172 type:P dur:2 cpbdur:2 q:42.77 aq:34.74 tex:7368 mv:4051 misc:1125 imb:133 pmb:358 smb:1129 d:s ref:0 ;
in:3172 out:3173 type:b dur:2 cpbdur:2 q:42.79 aq:41.99 tex:233 mv:650 misc:365 imb:4 pmb:64 smb:1552 d:t ref:0 ;
in:3177 out:3174 type:P dur:2 cpbdur:2 q:42.77 aq:34.63 tex:8890 mv:4824 misc:1086 imb:182 pmb:345 smb:1093 d:s ref:0 ;
in:3175 out:3175 type:B dur:2 cpbdur:2 q:42.77 aq:32.83 tex:560 mv:1589 misc:515 imb:13 pmb:133 smb:1474 d:t ref:0 ;
in:3174 out:3176 type:b dur:2 cpbdur:2 q:42.77 aq:39.13 tex:118 mv:473 misc:425 imb:3 pmb:103 smb:1514 d:s ref:0 ;
in:3176 out:3177 type:b dur:2 cpbdur:2 q:42.77 aq:41.64 tex:326 mv:812 misc:390 imb:4 pmb:75 smb:1541 d:- ref:0 ;
in:3179 out:3178 type:P dur:2 cpbdur:2 q:42.77 aq:34.91 tex:7321 mv:4684 misc:1107 imb:184 pmb:369 smb:1067 d:s ref:0 ;
in:3178 out:3179 type:b dur:2 cpbdur:2 q:42.77 aq:42.03 tex:429 mv:987 misc:376 imb:10 pmb:86 smb:1524 d:t ref:0 ;
in:3183 out:3180 type:P dur:2 cpbdur:2 q:42.77 aq:34.62 tex:9527 mv:5199 misc:1082 imb:212 pmb:355 smb:1053 d:s ref:0 ;
in:3181 out:3181 type:B dur:2 cpbdur:2 q:42.77 aq:36.65 tex:363 mv:1799 misc:638 imb:12 pmb:161 smb:1447 d:t ref:0 ;
in:3180 out:3182 type:b dur:2 cpbdur:2 q:42.77 aq:31.65 tex:105 mv:784 misc:511 imb:7 pmb:123 smb:1490 d:s ref:0 ;
in:3182 out:3183 type:b dur:2 cpbdur:2 q:42.77 aq:40.54 tex:299 mv:979 misc:466 imb:11 pmb:80 smb:1529 d:- ref:0 ;
in:3185 out:3184 type:P dur:2 cpbdur:2 q:42.77 aq:36.13 tex:7343 mv:4670 misc:1091 imb:185 pmb:344 smb:1091 d:s ref:0 ;
in:3184 out:3185 type:b dur:2 cpbdur:2 q:42.77 aq:41.65 tex:259 mv:923 misc:466 imb:3 pmb:91 smb:1526 d:t ref:0 ;
in:3189 out:3186 type:P dur:2 cpbdur:2 q:42.78 aq:35.13 tex:10282 mv:5499 misc:1019 imb:247 pmb:334 smb:1039 d:s ref:0 ;
in:3187 out:3187 type:B dur:2 cpbdur:2 q:42.78 aq:38.63 tex:663 mv:2483 misc:710 imb:16 pmb:200 smb:1404 d:s ref:0 ;
in:3186 out:3188 type:b dur:2 cpbdur:2 q:42.78 aq:36.20 tex:118 mv:1048 misc:578 imb:4 pmb:165 smb:1451 d:s ref:0 ;
in:3188 out:3189 type:b dur:2 cpbdur:2 q:42.78 aq:40.99 tex:321 mv:1497 misc:582 imb:14 pmb:137 smb:1469 d:- ref:0 ;
in:3191 out:3190 type:P dur:2 cpbdur:2 q:42.79 aq:35.09 tex:9275 mv:5054 misc:1023 imb:238 pmb:324 smb:1058 d:s ref:0 ;
in:3190 out:3191 type:b dur:2 cpbdur:2 q:42.79 aq:37.33 tex:320 mv:1599 misc:593 imb:16 pmb:136 smb:1468 d:t ref:0 ;
in:3194 out:3192 type:P dur:2 cpbdur:2 q:42.80 aq:37.88 tex:7814 mv:4912 misc:978 imb:254 pmb:295 smb:1071 d:s ref:0 w:6,63,0 ;
in:3192 out:3193 type:B dur:2 cpbdur:2 q:42.80 aq:34.21 tex:231 mv:520 misc:577 imb:11 pmb:122 smb:1487 d:s ref:0 ;
in:3193 out:3194 type:b dur:2 cpbdur:2 q:42.80 aq:40.23 tex:478 mv:1977 misc:657 imb:28 pmb:148 smb:1444 d:- ref:0 ;
in:3196 out:3195 type:P dur:2 cpbdur:2 q:42.82 aq:36.85 tex:11552 mv:5011 misc:965 imb:353 pmb:231 smb:1036 d:s ref:0 w:6,63,0 ;
in:3195 out:3196 type:b dur:2 cpbdur:2 q:42.82 aq:40.44 tex:1039 mv:2412 misc:685 imb:31 pmb:184 smb:1405 d:s ref:0 ;
in:3199 out:3197 type:P dur:2 cpbdur:2 q:42.84 aq:34.37 tex:9242 mv:4962 misc:908 imb:382 pmb:201 smb:1037 d:s ref:0 ;
in:3197 out:3198 type:B dur:2 cpbdur:2 q:42.84 aq:38.79 tex:2420 mv:3401 misc:795 imb:75 pmb:221 smb:1324 d:s ref:0 ;
in:3198 out:3199 type:b dur:2 cpbdur:2 q:42.84 aq:28.00 tex:27 mv:246 misc:407 imb:4 pmb:75 smb:1541 d:- ref:0 ;
in:3201 out:3200 type:P dur:2 cpbdur:2 q:42.87 aq:34.73 tex:8874 mv:5135 misc:855 imb:447 pmb:196 smb:977 d:s ref:0 ;
in:3200 out:3201 type:b dur:2 cpbdur:2 q:42.87 aq:38.55 tex:2534 mv:3356 misc:774 imb:109 pmb:227 smb:1284 d:s ref:0 ;
in:3202 out:3202 type:P dur:2 cpbdur:2 q:42.88 aq:31.75 tex:6167 mv:4450 misc:815 imb:384 pmb:198 smb:1038 d:s ref:0 ;
in:3204 out:3203 type:P dur:2 cpbdur:2 q:42.94 aq:34.70 tex:4694 mv:3934 misc:964 imb:327 pmb:188 smb:1105 d:s ref:0 ;
in:3203 out:3204 type:b dur:2 cpbdur:2 q:42.94 aq:35.57 tex:103 mv:150 misc:363 imb:3 pmb:66 smb:1551 d:s ref:0 ;
in:3205 out:3205 type:P dur:2 cpbdur:2 q:42.93 aq:33.38 tex:5046 mv:3825 misc:953 imb:310 pmb:185 smb:1125 d:s ref:0 ;
in:3208 out:3206 type:P dur:2 cpbdur:2 q:42.95 aq:31.51 tex:5507 mv:2737 misc:868 imb:549 pmb:100 smb:971 d:s ref:0 ;
in:3206 out:3207 type:B dur:2 cpbdur:2 q:42.95 aq:41.20 tex:2686 mv:3024 misc:738 imb:129 pmb:193 smb:1298 d:s ref:0 ;
in:3207 out:3208 type:b dur:2 cpbdur:2 q:42.95 aq:40.17 tex:1289 mv:1699 misc:540 imb:51 pmb:135 smb:1434 d:- ref:0 ;
in:3210 out:3209 type:P dur:2 cpbdur:2 q:42.95 aq:36.57 tex:2458 mv:1482 misc:748 imb:175 pmb:58 smb:1387 d:s ref:0 ;
in:3209 out:3210 type:b dur:2 cpbdur:2 q:42.95 aq:40.88 tex:64 mv:141 misc:331 imb:2 pmb:66 smb:1552 d:s ref:0 ;
in:3211 out:3211 type:P dur:2 cpbdur:2 q:42.93 aq:38.51 tex:4534 mv:2228 misc:814 imb:215 pmb:97 smb:1308 d:s ref:0 ;
in:3212 out:3212 type:P dur:2 cpbdur:2 q:42.93 aq:38.01 tex:4219 mv:2705 misc:884 imb:205 pmb:138 smb:1277 d:s ref:0 ;
in:3213 out:3213 type:P dur:2 cpbdur:2 q:42.92 aq:36.69 tex:5004 mv:3806 misc:862 imb:342 pmb:163 smb:1115 d:s ref:0 ;
in:3214 out:3214 type:P dur:2 cpbdur:2 q:42.96 aq:36.20 tex:4805 mv:3964 misc:863 imb:336 pmb:178 smb:1106 d:s ref:0 ;
in:3216 out:3215 type:P dur:2 cpbdur:2 q:42.98 aq:37.63 tex:4103 mv:3291 misc:974 imb:284 pmb:160 smb:1176 d:s ref:0 ;
in:3215 out:3216 type:b dur:2 cpbdur:2 q:42.98 aq:38.31 tex:159 mv:205 misc:492 imb:1 pmb:117 smb:1502 d:s ref:0 ;
in:3217 out:3217 type:P dur:2 cpbdur:2 q:42.96 aq:37.68 tex:3905 mv:3145 misc:1030 imb:191 pmb:183 smb:1246 d:s ref:0 ;
in:3219 out:3218 type:P dur:2 cpbdur:2 q:42.97 aq:34.57 tex:7338 mv:4741 misc:1105 imb:413 pmb:216 smb:991 d:s ref:0 ;
in:3218 out:3219 type:b dur:2 cpbdur:2 q:42.97 aq:39.39 tex:973 mv:1954 misc:769 imb:45 pmb:201 smb:1374 d:s ref:0 ;
in:3221 out:3220 type:P dur:2 cpbdur:2 q:42.97 aq:34.13 tex:8477 mv:4847 misc:1108 imb:366 pmb:227 smb:1027 d:s ref:0 ;
in:3220 out:3221 type:b dur:2 cpbdur:2 q:42.97 aq:39.27 tex:887 mv:1495 misc:714 imb:28 pmb:185 smb:1407 d:s ref:0 ;
in:3225 out:3222 type:P dur:2 cpbdur:2 q:43.00 aq:34.11 tex:8232 mv:4681 misc:1087 imb:362 pmb:215 smb:1043 d:s ref:0 ;
in:3223 out:3223 type:B dur:2 cpbdur:2 q:43.00 aq:40.02 tex:1653 mv:2407 misc:828 imb:64 pmb:217 smb:1339 d:s ref:0 ;
in:3222 out:3224 type:b dur:2 cpbdur:2 q:43.00 aq:38.75 tex:192 mv:322 misc:550 imb:2 pmb:128 smb:1490 d:s ref:0 ;
in:3224 out:3225 type:b dur:2 cpbdur:2 q:43.00 aq:40.20 tex:1208 mv:2023 misc:657 imb:65 pmb:182 smb:1373 d:- ref:0 ;
in:3227 out:3226 type:P dur:2 cpbdur:2 q:43.01 aq:33.58 tex:6773 mv:4180 misc:1167 imb:253 pmb:245 smb:1122 d:s ref:0 ;
in:3226 out:3227 type:b dur:2 cpbdur:2 q:43.01 aq:39.53 tex:591 mv:1375 misc:570 imb:38 pmb:125 smb:1457 d:t ref:0 ;
in:3231 out:3228 type:P dur:2 cpbdur:2 q:43.01 aq:34.06 tex:7983 mv:4465 misc:1112 imb:336 pmb:222 smb:1062 d:s ref:0 ;
in:3229 out:3229 type:B dur:2 cpbdur:2 q:43.01 aq:39.80 tex:849 mv:1486 misc:681 imb:18 pmb:154 smb:1448 d:s ref:0 ;
in:3228 out:3230 type:b dur:2 cpbdur:2 q:43.01 aq:28.00 tex:20 mv:240 misc:444 imb:0 pmb:93 smb:1527 d:s ref:0 ;
in:3230 out:3231 type:b dur:2 cpbdur:2 q:43.01 aq:43.99 tex:469 mv:1005 misc:470 imb:18 pmb:107 smb:1495 d:- ref:0 ;
in:3233 out:3232 type:P dur:2 cpbdur:2 q:43.01 aq:36.08 tex:5628 mv:3533 misc:1143 imb:158 pmb:249 smb:1213 d:s ref:0 ;
in:3232 out:3233 type:b dur:2 cpbdur:2 q:43.01 aq:40.09 tex:403 mv:619 misc:386 imb:10 pmb:60 smb:1550 d:t ref:0 ;
in:3236 out:3234 type:P dur:2 cpbdur:2 q:43.04 aq:34.87 tex:5345 mv:3496 misc:1127 imb:190 pmb:240 smb:1190 d:s ref:0 ;
in:3234 out:3235 type:B dur:2 cpbdur:2 q:43.04 aq:34.16 tex:156 mv:230 misc:414 imb:2 pmb:55 smb:1563 d:s ref:0 ;
in:3235 out:3236 type:b dur:2 cpbdur:2 q:43.04 aq:42.51 tex:372 mv:453 misc:375 imb:4 pmb:57 smb:1559 d:- ref:0 ;
in:3240 out:3237 type:P dur:2 cpbdur:2 q:42.99 aq:35.14 tex:5760 mv:3534 misc:1210 imb:222 pmb:217 smb:1181 d:s ref:0 w:4,15,1,7,121,7,123,5 ;
in:3238 out:3238 type:B dur:2 cpbdur:2 q:43.04 aq:38.17 tex:734 mv:959 misc:523 imb:22 pmb:92 smb:1506 d:s ref:0 ;
in:3237 out:3239 type:b dur:2 cpbdur:2 q:43.04 aq:38.02 tex:444 mv:640 misc:388 imb:15 pmb:62 smb:1543 d:s ref:0 ;
in:3239 out:3240 type:b dur:2 cpbdur:2 q:43.04 aq:36.35 tex:148 mv:170 misc:362 imb:2 pmb:66 smb:1552 d:- ref:0 ;
in:3244 out:3241 type:P dur:2 cpbdur:2 q:42.96 aq:32.92 tex:8177 mv:3807 misc:1160 imb:238 pmb:221 smb:1161 d:s ref:0 ;
in:3242 out:3242 type:B dur:2 cpbdur:2 q:42.99 aq:39.26 tex:1118 mv:1501 misc:669 imb:30 pmb:145 smb:1445 d:t ref:0 ;
in:3241 out:3243 type:b dur:2 cpbdur:2 q:42.99 aq:39.47 tex:352 mv:509 misc:339 imb:11 pmb:54 smb:1555 d:s ref:0 ;
in:3243 out:3244 type:b dur:2 cpbdur:2 q:42.99 aq:35.11 tex:272 mv:581 misc:347 imb:17 pmb:48 smb:1555 d:- ref:0 ;
in:3248 out:3245 type:P dur:2 cpbdur:2 q:42.94 aq:34.50 tex:6189 mv:3547 misc:1128 imb:213 pmb:206 smb:1201 d:s ref:0 ;
in:3246 out:3246 type:B dur:2 cpbdur:2 q:42.96 aq:37.18 tex:1252 mv:1340 misc:608 imb:30 pmb:117 smb:1473 d:t ref:0 ;
in:3245 out:3247 type:b dur:2 cpbdur:2 q:42.96 aq:35.80 tex:124 mv:177 misc:363 imb:1 pmb:54 smb:1565 d:s ref:0 ;
in:3247 out:3248 type:b dur:2 cpbdur:2 q:42.96 aq:36.72 tex:524 mv:614 misc:398 imb:23 pmb:53 smb:1544 d:- ref:0 ;
in:3251 out:3249 type:P dur:2 cpbdur:2 q:42.92 aq:34.88 tex:6537 mv:3833 misc:1182 imb:195 pmb:244 smb:1181 d:s ref:0 ;
in:3249 out:3250 type:B dur:2 cpbdur:2 q:42.94 aq:36.18 tex:593 mv:876 misc:419 imb:28 pmb:63 smb:1529 d:t ref:0 ;
in:3250 out:3251 type:b dur:2 cpbdur:2 q:42.94 aq:38.33 tex:377 mv:481 misc:350 imb:9 pmb:54 smb:1557 d:- ref:0 ;
in:3255 out:3252 type:P dur:2 cpbdur:2 q:42.91 aq:35.36 tex:6068 mv:3666 misc:1154 imb:190 pmb:241 smb:1189 d:s ref:0 ;
in:3253 out:3253 type:B dur:2 cpbdur:2 q:42.92 aq:35.97 tex:553 mv:746 misc:413 imb:9 pmb:72 smb:1539 d:t ref:0 ;
in:3252 out:3254 type:b dur:2 cpbdur:2 q:42.92 aq:37.26 tex:57 mv:82 misc:269 imb:0 pmb:28 smb:1592 d:s ref:0 ;
in:3254 out:3255 type:b dur:2 cpbdur:2 q:42.92 aq:44.11 tex:225 mv:590 misc:345 imb:13 pmb:48 smb:1559 d:- ref:0 ;
in:3257 out:3256 type:P dur:2 cpbdur:2 q:42.87 aq:33.30 tex:5541 mv:3074 misc:1145 imb:146 pmb:233 smb:1241 d:s ref:0 ;
in:3256 out:3257 type:b dur:2 cpbdur:2 q:42.91 aq:38.49 tex:251 mv:474 misc:339 imb:7 pmb:47 smb:1566 d:t ref:0 ;
in:3261 out:3258 type:P dur:2 cpbdur:2 q:42.89 aq:35.27 tex:6182 mv:3393 misc:1153 imb:181 pmb:229 smb:1210 d:s ref:0 ;
in:3259 out:3259 type:B dur:2 cpbdur:2 q:42.89 aq:37.94 tex:920 mv:1015 misc:441 imb:15 pmb:89 smb:1516 d:t ref:0 ;
in:3258 out:3260 type:b dur:2 cpbdur:2 q:42.89 aq:37.69 tex:94 mv:189 misc:309 imb:2 pmb:57 smb:1561 d:s ref:0 ;
in:3260 out:3261 type:b dur:2 cpbdur:2 q:42.89 aq:39.45 tex:572 mv:680 misc:380 imb:10 pmb:65 smb:1545 d:- ref:0 ;
in:3263 out:3262 type:P dur:2 cpbdur:2 q:42.84 aq:34.66 tex:6056 mv:3227 misc:1173 imb:181 pmb:219 smb:1220 d:s ref:0 ;
in:3262 out:3263 type:b dur:2 cpbdur:2 q:42.89 aq:42.76 tex:289 mv:434 misc:365 imb:5 pmb:59 smb:1556 d:t ref:0 ;
in:3267 out:3264 type:P dur:2 cpbdur:2 q:42.83 aq:34.52 tex:5938 mv:3351 misc:1215 imb:165 pmb:229 smb:1226 d:s ref:0 ;
in:3265 out:3265 type:B dur:2 cpbdur:2 q:42.84 aq:40.24 tex:531 mv:686 misc:399 imb:11 pmb:70 smb:1539 d:t ref:0 ;
in:3264 out:3266 type:b dur:2 cpbdur:2 q:42.84 aq:39.98 tex:110 mv:154 misc:296 imb:0 pmb:43 smb:1577 d:s ref:0 ;
in:3266 out:3267 type:b dur:2 cpbdur:2 q:42.84 aq:41.45 tex:255 mv:338 misc:327 imb:4 pmb:44 smb:1572 d:- ref:0 ;
in:3269 out:3268 type:P dur:2 cpbdur:2 q:42.80 aq:33.12 tex:6386 mv:3270 misc:1184 imb:153 pmb:249 smb:1218 d:s ref:0 ;
in:3268 out:3269 type:b dur:2 cpbdur:2 q:42.83 aq:44.77 tex:343 mv:408 misc:313 imb:11 pmb:39 smb:1570 d:t ref:0 ;
in:3273 out:3270 type:P dur:2 cpbdur:2 q:42.80 aq:35.62 tex:6746 mv:3455 misc:1143 imb:178 pmb:226 smb:1216 d:s ref:0 ;
in:3271 out:3271 type:B dur:2 cpbdur:2 q:42.80 aq:41.63 tex:554 mv:740 misc:474 imb:13 pmb:70 smb:1537 d:s ref:0 ;
in:3270 out:3272 type:b dur:2 cpbdur:2 q:42.80 aq:31.82 tex:45 mv:145 misc:338 imb:2 pmb:43 smb:1575 d:s ref:0 ;
in:3272 out:3273 type:b dur:2 cpbdur:2 q:42.80 aq:42.29 tex:293 mv:401 misc:346 imb:4 pmb:46 smb:1570 d:- ref:0 ;
in:3275 out:3274 type:P dur:2 cpbdur:2 q:42.77 aq:34.44 tex:6280 mv:3370 misc:1190 imb:160 pmb:245 smb:1215 d:s ref:0 ;
in:3274 out:3275 type:b dur:2 cpbdur:2 q:42.80 aq:42.58 tex:262 mv:310 misc:332 imb:0 pmb:47 smb:1573 d:t ref:0 ;
in:3279 out:3276 type:P dur:2 cpbdur:2 q:42.77 aq:35.77 tex:6348 mv:3238 misc:1174 imb:175 pmb:206 smb:1239 d:s ref:0 ;
in:3277 out:3277 type:B dur:2 cpbdur:2 q:42.77 aq:39.93 tex:640 mv:755 misc:525 imb:5 pmb:87 smb:1528 d:s ref:0 ;
in:3276 out:3278 type:b dur:2 cpbdur:2 q:42.77 aq:36.53 tex:125 mv:157 misc:366 imb:1 pmb:47 smb:1572 d:s ref:0 ;
in:3278 out:3279 type:b dur:2 cpbdur:2 q:42.77 aq:39.85 tex:441 mv:483 misc:380 imb:4 pmb:57 smb:1559 d:- ref:0 ;
in:3281 out:3280 type:P dur:2 cpbdur:2 q:42.74 aq:34.83 tex:5259 mv:2706 misc:1115 imb:128 pmb:222 smb:1270 d:s ref:0 ;
in:3280 out:3281 type:b dur:2 cpbdur:2 q:42.77 aq:41.15 tex:335 mv:486 misc:395 imb:1 pmb:64 smb:1555 d:t ref:0 ;
in:3285 out:3282 type:P dur:2 cpbdur:2 q:42.73 aq:36.66 tex:6463 mv:3301 misc:1156 imb:154 pmb:236 smb:1230 d:s ref:0 ;
in:3283 out:3283 type:B dur:2 cpbdur:2 q:42.74 aq:40.15 tex:776 mv:952 misc:552 imb:8 pmb:118 smb:1494 d:s ref:0 ;
in:3282 out:3284 type:b dur:2 cpbdur:2 q:42.74 aq:38.10 tex:168 mv:190 misc:378 imb:1 pmb:59 smb:1560 d:s ref:0 ;
in:3284 out:3285 type:b dur:2 cpbdur:2 q:42.74 aq:41.35 tex:515 mv:535 misc:414 imb:6 pmb:61 smb:1553 d:- ref:0 ;
in:3287 out:3286 type:P dur:2 cpbdur:2 q:42.70 aq:35.96 tex:6435 mv:2964 misc:1225 imb:146 pmb:231 smb:1243 d:s ref:0 ;
in:3286 out:3287 type:b dur:2 cpbdur:2 q:42.73 aq:42.43 tex:415 mv:592 misc:409 imb:2 pmb:73 smb:1545 d:t ref:0 ;
in:3291 out:3288 type:P dur:2 cpbdur:2 q:42.74 aq:36.51 tex:7580 mv:3710 misc:1206 imb:223 pmb:220 smb:1177 d:s ref:0 ;
in:3289 out:3289 type:B dur:2 cpbdur:2 q:42.74 aq:41.90 tex:1081 mv:1076 misc:611 imb:10 pmb:138 smb:1472 d:s ref:0 ;
in:3288 out:3290 type:b dur:2 cpbdur:2 q:42.74 aq:39.03 tex:128 mv:276 misc:444 imb:2 pmb:81 smb:1537 d:s ref:0 ;
in:3290 out:3291 type:b dur:2 cpbdur:2 q:42.74 aq:42.59 tex:617 mv:794 misc:493 imb:6 pmb:96 smb:1518 d:- ref:0 ;
in:3293 out:3292 type:P dur:2 cpbdur:2 q:42.69 aq:36.14 tex:7918 mv:3858 misc:1192 imb:191 pmb:260 smb:1169 d:s ref:0 ;
in:3292 out:3293 type:b dur:2 cpbdur:2 q:42.74 aq:42.13 tex:803 mv:752 misc:509 imb:4 pmb:114 smb:1502 d:t ref:0 ;
in:3297 out:3294 type:P dur:2 cpbdur:2 q:42.71 aq:36.74 tex:8376 mv:3848 misc:1240 imb:206 pmb:239 smb:1175 d:s ref:0 ;
in:3295 out:3295 type:B dur:2 cpbdur:2 q:42.71 aq:41.85 tex:1795 mv:1308 misc:657 imb:12 pmb:165 smb:1443 d:t ref:0 ;
in:3294 out:3296 type:b dur:2 cpbdur:2 q:42.71 aq:42.94 tex:381 mv:186 misc:489 imb:0 pmb:96 smb:1524 d:s ref:0 ;
in:3296 out:3297 type:b dur:2 cpbdur:2 q:42.71 aq:43.00 tex:1204 mv:1088 misc:548 imb:9 pmb:132 smb:1479 d:- ref:0 ;
in:3299 out:3298 type:P dur:2 cpbdur:2 q:42.69 aq:36.11 tex:7425 mv:3827 misc:1196 imb:168 pmb:263 smb:1189 d:s ref:0 ;
in:3298 out:3299 type:b dur:2 cpbdur:2 q:42.71 aq:42.20 tex:965 mv:1218 misc:577 imb:9 pmb:135 smb:1476 d:t ref:0 ;
in:3303 out:3300 type:P dur:2 cpbdur:2 q:42.70 aq:37.72 tex:7717 mv:4335 misc:1220 imb:231 pmb:251 smb:1138 d:s ref:0 ;
in:3301 out:3301 type:B dur:2 cpbdur:2 q:42.70 aq:39.97 tex:2036 mv:1591 misc:757 imb:30 pmb:187 smb:1403 d:s ref:0 ;
in:3300 out:3302 type:b dur:2 cpbdur:2 q:42.70 aq:41.03 tex:340 mv:289 misc:563 imb:0 pmb:144 smb:1476 d:s ref:0 ;
in:3302 out:3303 type:b dur:2 cpbdur:2 q:42.70 aq:42.04 tex:1204 mv:1568 misc:604 imb:18 pmb:152 smb:1450 d:- ref:0 ;
in:3305 out:3304 type:P dur:2 cpbdur:2 q:42.70 aq:36.43 tex:8545 mv:4166 misc:1241 imb:209 pmb:269 smb:1142 d:s ref:0 ;
in:3304 out:3305 type:b dur:2 cpbdur:2 q:42.70 aq:42.84 tex:1364 mv:1308 misc:672 imb:9 pmb:167 smb:1444 d:t ref:0 ;
in:3309 out:3306 type:P dur:2 cpbdur:2 q:42.71 aq:36.66 tex:9699 mv:4084 misc:1193 imb:265 pmb:241 smb:1114 d:s ref:0 ;
in:3307 out:3307 type:B dur:2 cpbdur:2 q:42.71 aq:41.06 tex:1786 mv:1663 misc:799 imb:10 pmb:224 smb:1386 d:s ref:0 ;
in:3306 out:3308 type:b dur:2 cpbdur:2 q:42.71 aq:42.36 tex:402 mv:353 misc:621 imb:2 pmb:126 smb:1492 d:s ref:0 ;
in:3308 out:3309 type:b dur:2 cpbdur:2 q:42.71 aq:43.00 tex:1351 mv:1311 misc:658 imb:4 pmb:185 smb:1431 d:- ref:0 ;
in:3311 out:3310 type:P dur:2 cpbdur:2 q:42.72 aq:36.30 tex:9295 mv:4452 misc:1229 imb:244 pmb:250 smb:1126 d:s ref:0 ;
in:3310 out:3311 type:b dur:2 cpbdur:2 q:42.72 aq:42.54 tex:2054 mv:1634 misc:712 imb:15 pmb:198 smb:1407 d:t ref:0 ;
in:3315 out:3312 type:P dur:2 cpbdur:2 q:42.74 aq:35.85 tex:10783 mv:4697 misc:1128 imb:367 pmb:224 smb:1029 d:s ref:0 ;
in:3313 out:3313 type:B dur:2 cpbdur:2 q:42.74 aq:41.35 tex:3867 mv:2732 misc:849 imb:59 pmb:243 smb:1318 d:s ref:0 ;
in:3312 out:3314 type:b dur:2 cpbdur:2 q:42.74 aq:40.23 tex:315 mv:320 misc:645 imb:5 pmb:127 smb:1488 d:s ref:0 ;
in:3314 out:3315 type:b dur:2 cpbdur:2 q:42.74 aq:42.42 tex:2257 mv:1790 misc:721 imb:23 pmb:211 smb:1386 d:- ref:0 ;
in:3317 out:3316 type:P dur:2 cpbdur:2 q:42.78 aq:34.07 tex:9280 mv:4824 misc:1144 imb:308 pmb:239 smb:1073 d:s ref:0 ;
in:3316 out:3317 type:b dur:2 cpbdur:2 q:42.78 aq:41.31 tex:1867 mv:1762 misc:699 imb:33 pmb:187 smb:1400 d:t ref:0 ;
in:3321 out:3318 type:P dur:2 cpbdur:2 q:42.80 aq:36.60 tex:8985 mv:4692 misc:1131 imb:365 pmb:219 smb:1036 d:s ref:0 ;
in:3319 out:3319 type:B dur:2 cpbdur:2 q:42.80 aq:37.89 tex:2042 mv:2064 misc:814 imb:49 pmb:222 smb:1349 d:s ref:0 ;
in:3318 out:3320 type:b dur:2 cpbdur:2 q:42.80 aq:38.72 tex:383 mv:297 misc:568 imb:3 pmb:104 smb:1513 d:s ref:0 ;
in:3320 out:3321 type:b dur:2 cpbdur:2 q:42.80 aq:40.93 tex:1378 mv:1187 misc:675 imb:19 pmb:148 smb:1453 d:- ref:0 ;
in:3323 out:3322 type:P dur:2 cpbdur:2 q:42.81 aq:36.49 tex:6773 mv:4323 misc:1256 imb:244 pmb:264 smb:1112 d:s ref:0 ;
in:3322 out:3323 type:b dur:2 cpbdur:2 q:42.81 aq:40.71 tex:882 mv:854 misc:616 imb:6 pmb:131 smb:1483 d:t ref:0 ;
in:3327 out:3324 type:P dur:2 cpbdur:2 q:42.83 aq:35.56 tex:7209 mv:4542 misc:1233 imb:313 pmb:244 smb:1063 d:s ref:0 ;
in:3325 out:3325 type:B dur:2 cpbdur:2 q:42.83 aq:36.77 tex:1208 mv:1566 misc:882 imb:26 pmb:213 smb:1381 d:s ref:0 ;
in:3324 out:3326 type:b dur:2 cpbdur:2 q:42.83 aq:38.01 tex:212 mv:204 misc:592 imb:2 pmb:101 smb:1517 d:s ref:0 ;
in:3326 out:3327 type:b dur:2 cpbdur:2 q:42.83 aq:40.83 tex:856 mv:938 misc:630 imb:5 pmb:146 smb:1469 d:- ref:0 ;
in:3329 out:3328 type:P dur:2 cpbdur:2 q:42.81 aq:35.69 tex:6998 mv:4340 misc:1214 imb:285 pmb:238 smb:1097 d:s ref:0 ;
in:3328 out:3329 type:b dur:2 cpbdur:2 q:42.83 aq:40.41 tex:844 mv:967 misc:637 imb:9 pmb:143 smb:1468 d:t ref:0 ;
in:3333 out:3330 type:P dur:2 cpbdur:2 q:42.84 aq:36.99 tex:7310 mv:4419 misc:1199 imb:347 pmb:207 smb:1066 d:s ref:0 ;
in:3331 out:3331 type:B dur:2 cpbdur:2 q:42.84 aq:39.89 tex:1830 mv:1873 misc:849 imb:33 pmb:216 smb:1371 d:s ref:0 ;
in:3330 out:3332 type:b dur:2 cpbdur:2 q:42.84 aq:39.04 tex:247 mv:227 misc:478 imb:0 pmb:80 smb:1540 d:s ref:0 ;
in:3332 out:3333 type:b dur:2 cpbdur:2 q:42.84 aq:39.80 tex:987 mv:1310 misc:639 imb:18 pmb:148 smb:1454 d:- ref:0 ;
in:3335 out:3334 type:P dur:2 cpbdur:2 q:42.82 aq:35.52 tex:6479 mv:3974 misc:1243 imb:279 pmb:206 smb:1135 d:s ref:0 ;
in:3334 out:3335 type:b dur:2 cpbdur:2 q:42.84 aq:39.40 tex:971 mv:1285 misc:640 imb:15 pmb:161 smb:1444 d:s ref:0 ;
in:3337 out:3336 type:P dur:2 cpbdur:2 q:42.87 aq:37.10 tex:2210 mv:1804 misc:802 imb:156 pmb:82 smb:1382 d:s ref:0 ;
in:3336 out:3337 type:b dur:2 cpbdur:2 q:42.87 aq:40.35 tex:203 mv:153 misc:452 imb:0 pmb:78 smb:1542 d:s ref:0 ;
in:3338 out:3338 type:I dur:2 cpbdur:2 q:39.88 aq:28.50 tex:33619 mv:8117 misc:136 imb:1620 pmb:0 smb:0 d:s ref:;
in:3341 out:3339 type:P dur:2 cpbdur:2 q:42.92 aq:34.12 tex:7141 mv:4615 misc:1196 imb:319 pmb:227 smb:1074 d:s ref:0 ;
in:3339 out:3340 type:B dur:2 cpbdur:2 q:42.92 aq:38.46 tex:1246 mv:1531 misc:703 imb:28 pmb:181 smb:1411 d:s ref:0 ;
in:3340 out:3341 type:b dur:2 cpbdur:2 q:42.92 aq:39.95 tex:2070 mv:1466 misc:656 imb:30 pmb:162 smb:1428 d:- ref:0 ;
in:3345 out:3342 type:P dur:2 cpbdur:2 q:42.94 aq:36.96 tex:6712 mv:4535 misc:1225 imb:303 pmb:248 smb:1069 d:s ref:0 ;
in:3343 out:3343 type:B dur:2 cpbdur:2 q:42.94 aq:38.55 tex:1369 mv:1436 misc:755 imb:19 pmb:202 smb:1399 d:s ref:0 ;
in:3342 out:3344 type:b dur:2 cpbdur:2 q:42.94 aq:41.84 tex:178 mv:228 misc:538 imb:1 pmb:91 smb:1528 d:s ref:0 ;
in:3344 out:3345 type:b dur:2 cpbdur:2 q:42.94 aq:40.36 tex:1184 mv:1303 misc:665 imb:20 pmb:177 smb:1423 d:- ref:0 ;
in:3347 out:3346 type:P dur:2 cpbdur:2 q:42.94 aq:36.80 tex:8604 mv:4503 misc:1237 imb:283 pmb:259 smb:1078 d:s ref:0 ;
in:3346 out:3347 type:b dur:2 cpbdur:2 q:42.94 aq:40.30 tex:1413 mv:1382 misc:757 imb:19 pmb:221 smb:1380 d:s ref:0 ;
in:3351 out:3348 type:P dur:2 cpbdur:2 q:42.94 aq:37.63 tex:10432 mv:4782 misc:1090 imb:396 pmb:218 smb:1006 d:s ref:0 ;
in:3349 out:3349 type:B dur:2 cpbdur:2 q:42.94 aq:40.01 tex:3553 mv:2618 misc:877 imb:90 pmb:230 smb:1300 d:s ref:0 ;
in:3348 out:3350 type:b dur:2 cpbdur:2 q:42.94 aq:40.58 tex:288 mv:238 misc:546 imb:2 pmb:95 smb:1523 d:s ref:0 ;
in:3350 out:3351 type:b dur:2 cpbdur:2 q:42.94 aq:40.71 tex:3620 mv:2931 misc:705 imb:105 pmb:229 smb:1286 d:- ref:0 ;
in:3352 out:3352 type:P dur:2 cpbdur:2 q:42.99 aq:37.60 tex:7941 mv:4099 misc:1104 imb:379 pmb:175 smb:1066 d:s ref:0 ;
in:3356 out:3353 type:P dur:2 cpbdur:2 q:43.00 aq:36.07 tex:8022 mv:4636 misc:1118 imb:455 pmb:183 smb:982 d:s ref:0 ;
in:3354 out:3354 type:B dur:2 cpbdur:2 q:43.00 aq:39.18 tex:3794 mv:2897 misc:909 imb:101 pmb:244 smb:1275 d:s ref:0 ;
in:3353 out:3355 type:b dur:2 cpbdur:2 q:43.00 aq:38.44 tex:413 mv:269 misc:574 imb:7 pmb:98 smb:1515 d:s ref:0 ;
in:3355 out:3356 type:b dur:2 cpbdur:2 q:43.00 aq:40.83 tex:2204 mv:1184 misc:692 imb:24 pmb:176 smb:1420 d:- ref:0 ;
in:3360 out:3357 type:P dur:2 cpbdur:2 q:43.03 aq:36.21 tex:9153 mv:4979 misc:1084 imb:475 pmb:209 smb:936 d:s ref:0 ;
in:3358 out:3358 type:B dur:2 cpbdur:2 q:43.03 aq:38.52 tex:2810 mv:1990 misc:808 imb:47 pmb:210 smb:1363 d:s ref:0 ;
in:3357 out:3359 type:b dur:2 cpbdur:2 q:43.03 aq:39.75 tex:2581 mv:1632 misc:715 imb:45 pmb:204 smb:1371 d:s ref:0 ;
in:3359 out:3360 type:b dur:2 cpbdur:2 q:43.03 aq:40.37 tex:458 mv:210 misc:580 imb:2 pmb:113 smb:1505 d:- ref:0 ;
in:3364 out:3361 type:P dur:2 cpbdur:2 q:43.04 aq:33.54 tex:13059 mv:5489 misc:932 imb:510 pmb:213 smb:897 d:s ref:0 ;
in:3362 out:3362 type:B dur:2 cpbdur:2 q:43.04 aq:39.27 tex:3416 mv:3016 misc:848 imb:95 pmb:251 smb:1274 d:s ref:0 ;
in:3361 out:3363 type:b dur:2 cpbdur:2 q:43.04 aq:38.96 tex:1889 mv:1766 misc:681 imb:75 pmb:180 smb:1365 d:s ref:0 ;
in:3363 out:3364 type:b dur:2 cpbdur:2 q:43.04 aq:41.20 tex:1632 mv:1097 misc:607 imb:11 pmb:187 smb:1422 d:- ref:0 ;
in:3368 out:3365 type:P dur:2 cpbdur:2 q:43.08 aq:35.76 tex:9688 mv:4236 misc:1164 imb:264 pmb:229 smb:1127 d:s ref:0 ;
in:3366 out:3366 type:B dur:2 cpbdur:2 q:43.08 aq:39.18 tex:2153 mv:1868 misc:755 imb:33 pmb:195 smb:1392 d:s ref:0 ;
in:3365 out:3367 type:b dur:2 cpbdur:2 q:43.08 aq:38.34 tex:222 mv:223 misc:531 imb:4 pmb:91 smb:1525 d:s ref:0 ;
in:3367 out:3368 type:b dur:2 cpbdur:2 q:43.08 aq:42.35 tex:1364 mv:1206 misc:574 imb:13 pmb:169 smb:1438 d:- ref:0 ;
in:3372 out:3369 type:P dur:2 cpbdur:2 q:43.09 aq:36.56 tex:9244 mv:4630 misc:1174 imb:275 pmb:243 smb:1102 d:s ref:0 ;
in:3370 out:3370 type:B dur:2 cpbdur:2 q:43.09 aq:40.05 tex:2287 mv:2146 misc:791 imb:38 pmb:235 smb:1347 d:s ref:0 ;
in:3369 out:3371 type:b dur:2 cpbdur:2 q:43.09 aq:40.49 tex:1817 mv:1667 misc:732 imb:30 pmb:181 smb:1409 d:s ref:0 ;
in:3371 out:3372 type:b dur:2 cpbdur:2 q:43.09 aq:39.29 tex:215 mv:256 misc:625 imb:3 pmb:103 smb:1514 d:- ref:0 ;
in:3374 out:3373 type:P dur:2 cpbdur:2 q:43.10 aq:37.21 tex:7362 mv:4078 misc:1168 imb:243 pmb:241 smb:1136 d:s ref:0 ;
in:3373 out:3374 type:b dur:2 cpbdur:2 q:43.10 aq:40.64 tex:1212 mv:1382 misc:710 imb:10 pmb:169 smb:1441 d:s ref:0 ;
in:3376 out:3375 type:P dur:2 cpbdur:2 q:43.10 aq:35.83 tex:7284 mv:4399 misc:1165 imb:209 pmb:274 smb:1137 d:s ref:0 ;
in:3375 out:3376 type:b dur:2 cpbdur:2 q:43.10 aq:40.82 tex:909 mv:1086 misc:661 imb:10 pmb:137 smb:1473 d:s ref:0 ;
in:3380 out:3377 type:P dur:2 cpbdur:2 q:43.12 aq:36.96 tex:8454 mv:4518 misc:1132 imb:281 pmb:245 smb:1094 d:s ref:0 ;
in:3378 out:3378 type:B dur:2 cpbdur:2 q:43.12 aq:39.80 tex:1453 mv:1900 misc:815 imb:8 pmb:210 smb:1402 d:s ref:0 ;
in:3377 out:3379 type:b dur:2 cpbdur:2 q:43.12 aq:34.86 tex:153 mv:255 misc:568 imb:4 pmb:97 smb:1519 d:s ref:0 ;
in:3379 out:3380 type:b dur:2 cpbdur:2 q:43.12 aq:40.96 tex:932 mv:1160 misc:636 imb:11 pmb:142 smb:1467 d:- ref:0 ;
in:3383 out:3381 type:P dur:2 cpbdur:2 q:43.12 aq:35.30 tex:9462 mv:4732 misc:1246 imb:260 pmb:275 smb:1085 d:s ref:0 ;
in:3381 out:3382 type:B dur:2 cpbdur:2 q:43.12 aq:41.35 tex:1551 mv:1678 misc:771 imb:19 pmb:194 smb:1407 d:s ref:0 ;
in:3382 out:3383 type:b dur:2 cpbdur:2 q:43.12 aq:43.77 tex:906 mv:1254 misc:656 imb:3 pmb:162 smb:1455 d:- ref:0 ;
in:3387 out:3384 type:P dur:2 cpbdur:2 q:43.13 aq:34.88 tex:7808 mv:4416 misc:1224 imb:280 pmb:234 smb:1106 d:s ref:0 ;
in:3385 out:3385 type:B dur:2 cpbdur:2 q:43.13 aq:38.56 tex:1295 mv:1707 misc:758 imb:28 pmb:168 smb:1424 d:s ref:0 ;
in:3384 out:3386 type:b dur:2 cpbdur:2 q:43.13 aq:39.45 tex:208 mv:340 misc:548 imb:1 pmb:100 smb:1519 d:s ref:0 ;
in:3386 out:3387 type:b dur:2 cpbdur:2 q:43.13 aq:40.03 tex:967 mv:1149 misc:628 imb:5 pmb:146 smb:1469 d:- ref:0 ;
in:3389 out:3388 type:P dur:2 cpbdur:2 q:43.12 aq:35.68 tex:8366 mv:3966 misc:1172 imb:247 pmb:229 smb:1144 d:s ref:0 ;
in:3388 out:3389 type:b dur:2 cpbdur:2 q:43.13 aq:41.01 tex:968 mv:1292 misc:660 imb:5 pmb:171 smb:1444 d:t ref:0 ;
in:3393 out:3390 type:P dur:2 cpbdur:2 q:43.14 aq:35.39 tex:7671 mv:4029 misc:1196 imb:263 pmb:227 smb:1130 d:s ref:0 ;
in:3391 out:3391 type:B dur:2 cpbdur:2 q:43.14 aq:38.83 tex:1296 mv:1455 misc:737 imb:23 pmb:159 smb:1438 d:s ref:0 ;
in:3390 out:3392 type:b dur:2 cpbdur:2 q:43.14 aq:40.75 tex:255 mv:303 misc:578 imb:1 pmb:113 smb:1506 d:s ref:0 ;
in:3392 out:3393 type:b dur:2 cpbdur:2 q:43.14 aq:40.70 tex:900 mv:1000 misc:612 imb:10 pmb:121 smb:1489 d:- ref:0 ;
in:3395 out:3394 type:P dur:2 cpbdur:2 q:43.13 aq:34.86 tex:5902 mv:3364 misc:1206 imb:205 pmb:230 smb:1185 d:s ref:0 ;
in:3394 out:3395 type:b dur:2 cpbdur:2 q:43.14 aq:40.22 tex:724 mv:803 misc:569 imb:7 pmb:99 smb:1514 d:t ref:0 ;
in:3399 out:3396 type:P dur:2 cpbdur:2 q:43.13 aq:36.08 tex:5807 mv:3490 misc:1191 imb:214 pmb:207 smb:1199 d:s ref:0 ;
in:3397 out:3397 type:B dur:2 cpbdur:2 q:43.13 aq:40.58 tex:776 mv:1147 misc:613 imb:17 pmb:124 smb:1479 d:s ref:0 ;
in:3396 out:3398 type:b dur:2 cpbdur:2 q:43.13 aq:38.51 tex:152 mv:229 misc:443 imb:1 pmb:68 smb:1551 d:s ref:0 ;
in:3398 out:3399 type:b dur:2 cpbdur:2 q:43.13 aq:40.56 tex:502 mv:866 misc:520 imb:7 pmb:95 smb:1518 d:- ref:0 ;
in:3401 out:3400 type:P dur:2 cpbdur:2 q:43.11 aq:35.12 tex:5268 mv:3128 misc:1188 imb:192 pmb:200 smb:1228 d:s ref:0 ;
in:3400 out:3401 type:b dur:2 cpbdur:2 q:43.13 aq:40.60 tex:420 mv:667 misc:473 imb:4 pmb:75 smb:1541 d:t ref:0 ;
in:3405 out:3402 type:P dur:2 cpbdur:2 q:43.11 aq:36.84 tex:5635 mv:3617 misc:1212 imb:198 pmb:216 smb:1206 d:s ref:0 ;
in:3403 out:3403 type:B dur:2 cpbdur:2 q:43.11 aq:39.34 tex:930 mv:969 misc:549 imb:11 pmb:102 smb:1507 d:s ref:0 ;
in:3402 out:3404 type:b dur:2 cpbdur:2 q:43.11 aq:35.69 tex:127 mv:176 misc:417 imb:1 pmb:62 smb:1557 d:s ref:0 ;
in:3404 out:3405 type:b dur:2 cpbdur:2 q:43.11 aq:42.24 tex:501 mv:652 misc:431 imb:4 pmb:70 smb:1546 d:- ref:0 ;
in:3407 out:3406 type:P dur:2 cpbdur:2 q:43.08 aq:36.01 tex:4896 mv:3156 misc:1228 imb:173 pmb:217 smb:1230 d:s ref:0 w:5,33,-1 ;
in:3406 out:3407 type:b dur:2 cpbdur:2 q:43.11 aq:39.90 tex:374 mv:551 misc:371 imb:5 pmb:51 smb:1564 d:t ref:0 ;
in:3411 out:3408 type:P dur:2 cpbdur:2 q:43.08 aq:36.03 tex:6675 mv:3729 misc:1276 imb:209 pmb:231 smb:1180 d:s ref:0 w:6,71,-2 ;
in:3409 out:3409 type:B dur:2 cpbdur:2 q:43.08 aq:39.08 tex:1142 mv:1037 misc:621 imb:12 pmb:114 smb:1494 d:t ref:0 ;
in:3408 out:3410 type:b dur:2 cpbdur:2 q:43.08 aq:38.55 tex:174 mv:141 misc:357 imb:0 pmb:42 smb:1578 d:s ref:0 ;
in:3410 out:3411 type:b dur:2 cpbdur:2 q:43.08 aq:41.40 tex:386 mv:467 misc:363 imb:0 pmb:55 smb:1565 d:- ref:0 ;
in:3413 out:3412 type:P dur:2 cpbdur:2 q:43.06 aq:36.07 tex:6664 mv:3613 misc:1299 imb:190 pmb:255 smb:1175 d:s ref:0 w:6,69,-1,6,71,-14,64,0 ;
in:3412 out:3413 type:b dur:2 cpbdur:2 q:43.08 aq:41.78 tex:693 mv:551 misc:316 imb:2 pmb:56 smb:1562 d:t ref:0 ;
in:3417 out:3414 type:P dur:2 cpbdur:2 q:43.06 aq:37.74 tex:8275 mv:3520 misc:1221 imb:200 pmb:246 smb:1174 d:s ref:0 w:6,57,2 ;
in:3415 out:3415 type:B dur:2 cpbdur:2 q:43.06 aq:40.53 tex:1301 mv:1121 misc:674 imb:22 pmb:131 smb:1467 d:s ref:0 ;
in:3414 out:3416 type:b dur:2 cpbdur:2 q:43.06 aq:41.93 tex:172 mv:143 misc:373 imb:1 pmb:48 smb:1571 d:s ref:0 ;
in:3416 out:3417 type:b dur:2 cpbdur:2 q:43.06 aq:41.37 tex:575 mv:793 misc:408 imb:11 pmb:72 smb:1537 d:- ref:0 ;
in:3419 out:3418 type:P dur:2 cpbdur:2 q:44.77 aq:39.65 tex:10125 mv:3217 misc:1082 imb:155 pmb:279 smb:1186 d:s ref:0 w:7,107,3 ;
in:3418 out:3419 type:b dur:2 cpbdur:2 q:44.74 aq:44.32 tex:745 mv:604 misc:355 imb:11 pmb:58 smb:1551 d:t ref:0 ;
in:3423 out:3420 type:P dur:2 cpbdur:2 q:44.53 aq:37.93 tex:15605 mv:3387 misc:1112 imb:269 pmb:224 smb:1127 d:s ref:0 w:5,27,2,6,64,0,61,6 ;
in:3421 out:3421 type:B dur:2 cpbdur:2 q:44.76 aq:43.80 tex:1685 mv:857 misc:642 imb:8 pmb:130 smb:1482 d:t ref:0 ;
in:3420 out:3422 type:b dur:2 cpbdur:2 q:44.77 aq:44.67 tex:241 mv:176 misc:335 imb:0 pmb:50 smb:1570 d:s ref:0 ;
in:3422 out:3423 type:b dur:2 cpbdur:2 q:44.76 aq:45.48 tex:1000 mv:634 misc:510 imb:3 pmb:82 smb:1535 d:- ref:0 ;
in:3425 out:3424 type:P dur:2 cpbdur:2 q:44.46 aq:39.81 tex:20379 mv:3690 misc:971 imb:249 pmb:255 smb:1116 d:s ref:0 ;
in:3424 out:3425 type:b dur:2 cpbdur:2 q:44.53 aq:45.12 tex:1107 mv:420 misc:473 imb:1 pmb:76 smb:1543 d:t ref:0 ;
in:3429 out:3426 type:P dur:2 cpbdur:2 q:44.76 aq:38.59 tex:16140 mv:3581 misc:951 imb:361 pmb:164 smb:1095 d:s ref:0 ;
in:3427 out:3427 type:B dur:2 cpbdur:2 q:44.76 aq:43.13 tex:3815 mv:1728 misc:761 imb:18 pmb:223 smb:1379 d:t ref:0 ;
in:3426 out:3428 type:b dur:2 cpbdur:2 q:44.75 aq:44.28 tex:174 mv:101 misc:349 imb:0 pmb:38 smb:1582 d:s ref:0 ;
in:3428 out:3429 type:b dur:2 cpbdur:2 q:44.76 aq:44.89 tex:2714 mv:684 misc:618 imb:5 pmb:154 smb:1461 d:- ref:0 ;
in:3431 out:3430 type:P dur:2 cpbdur:2 q:44.98 aq:40.63 tex:18624 mv:3629 misc:835 imb:265 pmb:233 smb:1122 d:s ref:0 ;
in:3430 out:3431 type:b dur:2 cpbdur:2 q:44.98 aq:44.81 tex:1315 mv:630 misc:511 imb:9 pmb:92 smb:1519 d:t ref:0 ;
in:3435 out:3432 type:P dur:2 cpbdur:2 q:45.11 aq:41.89 tex:13062 mv:3351 misc:867 imb:365 pmb:150 smb:1105 d:s ref:0 ;
in:3433 out:3433 type:B dur:2 cpbdur:2 q:45.11 aq:43.29 tex:3449 mv:1623 misc:760 imb:26 pmb:215 smb:1379 d:t ref:0 ;
in:3432 out:3434 type:b dur:2 cpbdur:2 q:45.10 aq:45.55 tex:235 mv:125 misc:336 imb:0 pmb:52 smb:1568 d:s ref:0 ;
in:3434 out:3435 type:b dur:2 cpbdur:2 q:45.11 aq:45.05 tex:1592 mv:560 misc:544 imb:3 pmb:112 smb:1505 d:- ref:0 ;
in:3437 out:3436 type:P dur:2 cpbdur:2 q:43.76 aq:36.94 tex:25507 mv:4641 misc:1044 imb:384 pmb:285 smb:951 d:s ref:0 ;
in:3436 out:3437 type:b dur:2 cpbdur:2 q:45.09 aq:44.59 tex:804 mv:418 misc:490 imb:1 pmb:66 smb:1553 d:t ref:0 ;
in:3441 out:3438 type:P dur:2 cpbdur:2 q:43.99 aq:37.71 tex:18088 mv:4023 misc:929 imb:447 pmb:181 smb:992 d:s ref:0 ;
in:3439 out:3439 type:B dur:2 cpbdur:2 q:43.99 aq:41.20 tex:3690 mv:2913 misc:877 imb:38 pmb:269 smb:1313 d:s ref:0 ;
in:3438 out:3440 type:b dur:2 cpbdur:2 q:43.99 aq:41.17 tex:209 mv:146 misc:373 imb:1 pmb:41 smb:1578 d:s ref:0 ;
in:3440 out:3441 type:b dur:2 cpbdur:2 q:43.99 aq:43.53 tex:1972 mv:1351 misc:725 imb:13 pmb:165 smb:1442 d:- ref:0 ;
in:3443 out:3442 type:P dur:2 cpbdur:2 q:43.36 aq:34.85 tex:25131 mv:4596 misc:905 imb:343 pmb:288 smb:989 d:s ref:0 ;
in:3442 out:3443 type:b dur:2 cpbdur:2 q:43.98 aq:41.56 tex:910 mv:996 misc:590 imb:4 pmb:99 smb:1517 d:t ref:0 ;
in:3447 out:3444 type:P dur:2 cpbdur:2 q:43.51 aq:37.42 tex:21723 mv:4707 misc:922 imb:455 pmb:230 smb:935 d:s ref:0 ;
in:3445 out:3445 type:B dur:2 cpbdur:2 q:43.51 aq:39.44 tex:3847 mv:3215 misc:898 imb:24 pmb:307 smb:1289 d:s ref:0 ;
in:3444 out:3446 type:b dur:2 cpbdur:2 q:43.50 aq:39.26 tex:63 mv:96 misc:273 imb:2 pmb:17 smb:1601 d:s ref:0 ;
in:3446 out:3447 type:b dur:2 cpbdur:2 q:43.51 aq:41.62 tex:2467 mv:1729 misc:812 imb:9 pmb:200 smb:1411 d:- ref:0 ;
in:3449 out:3448 type:P dur:2 cpbdur:2 q:43.50 aq:38.01 tex:25027 mv:5009 misc:932 imb:357 pmb:329 smb:934 d:s ref:0 ;
in:3448 out:3449 type:b dur:2 cpbdur:2 q:43.51 aq:43.44 tex:1863 mv:1613 misc:692 imb:11 pmb:149 smb:1460 d:t ref:0 ;
in:3453 out:3450 type:P dur:2 cpbdur:2 q:43.56 aq:39.49 tex:21055 mv:5017 misc:872 imb:486 pmb:239 smb:895 d:s ref:0 ;
in:3451 out:3451 type:B dur:2 cpbdur:2 q:43.56 aq:42.51 tex:4281 mv:3060 misc:1011 imb:21 pmb:313 smb:1286 d:s ref:0 ;
in:3450 out:3452 type:b dur:2 cpbdur:2 q:43.56 aq:41.86 tex:268 mv:239 misc:429 imb:2 pmb:54 smb:1564 d:s ref:0 ;
in:3452 out:3453 type:b dur:2 cpbdur:2 q:43.56 aq:43.90 tex:2506 mv:1762 misc:828 imb:11 pmb:200 smb:1409 d:- ref:0 ;
in:3455 out:3454 type:P dur:2 cpbdur:2 q:43.64 aq:37.23 tex:25346 mv:5489 misc:869 imb:347 pmb:372 smb:901 d:s ref:0 ;
in:3454 out:3455 type:b dur:2 cpbdur:2 q:43.64 aq:41.71 tex:1455 mv:1801 misc:752 imb:4 pmb:160 smb:1456 d:t ref:0 ;
in:3459 out:3456 type:P dur:2 cpbdur:2 q:43.71 aq:40.04 tex:20678 mv:5120 misc:890 imb:463 pmb:253 smb:904 d:s ref:0 ;
in:3457 out:3457 type:B dur:2 cpbdur:2 q:43.71 aq:41.54 tex:3457 mv:3294 misc:985 imb:21 pmb:305 smb:1294 d:s ref:0 ;
in:3456 out:3458 type:b dur:2 cpbdur:2 q:43.71 aq:41.41 tex:116 mv:90 misc:282 imb:1 pmb:21 smb:1598 d:s ref:0 ;
in:3458 out:3459 type:b dur:2 cpbdur:2 q:43.71 aq:42.76 tex:2695 mv:1882 misc:839 imb:12 pmb:198 smb:1410 d:- ref:0 ;
in:3461 out:3460 type:P dur:2 cpbdur:2 q:43.78 aq:40.11 tex:24221 mv:5499 misc:1000 imb:349 pmb:376 smb:895 d:s ref:0 ;
in:3460 out:3461 type:b dur:2 cpbdur:2 q:43.78 aq:42.73 tex:1552 mv:1573 misc:739 imb:4 pmb:159 smb:1457 d:t ref:0 ;
in:3465 out:3462 type:P dur:2 cpbdur:2 q:43.84 aq:39.27 tex:19012 mv:5351 misc:901 imb:552 pmb:245 smb:823 d:s ref:0 w:6,63,0 ;
in:3463 out:3463 type:B dur:2 cpbdur:2 q:43.84 aq:39.78 tex:3022 mv:3051 misc:1047 imb:25 pmb:294 smb:1301 d:s ref:0 ;
in:3462 out:3464 type:b dur:2 cpbdur:2 q:43.84 aq:41.36 tex:150 mv:130 misc:352 imb:1 pmb:35 smb:1584 d:s ref:0 ;
in:3464 out:3465 type:b dur:2 cpbdur:2 q:43.84 aq:43.80 tex:2139 mv:1609 misc:828 imb:7 pmb:188 smb:1425 d:- ref:0 ;
in:3467 out:3466 type:P dur:2 cpbdur:2 q:43.91 aq:40.09 tex:22383 mv:5626 misc:983 imb:366 pmb:378 smb:876 d:s ref:0 w:5,31,1,5,39,-28,32,0 ;
in:3466 out:3467 type:b dur:2 cpbdur:2 q:43.91 aq:43.47 tex:1129 mv:1216 misc:727 imb:6 pmb:136 smb:1478 d:t ref:0 ;
in:3471 out:3468 type:P dur:2 cpbdur:2 q:43.98 aq:40.06 tex:15437 mv:4937 misc:986 imb:501 pmb:223 smb:896 d:s ref:0 w:5,29,2 ;
in:3469 out:3469 type:B dur:2 cpbdur:2 q:43.97 aq:42.61 tex:2627 mv:2290 misc:1011 imb:15 pmb:267 smb:1338 d:s ref:0 ;
in:3468 out:3470 type:b dur:2 cpbdur:2 q:43.97 aq:40.42 tex:132 mv:75 misc:281 imb:0 pmb:22 smb:1598 d:s ref:0 ;
in:3470 out:3471 type:b dur:2 cpbdur:2 q:43.98 aq:42.43 tex:1377 mv:1055 misc:744 imb:8 pmb:133 smb:1479 d:- ref:0 ;
in:3473 out:3472 type:P dur:2 cpbdur:2 q:44.01 aq:39.77 tex:16603 mv:4912 misc:1021 imb:350 pmb:338 smb:932 d:s ref:0 w:6,57,2 ;
in:3472 out:3473 type:b dur:2 cpbdur:2 q:44.01 aq:42.72 tex:999 mv:595 misc:590 imb:2 pmb:88 smb:1530 d:t ref:0 ;
in:3477 out:3474 type:P dur:2 cpbdur:2 q:44.04 aq:39.98 tex:7881 mv:3616 misc:1047 imb:371 pmb:174 smb:1075 d:s ref:0 w:6,47,4 ;
in:3475 out:3475 type:B dur:2 cpbdur:2 q:44.04 aq:40.31 tex:2020 mv:1250 misc:882 imb:9 pmb:203 smb:1408 d:s ref:0 ;
in:3474 out:3476 type:b dur:2 cpbdur:2 q:44.04 aq:42.76 tex:197 mv:92 misc:359 imb:1 pmb:33 smb:1586 d:s ref:0 ;
in:3476 out:3477 type:b dur:2 cpbdur:2 q:44.04 aq:42.24 tex:757 mv:467 misc:512 imb:8 pmb:65 smb:1547 d:- ref:0 ;
in:3478 out:3478 type:P dur:2 cpbdur:2 q:44.04 aq:40.07 tex:2780 mv:1244 misc:928 imb:81 pmb:125 smb:1414 d:s ref:0 w:6,55,2 ;
in:3479 out:3479 type:I dur:2 cpbdur:2 q:40.97 aq:31.15 tex:31399 mv:8073 misc:120 imb:1620 pmb:0 smb:0 d:s ref:w:6,55,2 ;
in:3483 out:3480 type:P dur:2 cpbdur:2 q:44.15 aq:35.79 tex:5451 mv:2747 misc:842 imb:528 pmb:52 smb:1040 d:s ref:0 ;
in:3481 out:3481 type:B dur:2 cpbdur:2 q:44.15 aq:41.97 tex:659 mv:591 misc:494 imb:6 pmb:76 smb:1538 d:t ref:0 ;
in:3480 out:3482 type:b dur:2 cpbdur:2 q:44.15 aq:43.50 tex:66 mv:43 misc:243 imb:0 pmb:18 smb:1602 d:s ref:0 ;
in:3482 out:3483 type:b dur:2 cpbdur:2 q:44.15 aq:40.81 tex:489 mv:362 misc:341 imb:6 pmb:37 smb:1577 d:- ref:0 ;
in:3485 out:3484 type:P dur:2 cpbdur:2 q:44.09 aq:33.45 tex:3733 mv:2384 misc:891 imb:402 pmb:51 smb:1167 d:s ref:0 ;
in:3484 out:3485 type:b dur:2 cpbdur:2 q:44.15 aq:40.24 tex:234 mv:122 misc:268 imb:2 pmb:23 smb:1595 d:s ref:0 ;
in:3489 out:3486 type:P dur:2 cpbdur:2 q:44.09 aq:35.73 tex:3362 mv:2585 misc:773 imb:420 pmb:52 smb:1148 d:s ref:0 ;
in:3487 out:3487 type:B dur:2 cpbdur:2 q:44.09 aq:37.79 tex:351 mv:266 misc:343 imb:10 pmb:36 smb:1574 d:s ref:0 ;
in:3486 out:3488 type:b dur:2 cpbdur:2 q:44.09 aq:37.29 tex:99 mv:40 misc:213 imb:1 pmb:9 smb:1610 d:s ref:0 ;
in:3488 out:3489 type:b dur:2 cpbdur:2 q:44.09 aq:35.94 tex:90 mv:38 misc:184 imb:1 pmb:8 smb:1611 d:- ref:0 ;
in:3491 out:3490 type:P dur:2 cpbdur:2 q:44.03 aq:36.32 tex:2302 mv:2116 misc:758 imb:195 pmb:83 smb:1342 d:s ref:0 ;
in:3490 out:3491 type:b dur:2 cpbdur:2 q:44.09 aq:35.54 tex:110 mv:48 misc:194 imb:2 pmb:6 smb:1612 d:s ref:0 ;
in:3495 out:3492 type:P dur:2 cpbdur:2 q:44.01 aq:34.30 tex:2827 mv:2637 misc:928 imb:274 pmb:102 smb:1244 d:s ref:0 ;
in:3493 out:3493 type:B dur:2 cpbdur:2 q:44.03 aq:33.07 tex:254 mv:490 misc:384 imb:19 pmb:28 smb:1573 d:s ref:0 ;
in:3492 out:3494 type:b dur:2 cpbdur:2 q:44.03 aq:41.91 tex:31 mv:24 misc:177 imb:0 pmb:4 smb:1616 d:s ref:0 ;
in:3494 out:3495 type:b dur:2 cpbdur:2 q:44.03 aq:29.00 tex:60 mv:38 misc:166 imb:1 pmb:2 smb:1617 d:- ref:0 ;
in:3497 out:3496 type:P dur:2 cpbdur:2 q:43.96 aq:33.17 tex:3539 mv:3233 misc:1060 imb:420 pmb:106 smb:1094 d:s ref:0 ;
in:3496 out:3497 type:b dur:2 cpbdur:2 q:44.01 aq:29.00 tex:24 mv:28 misc:180 imb:1 pmb:3 smb:1616 d:s ref:0 ;
in:3501 out:3498 type:P dur:2 cpbdur:2 q:43.94 aq:30.10 tex:794 mv:1344 misc:798 imb:100 pmb:59 smb:1461 d:s ref:0 ;
in:3499 out:3499 type:B dur:2 cpbdur:2 q:43.96 aq:35.57 tex:208 mv:317 misc:339 imb:5 pmb:36 smb:1579 d:t ref:0 ;
in:3498 out:3500 type:b dur:2 cpbdur:2 q:43.96 aq:34.76 tex:44 mv:22 misc:198 imb:0 pmb:8 smb:1612 d:t ref:0 ;
in:3500 out:3501 type:b dur:2 cpbdur:2 q:43.96 aq:29.00 tex:1 mv:21 misc:162 imb:0 pmb:2 smb:1618 d:- ref:0 ;
in:3503 out:3502 type:P dur:2 cpbdur:2 q:43.88 aq:32.19 tex:1077 mv:1416 misc:771 imb:87 pmb:78 smb:1455 d:s ref:0 ;
in:3502 out:3503 type:b dur:2 cpbdur:2 q:43.94 aq:29.00 tex:78 mv:17 misc:177 imb:0 pmb:5 smb:1615 d:s ref:0 ;
in:3507 out:3504 type:P dur:2 cpbdur:2 q:43.86 aq:34.02 tex:1515 mv:2029 misc:896 imb:142 pmb:88 smb:1390 d:s ref:0 ;
in:3505 out:3505 type:B dur:2 cpbdur:2 q:43.88 aq:33.75 tex:329 mv:492 misc:451 imb:10 pmb:47 smb:1563 d:t ref:0 ;
in:3504 out:3506 type:b dur:2 cpbdur:2 q:43.88 aq:32.94 tex:27 mv:11 misc:170 imb:0 pmb:3 smb:1617 d:s ref:0 ;
in:3506 out:3507 type:b dur:2 cpbdur:2 q:43.88 aq:33.27 tex:97 mv:57 misc:206 imb:1 pmb:7 smb:1612 d:- ref:0 ;
in:3509 out:3508 type:P dur:2 cpbdur:2 q:43.80 aq:30.98 tex:2100 mv:2485 misc:983 imb:263 pmb:94 smb:1263 d:s ref:0 ;
in:3508 out:3509 type:b dur:2 cpbdur:2 q:43.86 aq:29.00 tex:12 mv:26 misc:194 imb:1 pmb:5 smb:1614 d:s ref:0 ;
in:3513 out:3510 type:P dur:2 cpbdur:2 q:43.78 aq:33.03 tex:1584 mv:2047 misc:913 imb:195 pmb:78 smb:1347 d:s ref:0 ;
in:3511 out:3511 type:B dur:2 cpbdur:2 q:43.80 aq:32.15 tex:209 mv:410 misc:365 imb:9 pmb:29 smb:1582 d:s ref:0 ;
in:3510 out:3512 type:b dur:2 cpbdur:2 q:43.80 aq:33.74 tex:39 mv:93 misc:212 imb:2 pmb:8 smb:1610 d:s ref:0 ;
in:3512 out:3513 type:b dur:2 cpbdur:2 q:43.80 aq:29.00 tex:9 mv:31 misc:184 imb:1 pmb:4 smb:1615 d:- ref:0 ;
in:3515 out:3514 type:P dur:2 cpbdur:2 q:43.72 aq:26.80 tex:913 mv:1388 misc:875 imb:118 pmb:58 smb:1444 d:s ref:0 w:7,97,4,7,103,25,98,30 ;
in:3514 out:3515 type:b dur:2 cpbdur:2 q:43.78 aq:29.00 tex:1 mv:19 misc:196 imb:0 pmb:8 smb:1612 d:s ref:0 ;
in:3519 out:3516 type:P dur:2 cpbdur:2 q:43.70 aq:28.91 tex:228 mv:471 misc:461 imb:25 pmb:24 smb:1571 d:s ref:0 w:6,33,8,7,71,57,72,56 ;
in:3517 out:3517 type:B dur:2 cpbdur:2 q:43.72 aq:30.73 tex:104 mv:344 misc:408 imb:8 pmb:35 smb:1577 d:t ref:0 ;
in:3516 out:3518 type:b dur:2 cpbdur:2 q:43.72 aq:29.00 tex:0 mv:0 misc:144 imb:0 pmb:0 smb:1620 d:s ref:0 ;
in:3518 out:3519 type:b dur:2 cpbdur:2 q:43.72 aq:37.05 tex:78 mv:106 misc:232 imb:2 pmb:11 smb:1607 d:- ref:0 ;
in:3521 out:3520 type:P dur:2 cpbdur:2 q:43.63 aq:25.00 tex:30 mv:144 misc:338 imb:4 pmb:7 smb:1609 d:s ref:0 w:7,49,10,7,47,81,64,64 ;
in:3520 out:3521 type:b dur:2 cpbdur:2 q:43.70 aq:29.00 tex:1 mv:8 misc:167 imb:0 pmb:3 smb:1617 d:s ref:0 ;
in:3522 out:3522 type:P dur:2 cpbdur:2 q:43.60 aq:24.00 tex:21 mv:24 misc:187 imb:2 pmb:0 smb:1618 d:s ref:0 ;
in:3526 out:3523 type:P dur:2 cpbdur:2 q:43.58 aq:24.00 tex:0 mv:0 misc:224 imb:0 pmb:0 smb:1620 d:s ref:0 w:6,1,16,7,1,127,1,127 ;
in:3524 out:3524 type:B dur:2 cpbdur:2 q:43.60 aq:27.00 tex:7 mv:38 misc:291 imb:0 pmb:25 smb:1595 d:s ref:0 ;
in:3523 out:3525 type:b dur:2 cpbdur:2 q:43.60 aq:29.00 tex:13 mv:71 misc:244 imb:3 pmb:17 smb:1600 d:s ref:0 ;
in:3525 out:3526 type:b dur:2 cpbdur:2 q:43.60 aq:29.00 tex:0 mv:0 misc:144 imb:0 pmb:0 smb:1620 d:- ref:0 ;
in:3530 out:3527 type:P dur:2 cpbdur:2 q:43.50 aq:24.00 tex:0 mv:0 misc:168 imb:0 pmb:0 smb:1620 d:s ref:0 ;
in:3528 out:3528 type:B dur:2 cpbdur:2 q:43.58 aq:27.00 tex:0 mv:0 misc:160 imb:0 pmb:0 smb:1620 d:s ref:0 ;
in:3527 out:3529 type:b dur:2 cpbdur:2 q:43.58 aq:29.00 tex:0 mv:0 misc:144 imb:0 pmb:0 smb:1620 d:s ref:0 ;
in:3529 out:3530 type:b dur:2 cpbdur:2 q:43.57 aq:29.00 tex:0 mv:0 misc:144 imb:0 pmb:0 smb:1620 d:- ref:0 ;
in:3534 out:3531 type:P dur:2 cpbdur:2 q:43.42 aq:24.00 tex:0 mv:0 misc:168 imb:0 pmb:0 smb:1620 d:s ref:0 ;
in:3532 out:3532 type:B dur:2 cpbdur:2 q:43.50 aq:27.00 tex:0 mv:0 misc:160 imb:0 pmb:0 smb:1620 d:s ref:0 ;
in:3531 out:3533 type:b dur:2 cpbdur:2 q:43.50 aq:28.00 tex:0 mv:0 misc:144 imb:0 pmb:0 smb:1620 d:s ref:0 ;
in:3533 out:3534 type:b dur:2 cpbdur:2 q:43.50 aq:28.00 tex:0 mv:0 misc:144 imb:0 pmb:0 smb:1620 d:- ref:0 ;
in:3538 out:3535 type:P dur:2 cpbdur:2 q:43.35 aq:29.26 tex:105 mv:52 misc:211 imb:7 pmb:0 smb:1613 d:s ref:0 ;
in:3536 out:3536 type:B dur:2 cpbdur:2 q:43.42 aq:27.00 tex:1 mv:6 misc:169 imb:0 pmb:2 smb:1618 d:s ref:0 ;
in:3535 out:3537 type:b dur:2 cpbdur:2 q:43.42 aq:28.00 tex:0 mv:0 misc:144 imb:0 pmb:0 smb:1620 d:s ref:0 ;
in:3537 out:3538 type:b dur:2 cpbdur:2 q:43.42 aq:28.00 tex:0 mv:0 misc:144 imb:0 pmb:0 smb:1620 d:- ref:0 ;
in:3541 out:3539 type:P dur:2 cpbdur:2 q:43.27 aq:33.80 tex:1122 mv:287 misc:271 imb:55 pmb:9 smb:1556 d:s ref:0 w:5,105,-37 ;
in:3539 out:3540 type:B dur:2 cpbdur:2 q:43.35 aq:28.00 tex:0 mv:0 misc:160 imb:0 pmb:0 smb:1620 d:s ref:0 ;
in:3540 out:3541 type:b dur:2 cpbdur:2 q:43.35 aq:28.00 tex:0 mv:0 misc:144 imb:0 pmb:0 smb:1620 d:- ref:0 ;
in:3543 out:3542 type:P dur:2 cpbdur:2 q:43.22 aq:29.64 tex:349 mv:61 misc:286 imb:3 pmb:13 smb:1604 d:s ref:0 w:6,99,-9 ;
in:3542 out:3543 type:b dur:2 cpbdur:2 q:43.27 aq:28.00 tex:0 mv:0 misc:144 imb:0 pmb:0 smb:1620 d:s ref:0 ;
in:3545 out:3544 type:P dur:2 cpbdur:2 q:43.18 aq:32.73 tex:701 mv:148 misc:311 imb:5 pmb:25 smb:1590 d:s ref:0 w:6,81,-4 ;
in:3544 out:3545 type:b dur:2 cpbdur:2 q:43.22 aq:28.00 tex:0 mv:0 misc:144 imb:0 pmb:0 smb:1620 d:s ref:0 ;
in:3548 out:3546 type:P dur:2 cpbdur:2 q:43.15 aq:27.35 tex:375 mv:107 misc:294 imb:5 pmb:16 smb:1599 d:s ref:0 w:4,19,-3 ;
in:3546 out:3547 type:B dur:2 cpbdur:2 q:43.18 aq:27.00 tex:0 mv:0 misc:160 imb:0 pmb:0 smb:1620 d:s ref:0 ;
in:3547 out:3548 type:b dur:2 cpbdur:2 q:43.18 aq:28.00 tex:0 mv:0 misc:144 imb:0 pmb:0 smb:1620 d:- ref:0 ;
in:3550 out:3549 type:P dur:2 cpbdur:2 q:43.09 aq:32.93 tex:579 mv:218 misc:331 imb:5 pmb:31 smb:1584 d:s ref:0 w:6,77,-3 ;
in:3549 out:3550 type:b dur:2 cpbdur:2 q:43.15 aq:28.00 tex:0 mv:0 misc:144 imb:0 pmb:0 smb:1620 d:s ref:0 ;
in:3551 out:3551 type:P dur:2 cpbdur:2 q:43.06 aq:32.20 tex:413 mv:138 misc:321 imb:2 pmb:23 smb:1595 d:s ref:0 w:5,35,-2 ;
in:3553 out:3552 type:P dur:2 cpbdur:2 q:43.04 aq:31.66 tex:380 mv:80 misc:300 imb:1 pmb:14 smb:1605 d:s ref:0 w:5,35,-2 ;
in:3552 out:3553 type:b dur:2 cpbdur:2 q:43.06 aq:28.00 tex:0 mv:0 misc:144 imb:0 pmb:0 smb:1620 d:s ref:0 ;
in:3555 out:3554 type:P dur:2 cpbdur:2 q:43.00 aq:32.49 tex:264 mv:61 misc:275 imb:1 pmb:12 smb:1607 d:s ref:0 w:5,35,-2 ;
in:3554 out:3555 type:b dur:2 cpbdur:2 q:43.04 aq:28.00 tex:0 mv:0 misc:144 imb:0 pmb:0 smb:1620 d:s ref:0 ;
in:3556 out:3556 type:P dur:2 cpbdur:2 q:42.96 aq:31.75 tex:362 mv:60 misc:266 imb:0 pmb:17 smb:1603 d:s ref:0 w:4,17,-1 ;
in:3557 out:3557 type:P dur:2 cpbdur:2 q:42.95 aq:29.04 tex:605 mv:168 misc:315 imb:4 pmb:26 smb:1590 d:s ref:0 w:4,17,-1 ;
in:3560 out:3558 type:P dur:2 cpbdur:2 q:42.93 aq:33.03 tex:573 mv:230 misc:317 imb:4 pmb:34 smb:1582 d:s ref:0 w:6,73,-2 ;
in:3558 out:3559 type:B dur:2 cpbdur:2 q:42.95 aq:27.00 tex:3 mv:11 misc:170 imb:1 pmb:0 smb:1619 d:s ref:0 ;
in:3559 out:3560 type:b dur:2 cpbdur:2 q:42.95 aq:28.00 tex:0 mv:0 misc:144 imb:0 pmb:0 smb:1620 d:- ref:0 ;
in:3562 out:3561 type:P dur:2 cpbdur:2 q:42.88 aq:25.52 tex:347 mv:102 misc:311 imb:7 pmb:12 smb:1601 d:s ref:0 w:6,69,-1 ;
in:3561 out:3562 type:b dur:2 cpbdur:2 q:42.93 aq:28.00 tex:0 mv:0 misc:144 imb:0 pmb:0 smb:1620 d:s ref:0 ;
in:3563 out:3563 type:P dur:2 cpbdur:2 q:42.84 aq:31.44 tex:373 mv:97 misc:282 imb:2 pmb:16 smb:1602 d:s ref:0 w:6,65,0 ;
in:3566 out:3564 type:P dur:2 cpbdur:2 q:42.82 aq:32.60 tex:363 mv:118 misc:303 imb:1 pmb:22 smb:1597 d:s ref:0 w:5,35,-2 ;
in:3564 out:3565 type:B dur:2 cpbdur:2 q:42.84 aq:27.00 tex:0 mv:0 misc:160 imb:0 pmb:0 smb:1620 d:s ref:0 ;
in:3565 out:3566 type:b dur:2 cpbdur:2 q:42.84 aq:28.00 tex:0 mv:0 misc:144 imb:0 pmb:0 smb:1620 d:- ref:0 ;
in:3567 out:3567 type:P dur:2 cpbdur:2 q:42.76 aq:32.22 tex:305 mv:73 misc:278 imb:0 pmb:15 smb:1605 d:s ref:0 w:6,65,0 ;
in:3570 out:3568 type:P dur:2 cpbdur:2 q:42.74 aq:32.32 tex:399 mv:144 misc:289 imb:3 pmb:22 smb:1595 d:s ref:0 w:4,17,-1 ;
in:3568 out:3569 type:B dur:2 cpbdur:2 q:42.76 aq:27.00 tex:0 mv:0 misc:160 imb:0 pmb:0 smb:1620 d:s ref:0 ;
in:3569 out:3570 type:b dur:2 cpbdur:2 q:42.76 aq:28.00 tex:0 mv:0 misc:144 imb:0 pmb:0 smb:1620 d:- ref:0 ;
in:3571 out:3571 type:P dur:2 cpbdur:2 q:42.69 aq:32.29 tex:334 mv:63 misc:283 imb:0 pmb:19 smb:1601 d:s ref:0 w:5,33,-1 ;
in:3572 out:3572 type:P dur:2 cpbdur:2 q:42.67 aq:26.40 tex:297 mv:103 misc:296 imb:4 pmb:16 smb:1600 d:s ref:0 w:6,65,0 ;
in:3575 out:3573 type:P dur:2 cpbdur:2 q:42.65 aq:33.76 tex:500 mv:112 misc:292 imb:3 pmb:20 smb:1597 d:s ref:0 w:6,67,-1 ;
in:3573 out:3574 type:B dur:2 cpbdur:2 q:42.67 aq:27.00 tex:0 mv:0 misc:160 imb:0 pmb:0 smb:1620 d:s ref:0 ;
in:3574 out:3575 type:b dur:2 cpbdur:2 q:42.67 aq:28.00 tex:0 mv:0 misc:144 imb:0 pmb:0 smb:1620 d:- ref:0 ;
in:3576 out:3576 type:P dur:2 cpbdur:2 q:42.59 aq:32.87 tex:499 mv:140 misc:305 imb:6 pmb:21 smb:1593 d:s ref:0 w:6,65,0 ;
in:3578 out:3577 type:P dur:2 cpbdur:2 q:42.58 aq:31.74 tex:71 mv:36 misc:253 imb:1 pmb:5 smb:1614 d:s ref:0 w:6,65,0 ;
in:3577 out:3578 type:b dur:2 cpbdur:2 q:42.59 aq:28.00 tex:0 mv:0 misc:144 imb:0 pmb:0 smb:1620 d:s ref:0 ;
in:3579 out:3579 type:P dur:2 cpbdur:2 q:42.54 aq:32.13 tex:418 mv:107 misc:291 imb:1 pmb:22 smb:1597 d:s ref:0 w:6,65,0 ;
in:3580 out:3580 type:P dur:2 cpbdur:2 q:42.52 aq:34.50 tex:450 mv:108 misc:234 imb:2 pmb:21 smb:1597 d:s ref:0 ;
in:3581 out:3581 type:P dur:2 cpbdur:2 q:42.50 aq:32.69 tex:281 mv:58 misc:277 imb:2 pmb:12 smb:1606 d:s ref:0 w:6,65,0 ;
in:3583 out:3582 type:P dur:2 cpbdur:2 q:42.48 aq:32.32 tex:642 mv:100 misc:314 imb:1 pmb:25 smb:1594 d:s ref:0 w:6,65,0 ;
in:3582 out:3583 type:b dur:2 cpbdur:2 q:42.50 aq:27.00 tex:0 mv:0 misc:144 imb:0 pmb:0 smb:1620 d:s ref:0 ;
in:3584 out:3584 type:P dur:2 cpbdur:2 q:42.44 aq:32.62 tex:355 mv:45 misc:232 imb:0 pmb:13 smb:1607 d:s ref:0 ;
in:3585 out:3585 type:P dur:2 cpbdur:2 q:42.43 aq:32.71 tex:539 mv:102 misc:303 imb:0 pmb:20 smb:1600 d:s ref:0 w:6,65,0 ;
in:3586 out:3586 type:P dur:2 cpbdur:2 q:42.41 aq:32.35 tex:219 mv:104 misc:253 imb:2 pmb:15 smb:1603 d:s ref:0 ;
in:3587 out:3587 type:P dur:2 cpbdur:2 q:42.39 aq:32.24 tex:333 mv:78 misc:261 imb:1 pmb:16 smb:1603 d:s ref:0 w:6,65,0 ;
in:3590 out:3588 type:P dur:2 cpbdur:2 q:42.37 aq:32.33 tex:552 mv:104 misc:296 imb:1 pmb:26 smb:1593 d:s ref:0 w:6,65,0 ;
in:3588 out:3589 type:B dur:2 cpbdur:2 q:42.39 aq:27.00 tex:0 mv:0 misc:160 imb:0 pmb:0 smb:1620 d:s ref:0 ;
in:3589 out:3590 type:b dur:2 cpbdur:2 q:42.39 aq:27.00 tex:0 mv:0 misc:144 imb:0 pmb:0 smb:1620 d:- ref:0 ;
in:3591 out:3591 type:P dur:2 cpbdur:2 q:42.31 aq:30.34 tex:355 mv:76 misc:297 imb:0 pmb:17 smb:1603 d:s ref:0 w:6,65,0 ;
in:3594 out:3592 type:P dur:2 cpbdur:2 q:42.30 aq:32.46 tex:451 mv:126 misc:311 imb:1 pmb:26 smb:1593 d:s ref:0 w:6,65,0 ;
in:3592 out:3593 type:B dur:2 cpbdur:2 q:42.31 aq:27.00 tex:0 mv:0 misc:160 imb:0 pmb:0 smb:1620 d:s ref:0 ;
in:3593 out:3594 type:b dur:2 cpbdur:2 q:42.31 aq:27.00 tex:0 mv:0 misc:144 imb:0 pmb:0 smb:1620 d:- ref:0 ;
in:3596 out:3595 type:P dur:2 cpbdur:2 q:42.24 aq:31.98 tex:429 mv:114 misc:305 imb:3 pmb:20 smb:1597 d:s ref:0 w:6,65,0 ;
in:3595 out:3596 type:b dur:2 cpbdur:2 q:42.29 aq:27.00 tex:0 mv:0 misc:144 imb:0 pmb:0 smb:1620 d:s ref:0 ;
in:3600 out:3597 type:P dur:2 cpbdur:2 q:42.20 aq:31.57 tex:679 mv:181 misc:316 imb:4 pmb:32 smb:1584 d:s ref:0 w:6,65,0 ;
in:3598 out:3598 type:B dur:2 cpbdur:2 q:42.24 aq:26.00 tex:0 mv:8 misc:168 imb:0 pmb:1 smb:1619 d:s ref:0 ;
in:3597 out:3599 type:b dur:2 cpbdur:2 q:42.24 aq:27.00 tex:0 mv:0 misc:144 imb:0 pmb:0 smb:1620 d:s ref:0 ;
in:3599 out:3600 type:b dur:2 cpbdur:2 q:42.24 aq:27.00 tex:0 mv:0 misc:144 imb:0 pmb:0 smb:1620 d:- ref:0 ;
in:3603 out:3601 type:P dur:2 cpbdur:2 q:42.12 aq:31.84 tex:513 mv:171 misc:300 imb:5 pmb:30 smb:1585 d:s ref:0 ;
in:3601 out:3602 type:B dur:2 cpbdur:2 q:42.20 aq:26.00 tex:0 mv:0 misc:160 imb:0 pmb:0 smb:1620 d:s ref:0 ;
in:3602 out:3603 type:b dur:2 cpbdur:2 q:42.20 aq:27.00 tex:0 mv:0 misc:144 imb:0 pmb:0 smb:1620 d:- ref:0 ;
in:3607 out:3604 type:P dur:2 cpbdur:2 q:42.06 aq:32.61 tex:291 mv:157 misc:272 imb:4 pmb:22 smb:1594 d:s ref:0 ;
in:3605 out:3605 type:B dur:2 cpbdur:2 q:42.12 aq:26.00 tex:0 mv:0 misc:160 imb:0 pmb:0 smb:1620 d:s ref:0 ;
in:3604 out:3606 type:b dur:2 cpbdur:2 q:42.12 aq:27.00 tex:0 mv:0 misc:144 imb:0 pmb:0 smb:1620 d:s ref:0 ;
in:3606 out:3607 type:b dur:2 cpbdur:2 q:42.12 aq:27.00 tex:0 mv:0 misc:144 imb:0 pmb:0 smb:1620 d:- ref:0 ;
in:3611 out:3608 type:P dur:2 cpbdur:2 q:41.98 aq:31.84 tex:600 mv:182 misc:298 imb:3 pmb:33 smb:1584 d:s ref:0 ;
in:3609 out:3609 type:B dur:2 cpbdur:2 q:42.06 aq:26.00 tex:0 mv:0 misc:160 imb:0 pmb:0 smb:1620 d:s ref:0 ;
in:3608 out:3610 type:b dur:2 cpbdur:2 q:42.06 aq:27.00 tex:0 mv:0 misc:144 imb:0 pmb:0 smb:1620 d:s ref:0 ;
in:3610 out:3611 type:b dur:2 cpbdur:2 q:42.06 aq:27.00 tex:0 mv:0 misc:144 imb:0 pmb:0 smb:1620 d:- ref:0 ;
in:3615 out:3612 type:P dur:2 cpbdur:2 q:41.90 aq:23.41 tex:353 mv:174 misc:297 imb:4 pmb:26 smb:1590 d:s ref:0 ;
in:3613 out:3613 type:B dur:2 cpbdur:2 q:41.98 aq:26.00 tex:0 mv:0 misc:160 imb:0 pmb:0 smb:1620 d:s ref:0 ;
in:3612 out:3614 type:b dur:2 cpbdur:2 q:41.98 aq:27.00 tex:0 mv:0 misc:144 imb:0 pmb:0 smb:1620 d:s ref:0 ;
in:3614 out:3615 type:b dur:2 cpbdur:2 q:41.98 aq:27.00 tex:0 mv:0 misc:144 imb:0 pmb:0 smb:1620 d:- ref:0 ;
in:3619 out:3616 type:P dur:2 cpbdur:2 q:41.82 aq:30.55 tex:328 mv:130 misc:270 imb:2 pmb:25 smb:1593 d:s ref:0 ;
in:3617 out:3617 type:B dur:2 cpbdur:2 q:41.90 aq:26.00 tex:1 mv:3 misc:172 imb:0 pmb:1 smb:1619 d:s ref:0 ;
in:3616 out:3618 type:b dur:2 cpbdur:2 q:41.90 aq:27.00 tex:0 mv:0 misc:144 imb:0 pmb:0 smb:1620 d:s ref:0 ;
in:3618 out:3619 type:b dur:2 cpbdur:2 q:41.90 aq:27.00 tex:0 mv:0 misc:144 imb:0 pmb:0 smb:1620 d:- ref:0 ;
in:3623 out:3620 type:P dur:2 cpbdur:2 q:41.73 aq:31.94 tex:193 mv:187 misc:276 imb:5 pmb:26 smb:1589 d:s ref:0 ;
in:3621 out:3621 type:B dur:2 cpbdur:2 q:41.82 aq:26.00 tex:0 mv:0 misc:160 imb:0 pmb:0 smb:1620 d:s ref:0 ;
in:3620 out:3622 type:b dur:2 cpbdur:2 q:41.82 aq:27.00 tex:0 mv:0 misc:144 imb:0 pmb:0 smb:1620 d:s ref:0 ;
in:3622 out:3623 type:b dur:2 cpbdur:2 q:41.81 aq:27.00 tex:0 mv:0 misc:144 imb:0 pmb:0 smb:1620 d:- ref:0 ;
in:3627 out:3624 type:P dur:2 cpbdur:2 q:41.65 aq:30.80 tex:193 mv:155 misc:284 imb:3 pmb:24 smb:1593 d:s ref:0 ;
in:3625 out:3625 type:B dur:2 cpbdur:2 q:41.73 aq:25.00 tex:0 mv:0 misc:160 imb:0 pmb:0 smb:1620 d:s ref:0 ;
in:3624 out:3626 type:b dur:2 cpbdur:2 q:41.73 aq:27.00 tex:0 mv:0 misc:144 imb:0 pmb:0 smb:1620 d:s ref:0 ;
in:3626 out:3627 type:b dur:2 cpbdur:2 q:41.73 aq:27.00 tex:0 mv:0 misc:144 imb:0 pmb:0 smb:1620 d:- ref:0 ;
in:3631 out:3628 type:P dur:2 cpbdur:2 q:41.57 aq:32.41 tex:905 mv:770 misc:485 imb:153 pmb:37 smb:1430 d:s ref:0 ;
in:3629 out:3629 type:B dur:2 cpbdur:2 q:41.65 aq:24.73 tex:49 mv:46 misc:273 imb:0 pmb:21 smb:1599 d:s ref:0 ;
in:3628 out:3630 type:b dur:2 cpbdur:2 q:41.65 aq:27.00 tex:0 mv:0 misc:144 imb:0 pmb:0 smb:1620 d:s ref:0 ;
in:3630 out:3631 type:b dur:2 cpbdur:2 q:41.65 aq:27.00 tex:0 mv:0 misc:144 imb:0 pmb:0 smb:1620 d:- ref:0 ;
in:3633 out:3632 type:P dur:2 cpbdur:2 q:41.49 aq:32.62 tex:2101 mv:2065 misc:578 imb:370 pmb:72 smb:1178 d:s ref:0 ;
in:3632 out:3633 type:b dur:2 cpbdur:2 q:41.57 aq:27.00 tex:43 mv:51 misc:202 imb:1 pmb:11 smb:1608 d:s ref:0 ;
in:3637 out:3634 type:P dur:2 cpbdur:2 q:41.46 aq:33.39 tex:2735 mv:2884 misc:693 imb:464 pmb:88 smb:1068 d:s ref:0 ;
in:3635 out:3635 type:B dur:2 cpbdur:2 q:41.49 aq:24.96 tex:428 mv:821 misc:599 imb:18 pmb:90 smb:1512 d:s ref:0 ;
in:3634 out:3636 type:b dur:2 cpbdur:2 q:41.49 aq:26.00 tex:8 mv:86 misc:298 imb:0 pmb:33 smb:1587 d:s ref:0 ;
in:3636 out:3637 type:b dur:2 cpbdur:2 q:41.49 aq:26.00 tex:9 mv:5 misc:154 imb:0 pmb:1 smb:1619 d:- ref:0 ;
in:3641 out:3638 type:P dur:2 cpbdur:2 q:41.41 aq:28.69 tex:3017 mv:2917 misc:770 imb:497 pmb:69 smb:1054 d:s ref:0 ;
in:3639 out:3639 type:B dur:2 cpbdur:2 q:41.46 aq:28.57 tex:398 mv:785 misc:561 imb:22 pmb:79 smb:1519 d:s ref:0 ;
in:3638 out:3640 type:b dur:2 cpbdur:2 q:41.46 aq:26.00 tex:10 mv:65 misc:341 imb:0 pmb:39 smb:1581 d:s ref:0 ;
in:3640 out:3641 type:b dur:2 cpbdur:2 q:41.46 aq:27.95 tex:34 mv:17 misc:165 imb:1 pmb:1 smb:1618 d:- ref:0 ;
in:3645 out:3642 type:P dur:2 cpbdur:2 q:41.36 aq:29.90 tex:3970 mv:3343 misc:791 imb:544 pmb:87 smb:989 d:s ref:0 ;
in:3643 out:3643 type:B dur:2 cpbdur:2 q:41.41 aq:31.15 tex:477 mv:1141 misc:582 imb:40 pmb:62 smb:1518 d:s ref:0 ;
in:3642 out:3644 type:b dur:2 cpbdur:2 q:41.41 aq:29.91 tex:71 mv:59 misc:238 imb:2 pmb:13 smb:1605 d:s ref:0 ;
in:3644 out:3645 type:b dur:2 cpbdur:2 q:41.41 aq:32.00 tex:0 mv:0 misc:144 imb:0 pmb:0 smb:1620 d:- ref:0 ;
in:3648 out:3646 type:P dur:2 cpbdur:2 q:41.31 aq:33.59 tex:5577 mv:4133 misc:698 imb:632 pmb:115 smb:873 d:s ref:0 ;
in:3646 out:3647 type:B dur:2 cpbdur:2 q:41.36 aq:32.00 tex:1 mv:2 misc:173 imb:0 pmb:1 smb:1619 d:s ref:0 ;
in:3647 out:3648 type:b dur:2 cpbdur:2 q:41.36 aq:32.00 tex:0 mv:0 misc:144 imb:0 pmb:0 smb:1620 d:- ref:0 ;
in:3652 out:3649 type:P dur:2 cpbdur:2 q:41.29 aq:34.91 tex:6342 mv:4070 misc:684 imb:635 pmb:129 smb:856 d:s ref:0 ;
in:3650 out:3650 type:B dur:2 cpbdur:2 q:41.31 aq:26.28 tex:53 mv:280 misc:291 imb:4 pmb:15 smb:1601 d:s ref:0 ;
in:3649 out:3651 type:b dur:2 cpbdur:2 q:41.31 aq:26.97 tex:29 mv:155 misc:312 imb:4 pmb:27 smb:1589 d:s ref:0 ;
in:3651 out:3652 type:b dur:2 cpbdur:2 q:41.31 aq:35.00 tex:0 mv:0 misc:152 imb:0 pmb:0 smb:1620 d:- ref:0 ;
in:3656 out:3653 type:P dur:2 cpbdur:2 q:41.25 aq:31.59 tex:6264 mv:4705 misc:847 imb:646 pmb:187 smb:787 d:s ref:0 ;
in:3654 out:3654 type:B dur:2 cpbdur:2 q:41.29 aq:32.56 tex:23 mv:187 misc:270 imb:1 pmb:14 smb:1605 d:s ref:0 ;
in:3653 out:3655 type:b dur:2 cpbdur:2 q:41.29 aq:34.00 tex:8 mv:111 misc:321 imb:0 pmb:32 smb:1588 d:s ref:0 ;
in:3655 out:3656 type:b dur:2 cpbdur:2 q:41.29 aq:36.00 tex:0 mv:0 misc:152 imb:0 pmb:0 smb:1620 d:- ref:0 ;
in:3660 out:3657 type:P dur:2 cpbdur:2 q:41.21 aq:31.20 tex:7292 mv:4741 misc:871 imb:591 pmb:193 smb:836 d:s ref:0 ;
in:3658 out:3658 type:B dur:2 cpbdur:2 q:41.24 aq:34.05 tex:299 mv:1193 misc:588 imb:33 pmb:67 smb:1520 d:s ref:0 ;
in:3657 out:3659 type:b dur:2 cpbdur:2 q:41.25 aq:34.96 tex:66 mv:48 misc:206 imb:0 pmb:7 smb:1613 d:s ref:0 ;
in:3659 out:3660 type:b dur:2 cpbdur:2 q:41.24 aq:35.00 tex:0 mv:0 misc:152 imb:0 pmb:0 smb:1620 d:- ref:0 ;
in:3663 out:3661 type:P dur:2 cpbdur:2 q:41.18 aq:31.94 tex:9076 mv:5093 misc:927 imb:660 pmb:195 smb:765 d:s ref:0 ;
in:3661 out:3662 type:B dur:2 cpbdur:2 q:41.21 aq:35.00 tex:0 mv:5 misc:187 imb:0 pmb:2 smb:1618 d:s ref:0 ;
in:3662 out:3663 type:b dur:2 cpbdur:2 q:41.20 aq:36.00 tex:0 mv:0 misc:152 imb:0 pmb:0 smb:1620 d:- ref:0 ;
in:3665 out:3664 type:P dur:2 cpbdur:2 q:41.18 aq:31.76 tex:1397 mv:639 misc:716 imb:31 pmb:83 smb:1506 d:s ref:0 w:6,65,1,5,32,0,31,4 ;
in:3664 out:3665 type:b dur:2 cpbdur:2 q:41.18 aq:36.00 tex:0 mv:24 misc:168 imb:0 pmb:3 smb:1617 d:s ref:0 ;
in:3667 out:3666 type:P dur:2 cpbdur:2 q:41.16 aq:27.80 tex:4719 mv:2416 misc:1361 imb:355 pmb:185 smb:1080 d:s ref:0 w:6,65,1 ;
in:3666 out:3667 type:b dur:2 cpbdur:2 q:41.18 aq:37.00 tex:0 mv:3 misc:157 imb:0 pmb:1 smb:1619 d:s ref:0 ;
in:3671 out:3668 type:P dur:2 cpbdur:2 q:41.13 aq:30.12 tex:6648 mv:2732 misc:1228 imb:409 pmb:204 smb:1007 d:s ref:0 w:6,65,2 ;
in:3669 out:3669 type:B dur:2 cpbdur:2 q:41.16 aq:29.81 tex:96 mv:415 misc:377 imb:16 pmb:28 smb:1576 d:s ref:0 ;
in:3668 out:3670 type:b dur:2 cpbdur:2 q:41.16 aq:34.27 tex:28 mv:42 misc:186 imb:1 pmb:4 smb:1615 d:s ref:0 ;
in:3670 out:3671 type:b dur:2 cpbdur:2 q:41.16 aq:35.24 tex:36 mv:110 misc:238 imb:3 pmb:11 smb:1606 d:- ref:0 ;
in:3673 out:3672 type:P dur:2 cpbdur:2 q:41.08 aq:31.03 tex:3957 mv:1988 misc:1263 imb:170 pmb:184 smb:1266 d:s ref:0 w:0,1,1 ;
in:3672 out:3673 type:b dur:2 cpbdur:2 q:41.13 aq:33.18 tex:31 mv:74 misc:207 imb:2 pmb:6 smb:1612 d:s ref:0 ;
in:3675 out:3674 type:P dur:2 cpbdur:2 q:41.07 aq:30.06 tex:4787 mv:2935 misc:1430 imb:365 pmb:204 smb:1051 d:s ref:0 w:0,1,1 ;
in:3674 out:3675 type:b dur:2 cpbdur:2 q:41.08 aq:28.96 tex:71 mv:63 misc:210 imb:1 pmb:6 smb:1613 d:s ref:0 ;
in:3678 out:3676 type:P dur:2 cpbdur:2 q:41.06 aq:30.37 tex:12569 mv:5573 misc:1226 imb:788 pmb:316 smb:516 d:s ref:0 w:0,1,3 ;
in:3676 out:3677 type:B dur:2 cpbdur:2 q:41.07 aq:34.67 tex:11 mv:65 misc:220 imb:1 pmb:7 smb:1612 d:s ref:0 ;
in:3677 out:3678 type:b dur:2 cpbdur:2 q:41.07 aq:36.97 tex:55 mv:22 misc:195 imb:0 pmb:6 smb:1614 d:- ref:0 ;
in:3682 out:3679 type:P dur:2 cpbdur:2 q:41.08 aq:31.00 tex:9112 mv:3811 misc:1413 imb:358 pmb:349 smb:913 d:s ref:0 w:0,1,2 ;
in:3680 out:3680 type:B dur:2 cpbdur:2 q:41.08 aq:31.51 tex:88 mv:117 misc:267 imb:1 pmb:13 smb:1606 d:s ref:0 ;
in:3679 out:3681 type:b dur:2 cpbdur:2 q:41.08 aq:36.00 tex:0 mv:5 misc:163 imb:0 pmb:1 smb:1619 d:s ref:0 ;
in:3681 out:3682 type:b dur:2 cpbdur:2 q:41.08 aq:36.00 tex:0 mv:0 misc:152 imb:0 pmb:0 smb:1620 d:- ref:0 ;
in:3686 out:3683 type:P dur:2 cpbdur:2 q:41.04 aq:31.23 tex:8697 mv:3662 misc:1433 imb:441 pmb:324 smb:855 d:s ref:0 w:0,1,3 ;
in:3684 out:3684 type:B dur:2 cpbdur:2 q:41.08 aq:28.90 tex:129 mv:328 misc:367 imb:8 pmb:29 smb:1583 d:t ref:0 ;
in:3683 out:3685 type:b dur:2 cpbdur:2 q:41.08 aq:26.09 tex:32 mv:35 misc:173 imb:1 pmb:3 smb:1616 d:s ref:0 ;
in:3685 out:3686 type:b dur:2 cpbdur:2 q:41.08 aq:29.04 tex:27 mv:94 misc:207 imb:3 pmb:6 smb:1611 d:- ref:0 ;
in:3690 out:3687 type:P dur:2 cpbdur:2 q:41.00 aq:31.50 tex:17092 mv:6185 misc:1243 imb:638 pmb:412 smb:570 d:s ref:0 w:0,1,3,4,16,0,15,7 ;
in:3688 out:3688 type:B dur:2 cpbdur:2 q:41.03 aq:34.23 tex:302 mv:307 misc:679 imb:3 pmb:107 smb:1510 d:s ref:0 ;
in:3687 out:3689 type:b dur:2 cpbdur:2 q:41.04 aq:34.72 tex:162 mv:168 misc:494 imb:4 pmb:68 smb:1548 d:s ref:0 ;
in:3689 out:3690 type:b dur:2 cpbdur:2 q:41.03 aq:31.12 tex:20 mv:14 misc:158 imb:1 pmb:1 smb:1618 d:- ref:0 ;
in:3692 out:3691 type:P dur:2 cpbdur:2 q:41.02 aq:30.84 tex:9992 mv:3670 misc:1338 imb:310 pmb:415 smb:895 d:s ref:0 w:7,127,3 ;
in:3691 out:3692 type:b dur:2 cpbdur:2 q:41.02 aq:27.87 tex:28 mv:31 misc:189 imb:0 pmb:5 smb:1615 d:s ref:0 ;
in:3696 out:3693 type:P dur:2 cpbdur:2 q:41.03 aq:31.39 tex:10811 mv:3883 misc:1394 imb:267 pmb:478 smb:875 d:s ref:0 w:7,127,4,6,64,0,57,13 ;
in:3694 out:3694 type:B dur:2 cpbdur:2 q:41.03 aq:31.33 tex:441 mv:414 misc:489 imb:15 pmb:45 smb:1560 d:s ref:0 ;
in:3693 out:3695 type:b dur:2 cpbdur:2 q:41.03 aq:26.11 tex:25 mv:49 misc:206 imb:0 pmb:7 smb:1613 d:s ref:0 ;
in:3695 out:3696 type:b dur:2 cpbdur:2 q:41.03 aq:26.76 tex:39 mv:42 misc:191 imb:0 pmb:5 smb:1615 d:- ref:0 ;
in:3700 out:3697 type:P dur:2 cpbdur:2 q:41.01 aq:31.61 tex:7068 mv:3271 misc:1629 imb:237 pmb:375 smb:1008 d:s ref:0 w:6,63,5,7,124,4,113,14 ;
in:3698 out:3698 type:B dur:2 cpbdur:2 q:41.03 aq:26.90 tex:454 mv:515 misc:495 imb:16 pmb:53 smb:1551 d:s ref:0 ;
in:3697 out:3699 type:b dur:2 cpbdur:2 q:41.03 aq:28.19 tex:59 mv:15 misc:182 imb:0 pmb:4 smb:1616 d:s ref:0 ;
in:3699 out:3700 type:b dur:2 cpbdur:2 q:41.03 aq:33.00 tex:8 mv:33 misc:191 imb:1 pmb:6 smb:1613 d:- ref:0 ;
in:3702 out:3701 type:P dur:2 cpbdur:2 q:40.98 aq:30.62 tex:9395 mv:3699 misc:1618 imb:304 pmb:488 smb:828 d:s ref:0 w:6,63,3 ;
in:3701 out:3702 type:b dur:2 cpbdur:2 q:41.01 aq:31.00 tex:0 mv:21 misc:163 imb:0 pmb:2 smb:1618 d:t ref:0 ;
in:3706 out:3703 type:P dur:2 cpbdur:2 q:40.99 aq:29.99 tex:4973 mv:2013 misc:1246 imb:76 pmb:321 smb:1223 d:s ref:0 ;
in:3704 out:3704 type:B dur:2 cpbdur:2 q:40.99 aq:31.25 tex:83 mv:49 misc:204 imb:3 pmb:2 smb:1615 d:s ref:0 ;
in:3703 out:3705 type:b dur:2 cpbdur:2 q:40.99 aq:34.17 tex:39 mv:34 misc:175 imb:2 pmb:2 smb:1616 d:s ref:0 ;
in:3705 out:3706 type:b dur:2 cpbdur:2 q:40.99 aq:31.00 tex:0 mv:0 misc:144 imb:0 pmb:0 smb:1620 d:- ref:0 ;
in:3708 out:3707 type:P dur:2 cpbdur:2 q:40.93 aq:31.63 tex:2965 mv:1660 misc:1223 imb:52 pmb:242 smb:1326 d:s ref:0 ;
in:3707 out:3708 type:b dur:2 cpbdur:2 q:40.99 aq:31.00 tex:0 mv:0 misc:144 imb:0 pmb:0 smb:1620 d:s ref:0 ;
in:3710 out:3709 type:P dur:2 cpbdur:2 q:40.91 aq:30.73 tex:2041 mv:1159 misc:1032 imb:38 pmb:185 smb:1397 d:s ref:0 ;
in:3709 out:3710 type:b dur:2 cpbdur:2 q:40.93 aq:32.00 tex:0 mv:0 misc:144 imb:0 pmb:0 smb:1620 d:s ref:0 ;
in:3712 out:3711 type:P dur:2 cpbdur:2 q:40.88 aq:31.49 tex:1922 mv:1285 misc:1033 imb:60 pmb:158 smb:1402 d:s ref:0 ;
in:3711 out:3712 type:b dur:2 cpbdur:2 q:40.91 aq:34.00 tex:0 mv:0 misc:152 imb:0 pmb:0 smb:1620 d:s ref:0 ;
in:3714 out:3713 type:P dur:2 cpbdur:2 q:40.85 aq:30.25 tex:1680 mv:937 misc:919 imb:46 pmb:131 smb:1443 d:s ref:0 ;
in:3713 out:3714 type:b dur:2 cpbdur:2 q:40.88 aq:34.00 tex:0 mv:0 misc:152 imb:0 pmb:0 smb:1620 d:s ref:0 ;
in:3716 out:3715 type:P dur:2 cpbdur:2 q:40.82 aq:30.72 tex:3313 mv:1777 misc:1134 imb:98 pmb:190 smb:1332 d:s ref:0 ;
in:3715 out:3716 type:b dur:2 cpbdur:2 q:40.85 aq:38.81 tex:30 mv:85 misc:189 imb:0 pmb:16 smb:1604 d:s ref:0 ;
in:3718 out:3717 type:P dur:2 cpbdur:2 q:40.79 aq:30.52 tex:2047 mv:1392 misc:1081 imb:36 pmb:209 smb:1375 d:s ref:0 ;
in:3717 out:3718 type:b dur:2 cpbdur:2 q:40.82 aq:34.00 tex:0 mv:0 misc:152 imb:0 pmb:0 smb:1620 d:s ref:0 ;
in:3720 out:3719 type:P dur:2 cpbdur:2 q:40.77 aq:31.31 tex:2476 mv:1952 misc:1084 imb:55 pmb:215 smb:1350 d:s ref:0 ;
in:3719 out:3720 type:b dur:2 cpbdur:2 q:40.79 aq:34.00 tex:0 mv:31 misc:169 imb:0 pmb:2 smb:1618 d:s ref:0 ;
in:3724 out:3721 type:P dur:2 cpbdur:2 q:40.74 aq:30.98 tex:5709 mv:2623 misc:1308 imb:96 pmb:307 smb:1217 d:s ref:0 ;
in:3722 out:3722 type:B dur:2 cpbdur:2 q:40.77 aq:33.70 tex:238 mv:399 misc:275 imb:5 pmb:37 smb:1578 d:t ref:0 ;
in:3721 out:3723 type:b dur:2 cpbdur:2 q:40.77 aq:38.68 tex:86 mv:216 misc:202 imb:1 pmb:22 smb:1597 d:s ref:0 ;
in:3723 out:3724 type:b dur:2 cpbdur:2 q:40.77 aq:32.00 tex:1 mv:26 misc:197 imb:0 pmb:11 smb:1609 d:- ref:0 ;
in:3725 out:3725 type:P dur:2 cpbdur:2 q:40.70 aq:29.82 tex:2807 mv:1691 misc:1014 imb:33 pmb:231 smb:1356 d:s ref:0 ;
in:3727 out:3726 type:P dur:2 cpbdur:2 q:40.71 aq:31.32 tex:4281 mv:2072 misc:1103 imb:46 pmb:255 smb:1319 d:s ref:0 ;
in:3726 out:3727 type:b dur:2 cpbdur:2 q:40.71 aq:32.00 tex:0 mv:21 misc:163 imb:0 pmb:2 smb:1618 d:s ref:0 ;
in:3728 out:3728 type:P dur:2 cpbdur:2 q:40.68 aq:32.00 tex:0 mv:0 misc:160 imb:0 pmb:0 smb:1620 d:s ref:0 ;
in:3729 out:3729 type:I dur:2 cpbdur:2 q:37.96 aq:27.79 tex:62637 mv:27146 misc:137 imb:1620 pmb:0 smb:0 d:s ref:;
in:3733 out:3730 type:P dur:2 cpbdur:2 q:40.98 aq:30.65 tex:1154 mv:655 misc:399 imb:6 pmb:86 smb:1528 d:s ref:0 ;
in:3731 out:3731 type:B dur:2 cpbdur:2 q:40.98 aq:31.00 tex:2 mv:12 misc:162 imb:0 pmb:2 smb:1618 d:t ref:0 ;
in:3730 out:3732 type:b dur:2 cpbdur:2 q:40.98 aq:33.00 tex:0 mv:0 misc:144 imb:0 pmb:0 smb:1620 d:s ref:0 ;
in:3732 out:3733 type:b dur:2 cpbdur:2 q:40.98 aq:31.00 tex:0 mv:0 misc:144 imb:0 pmb:0 smb:1620 d:- ref:0 ;
in:3735 out:3734 type:P dur:2 cpbdur:2 q:40.90 aq:30.84 tex:2003 mv:929 misc:692 imb:20 pmb:110 smb:1490 d:s ref:0 ;
in:3734 out:3735 type:b dur:2 cpbdur:2 q:40.98 aq:31.00 tex:0 mv:0 misc:144 imb:0 pmb:0 smb:1620 d:s ref:0 ;
in:3737 out:3736 type:P dur:2 cpbdur:2 q:40.88 aq:32.01 tex:2294 mv:1378 misc:832 imb:40 pmb:147 smb:1433 d:s ref:0 ;
in:3736 out:3737 type:b dur:2 cpbdur:2 q:40.90 aq:31.00 tex:0 mv:0 misc:144 imb:0 pmb:0 smb:1620 d:s ref:0 ;
in:3741 out:3738 type:P dur:2 cpbdur:2 q:40.87 aq:30.98 tex:1802 mv:1480 misc:910 imb:27 pmb:176 smb:1417 d:s ref:0 ;
in:3739 out:3739 type:B dur:2 cpbdur:2 q:40.88 aq:31.00 tex:2 mv:14 misc:168 imb:0 pmb:1 smb:1619 d:s ref:0 ;
in:3738 out:3740 type:b dur:2 cpbdur:2 q:40.88 aq:33.00 tex:0 mv:0 misc:144 imb:0 pmb:0 smb:1620 d:s ref:0 ;
in:3740 out:3741 type:b dur:2 cpbdur:2 q:40.88 aq:33.00 tex:0 mv:0 misc:144 imb:0 pmb:0 smb:1620 d:- ref:0 ;
in:3745 out:3742 type:P dur:2 cpbdur:2 q:40.77 aq:31.86 tex:2047 mv:1937 misc:1040 imb:49 pmb:202 smb:1369 d:s ref:0 ;
in:3743 out:3743 type:B dur:2 cpbdur:2 q:40.87 aq:32.61 tex:80 mv:56 misc:208 imb:3 pmb:3 smb:1614 d:s ref:0 ;
in:3742 out:3744 type:b dur:2 cpbdur:2 q:40.87 aq:33.00 tex:1 mv:2 misc:157 imb:0 pmb:1 smb:1619 d:s ref:0 ;
in:3744 out:3745 type:b dur:2 cpbdur:2 q:40.87 aq:33.00 tex:0 mv:0 misc:144 imb:0 pmb:0 smb:1620 d:- ref:0 ;
in:3747 out:3746 type:P dur:2 cpbdur:2 q:40.70 aq:32.10 tex:1667 mv:1601 misc:940 imb:62 pmb:165 smb:1393 d:s ref:0 ;
in:3746 out:3747 type:b dur:2 cpbdur:2 q:40.77 aq:33.00 tex:0 mv:0 misc:144 imb:0 pmb:0 smb:1620 d:s ref:0 ;
in:3751 out:3748 type:P dur:2 cpbdur:2 q:40.67 aq:30.82 tex:1986 mv:1965 misc:1065 imb:41 pmb:222 smb:1357 d:s ref:0 ;
in:3749 out:3749 type:B dur:2 cpbdur:2 q:40.70 aq:32.00 tex:0 mv:0 misc:160 imb:0 pmb:0 smb:1620 d:s ref:0 ;
in:3748 out:3750 type:b dur:2 cpbdur:2 q:40.70 aq:33.00 tex:0 mv:0 misc:144 imb:0 pmb:0 smb:1620 d:s ref:0 ;
in:3750 out:3751 type:b dur:2 cpbdur:2 q:40.70 aq:32.00 tex:0 mv:0 misc:144 imb:0 pmb:0 smb:1620 d:- ref:0 ;
in:3753 out:3752 type:P dur:2 cpbdur:2 q:40.60 aq:30.71 tex:1954 mv:1834 misc:1124 imb:67 pmb:200 smb:1353 d:s ref:0 ;
in:3752 out:3753 type:b dur:2 cpbdur:2 q:40.67 aq:32.00 tex:0 mv:0 misc:144 imb:0 pmb:0 smb:1620 d:s ref:0 ;
in:3757 out:3754 type:P dur:2 cpbdur:2 q:40.57 aq:31.17 tex:2746 mv:2299 misc:1179 imb:73 pmb:243 smb:1304 d:s ref:0 ;
in:3755 out:3755 type:B dur:2 cpbdur:2 q:40.60 aq:32.00 tex:0 mv:3 misc:173 imb:0 pmb:1 smb:1619 d:s ref:0 ;
in:3754 out:3756 type:b dur:2 cpbdur:2 q:40.60 aq:31.00 tex:0 mv:0 misc:144 imb:0 pmb:0 smb:1620 d:s ref:0 ;
in:3756 out:3757 type:b dur:2 cpbdur:2 q:40.60 aq:33.00 tex:0 mv:0 misc:144 imb:0 pmb:0 smb:1620 d:- ref:0 ;
in:3761 out:3758 type:P dur:2 cpbdur:2 q:40.51 aq:29.94 tex:2102 mv:2455 misc:1219 imb:61 pmb:269 smb:1290 d:s ref:0 ;
in:3759 out:3759 type:B dur:2 cpbdur:2 q:40.57 aq:32.00 tex:0 mv:0 misc:160 imb:0 pmb:0 smb:1620 d:s ref:0 ;
in:3758 out:3760 type:b dur:2 cpbdur:2 q:40.57 aq:33.00 tex:1 mv:20 misc:155 imb:0 pmb:1 smb:1619 d:s ref:0 ;
in:3760 out:3761 type:b dur:2 cpbdur:2 q:40.57 aq:35.00 tex:0 mv:0 misc:152 imb:0 pmb:0 smb:1620 d:- ref:0 ;
in:3765 out:3762 type:P dur:2 cpbdur:2 q:40.44 aq:29.40 tex:2420 mv:2568 misc:1236 imb:61 pmb:290 smb:1269 d:s ref:0 ;
in:3763 out:3763 type:B dur:2 cpbdur:2 q:40.51 aq:32.00 tex:0 mv:0 misc:160 imb:0 pmb:0 smb:1620 d:s ref:0 ;
in:3762 out:3764 type:b dur:2 cpbdur:2 q:40.51 aq:34.00 tex:0 mv:0 misc:152 imb:0 pmb:0 smb:1620 d:s ref:0 ;
in:3764 out:3765 type:b dur:2 cpbdur:2 q:40.51 aq:34.00 tex:0 mv:0 misc:152 imb:0 pmb:0 smb:1620 d:- ref:0 ;
in:3768 out:3766 type:P dur:2 cpbdur:2 q:40.37 aq:29.66 tex:3072 mv:2696 misc:1272 imb:92 pmb:276 smb:1252 d:s ref:0 ;
in:3766 out:3767 type:B dur:2 cpbdur:2 q:40.44 aq:34.00 tex:1 mv:5 misc:186 imb:0 pmb:2 smb:1618 d:s ref:0 ;
in:3767 out:3768 type:b dur:2 cpbdur:2 q:40.44 aq:35.00 tex:0 mv:0 misc:152 imb:0 pmb:0 smb:1620 d:- ref:0 ;
in:3772 out:3769 type:P dur:2 cpbdur:2 q:40.34 aq:29.43 tex:2465 mv:2369 misc:1286 imb:77 pmb:259 smb:1284 d:s ref:0 ;
in:3770 out:3770 type:B dur:2 cpbdur:2 q:40.37 aq:37.37 tex:31 mv:5 misc:180 imb:0 pmb:1 smb:1619 d:s ref:0 ;
in:3769 out:3771 type:b dur:2 cpbdur:2 q:40.37 aq:36.00 tex:0 mv:0 misc:152 imb:0 pmb:0 smb:1620 d:s ref:0 ;
in:3771 out:3772 type:b dur:2 cpbdur:2 q:40.37 aq:36.00 tex:0 mv:0 misc:152 imb:0 pmb:0 smb:1620 d:- ref:0 ;
in:3776 out:3773 type:P dur:2 cpbdur:2 q:40.26 aq:30.62 tex:2412 mv:2326 misc:1206 imb:62 pmb:269 smb:1289 d:s ref:0 ;
in:3774 out:3774 type:B dur:2 cpbdur:2 q:40.34 aq:34.00 tex:1 mv:7 misc:176 imb:0 pmb:1 smb:1619 d:s ref:0 ;
in:3773 out:3775 type:b dur:2 cpbdur:2 q:40.34 aq:36.00 tex:0 mv:0 misc:152 imb:0 pmb:0 smb:1620 d:s ref:0 ;
in:3775 out:3776 type:b dur:2 cpbdur:2 q:40.34 aq:36.00 tex:0 mv:0 misc:152 imb:0 pmb:0 smb:1620 d:- ref:0 ;
in:3780 out:3777 type:P dur:2 cpbdur:2 q:40.20 aq:29.47 tex:2503 mv:2205 misc:1180 imb:52 pmb:275 smb:1293 d:s ref:0 ;
in:3778 out:3778 type:B dur:2 cpbdur:2 q:40.26 aq:33.00 tex:8 mv:48 misc:192 imb:1 pmb:3 smb:1616 d:s ref:0 ;
in:3777 out:3779 type:b dur:2 cpbdur:2 q:40.26 aq:35.00 tex:0 mv:0 misc:152 imb:0 pmb:0 smb:1620 d:s ref:0 ;
in:3779 out:3780 type:b dur:2 cpbdur:2 q:40.26 aq:34.00 tex:0 mv:0 misc:152 imb:0 pmb:0 smb:1620 d:- ref:0 ;
in:3783 out:3781 type:P dur:2 cpbdur:2 q:40.13 aq:30.05 tex:3184 mv:2488 misc:1288 imb:72 pmb:286 smb:1262 d:s ref:0 ;
in:3781 out:3782 type:B dur:2 cpbdur:2 q:40.20 aq:32.00 tex:0 mv:3 misc:173 imb:0 pmb:1 smb:1619 d:s ref:0 ;
in:3782 out:3783 type:b dur:2 cpbdur:2 q:40.19 aq:33.00 tex:0 mv:0 misc:144 imb:0 pmb:0 smb:1620 d:- ref:0 ;
in:3787 out:3784 type:P dur:2 cpbdur:2 q:40.10 aq:29.44 tex:2594 mv:2284 misc:1234 imb:92 pmb:232 smb:1296 d:s ref:0 ;
in:3785 out:3785 type:B dur:2 cpbdur:2 q:40.13 aq:31.50 tex:63 mv:32 misc:185 imb:2 pmb:2 smb:1616 d:s ref:0 ;
in:3784 out:3786 type:b dur:2 cpbdur:2 q:40.13 aq:32.00 tex:0 mv:0 misc:144 imb:0 pmb:0 smb:1620 d:s ref:0 ;
in:3786 out:3787 type:b dur:2 cpbdur:2 q:40.13 aq:33.00 tex:0 mv:0 misc:144 imb:0 pmb:0 smb:1620 d:- ref:0 ;
in:3791 out:3788 type:P dur:2 cpbdur:2 q:40.02 aq:29.14 tex:3107 mv:2430 misc:1263 imb:64 pmb:300 smb:1256 d:s ref:0 ;
in:3789 out:3789 type:B dur:2 cpbdur:2 q:40.10 aq:31.00 tex:3 mv:21 misc:184 imb:0 pmb:3 smb:1617 d:s ref:0 ;
in:3788 out:3790 type:b dur:2 cpbdur:2 q:40.10 aq:33.00 tex:0 mv:0 misc:144 imb:0 pmb:0 smb:1620 d:s ref:0 ;
in:3790 out:3791 type:b dur:2 cpbdur:2 q:40.10 aq:33.00 tex:0 mv:0 misc:144 imb:0 pmb:0 smb:1620 d:- ref:0 ;
in:3795 out:3792 type:P dur:2 cpbdur:2 q:39.95 aq:30.09 tex:2618 mv:2315 misc:1227 imb:72 pmb:253 smb:1295 d:s ref:0 ;
in:3793 out:3793 type:B dur:2 cpbdur:2 q:40.02 aq:31.00 tex:2 mv:27 misc:187 imb:0 pmb:3 smb:1617 d:s ref:0 ;
in:3792 out:3794 type:b dur:2 cpbdur:2 q:40.02 aq:33.00 tex:0 mv:0 misc:144 imb:0 pmb:0 smb:1620 d:s ref:0 ;
in:3794 out:3795 type:b dur:2 cpbdur:2 q:40.01 aq:33.00 tex:0 mv:0 misc:144 imb:0 pmb:0 smb:1620 d:- ref:0 ;
in:3798 out:3796 type:P dur:2 cpbdur:2 q:39.88 aq:29.54 tex:3333 mv:3063 misc:1364 imb:117 pmb:300 smb:1203 d:s ref:0 ;
in:3796 out:3797 type:B dur:2 cpbdur:2 q:39.95 aq:33.00 tex:1 mv:17 misc:166 imb:0 pmb:1 smb:1619 d:s ref:0 ;
in:3797 out:3798 type:b dur:2 cpbdur:2 q:39.95 aq:34.00 tex:0 mv:0 misc:152 imb:0 pmb:0 smb:1620 d:- ref:0 ;
in:3802 out:3799 type:P dur:2 cpbdur:2 q:39.85 aq:29.43 tex:2823 mv:2722 misc:1271 imb:71 pmb:330 smb:1219 d:s ref:0 ;
in:3800 out:3800 type:B dur:2 cpbdur:2 q:39.88 aq:36.09 tex:33 mv:5 misc:170 imb:0 pmb:1 smb:1619 d:s ref:0 ;
in:3799 out:3801 type:b dur:2 cpbdur:2 q:39.88 aq:34.00 tex:0 mv:0 misc:152 imb:0 pmb:0 smb:1620 d:s ref:0 ;
in:3801 out:3802 type:b dur:2 cpbdur:2 q:39.88 aq:34.00 tex:0 mv:0 misc:152 imb:0 pmb:0 smb:1620 d:- ref:0 ;
in:3806 out:3803 type:P dur:2 cpbdur:2 q:39.78 aq:29.34 tex:2843 mv:2465 misc:1228 imb:96 pmb:252 smb:1272 d:s ref:0 ;
in:3804 out:3804 type:B dur:2 cpbdur:2 q:39.85 aq:35.63 tex:31 mv:13 misc:180 imb:0 pmb:2 smb:1618 d:t ref:0 ;
in:3803 out:3805 type:b dur:2 cpbdur:2 q:39.85 aq:27.75 tex:18 mv:12 misc:162 imb:1 pmb:0 smb:1619 d:s ref:0 ;
in:3805 out:3806 type:b dur:2 cpbdur:2 q:39.85 aq:32.00 tex:0 mv:0 misc:144 imb:0 pmb:0 smb:1620 d:- ref:0 ;
in:3810 out:3807 type:P dur:2 cpbdur:2 q:39.71 aq:29.81 tex:2634 mv:2769 misc:1333 imb:77 pmb:310 smb:1233 d:s ref:0 ;
in:3808 out:3808 type:B dur:2 cpbdur:2 q:39.78 aq:23.04 tex:29 mv:41 misc:186 imb:1 pmb:2 smb:1617 d:s ref:0 ;
in:3807 out:3809 type:b dur:2 cpbdur:2 q:39.78 aq:33.00 tex:0 mv:0 misc:144 imb:0 pmb:0 smb:1620 d:s ref:0 ;
in:3809 out:3810 type:b dur:2 cpbdur:2 q:39.78 aq:33.00 tex:0 mv:0 misc:144 imb:0 pmb:0 smb:1620 d:- ref:0 ;
in:3813 out:3811 type:P dur:2 cpbdur:2 q:39.64 aq:29.07 tex:3116 mv:3172 misc:1376 imb:108 pmb:328 smb:1184 d:s ref:0 ;
in:3811 out:3812 type:B dur:2 cpbdur:2 q:39.70 aq:35.00 tex:1 mv:2 misc:181 imb:0 pmb:1 smb:1619 d:s ref:0 ;
in:3812 out:3813 type:b dur:2 cpbdur:2 q:39.70 aq:36.00 tex:0 mv:0 misc:152 imb:0 pmb:0 smb:1620 d:- ref:0 ;
in:3817 out:3814 type:P dur:2 cpbdur:2 q:39.61 aq:29.49 tex:2956 mv:2617 misc:1219 imb:68 pmb:299 smb:1253 d:s ref:0 ;
in:3815 out:3815 type:B dur:2 cpbdur:2 q:39.64 aq:34.00 tex:1 mv:48 misc:207 imb:0 pmb:5 smb:1615 d:t ref:0 ;
in:3814 out:3816 type:b dur:2 cpbdur:2 q:39.64 aq:36.00 tex:0 mv:0 misc:152 imb:0 pmb:0 smb:1620 d:s ref:0 ;
in:3816 out:3817 type:b dur:2 cpbdur:2 q:39.64 aq:36.00 tex:0 mv:0 misc:152 imb:0 pmb:0 smb:1620 d:- ref:0 ;
in:3819 out:3818 type:P dur:2 cpbdur:2 q:39.53 aq:28.93 tex:1780 mv:1383 misc:1013 imb:36 pmb:206 smb:1378 d:s ref:0 ;
in:3818 out:3819 type:b dur:2 cpbdur:2 q:39.61 aq:35.00 tex:0 mv:0 misc:152 imb:0 pmb:0 smb:1620 d:s ref:0 ;
in:3821 out:3820 type:P dur:2 cpbdur:2 q:39.50 aq:29.75 tex:2015 mv:1816 misc:1113 imb:56 pmb:217 smb:1347 d:s ref:0 ;
in:3820 out:3821 type:b dur:2 cpbdur:2 q:39.53 aq:35.00 tex:1 mv:8 misc:159 imb:0 pmb:1 smb:1619 d:s ref:0 ;
in:3825 out:3822 type:P dur:2 cpbdur:2 q:39.47 aq:30.43 tex:4093 mv:3305 misc:1378 imb:136 pmb:327 smb:1157 d:s ref:0 ;
in:3823 out:3823 type:B dur:2 cpbdur:2 q:39.50 aq:23.45 tex:24 mv:93 misc:243 imb:2 pmb:13 smb:1605 d:s ref:0 ;
in:3822 out:3824 type:b dur:2 cpbdur:2 q:39.50 aq:38.27 tex:32 mv:19 misc:157 imb:0 pmb:1 smb:1619 d:s ref:0 ;
in:3824 out:3825 type:b dur:2 cpbdur:2 q:39.50 aq:33.00 tex:0 mv:3 misc:157 imb:0 pmb:1 smb:1619 d:- ref:0 ;
in:3828 out:3826 type:P dur:2 cpbdur:2 q:39.42 aq:30.75 tex:5290 mv:3756 misc:1426 imb:173 pmb:357 smb:1090 d:s ref:0 ;
in:3826 out:3827 type:B dur:2 cpbdur:2 q:39.47 aq:31.00 tex:7 mv:42 misc:191 imb:2 pmb:2 smb:1616 d:s ref:0 ;
in:3827 out:3828 type:b dur:2 cpbdur:2 q:39.47 aq:31.00 tex:0 mv:0 misc:144 imb:0 pmb:0 smb:1620 d:- ref:0 ;
in:3832 out:3829 type:P dur:2 cpbdur:2 q:39.40 aq:30.92 tex:5211 mv:4256 misc:1421 imb:289 pmb:339 smb:992 d:s ref:0 ;
in:3830 out:3830 type:B dur:2 cpbdur:2 q:39.41 aq:28.52 tex:82 mv:131 misc:259 imb:3 pmb:12 smb:1605 d:s ref:0 ;
in:3829 out:3831 type:b dur:2 cpbdur:2 q:39.42 aq:31.00 tex:0 mv:0 misc:144 imb:0 pmb:0 smb:1620 d:s ref:0 ;
in:3831 out:3832 type:b dur:2 cpbdur:2 q:39.41 aq:34.96 tex:24 mv:41 misc:167 imb:4 pmb:0 smb:1616 d:- ref:0 ;
in:3834 out:3833 type:P dur:2 cpbdur:2 q:39.34 aq:31.60 tex:2663 mv:1748 misc:1021 imb:74 pmb:180 smb:1366 d:s ref:0 ;
in:3833 out:3834 type:b dur:2 cpbdur:2 q:39.40 aq:31.00 tex:0 mv:0 misc:144 imb:0 pmb:0 smb:1620 d:s ref:0 ;
in:3836 out:3835 type:P dur:2 cpbdur:2 q:39.31 aq:31.44 tex:4782 mv:3173 misc:1173 imb:233 pmb:224 smb:1163 d:s ref:0 ;
in:3835 out:3836 type:b dur:2 cpbdur:2 q:39.34 aq:31.00 tex:10 mv:5 misc:153 imb:0 pmb:1 smb:1619 d:s ref:0 ;
in:3838 out:3837 type:P dur:2 cpbdur:2 q:39.29 aq:31.69 tex:4366 mv:2950 misc:1220 imb:214 pmb:213 smb:1193 d:s ref:0 ;
in:3837 out:3838 type:b dur:2 cpbdur:2 q:39.31 aq:31.00 tex:16 mv:60 misc:260 imb:0 pmb:21 smb:1599 d:s ref:0 ;
in:3840 out:3839 type:P dur:2 cpbdur:2 q:39.28 aq:31.78 tex:5536 mv:3820 misc:1276 imb:283 pmb:252 smb:1085 d:s ref:0 ;
in:3839 out:3840 type:b dur:2 cpbdur:2 q:39.29 aq:31.00 tex:1 mv:9 misc:158 imb:0 pmb:2 smb:1618 d:s ref:0 ;
in:3843 out:3841 type:P dur:2 cpbdur:2 q:39.28 aq:31.95 tex:11933 mv:5938 misc:1177 imb:553 pmb:332 smb:735 d:s ref:0 ;
in:3841 out:3842 type:B dur:2 cpbdur:2 q:39.28 aq:34.68 tex:139 mv:324 misc:337 imb:4 pmb:30 smb:1586 d:s ref:0 ;
in:3842 out:3843 type:b dur:2 cpbdur:2 q:39.28 aq:33.00 tex:5 mv:77 misc:182 imb:1 pmb:5 smb:1614 d:- ref:0 ;
in:3847 out:3844 type:P dur:2 cpbdur:2 q:39.32 aq:32.38 tex:11380 mv:6885 misc:1175 imb:548 pmb:367 smb:705 d:s ref:0 ;
in:3845 out:3845 type:B dur:2 cpbdur:2 q:39.31 aq:29.45 tex:123 mv:180 misc:265 imb:6 pmb:17 smb:1597 d:s ref:0 ;
in:3844 out:3846 type:b dur:2 cpbdur:2 q:39.31 aq:35.00 tex:3 mv:23 misc:206 imb:0 pmb:9 smb:1611 d:s ref:0 ;
in:3846 out:3847 type:b dur:2 cpbdur:2 q:39.31 aq:36.00 tex:1 mv:33 misc:182 imb:0 pmb:4 smb:1616 d:- ref:0 ;
in:3851 out:3848 type:P dur:2 cpbdur:2 q:39.29 aq:33.00 tex:11055 mv:6434 misc:1207 imb:494 pmb:383 smb:743 d:s ref:0 ;
in:3849 out:3849 type:B dur:2 cpbdur:2 q:39.31 aq:37.95 tex:119 mv:304 misc:345 imb:2 pmb:34 smb:1584 d:s ref:0 ;
in:3848 out:3850 type:b dur:2 cpbdur:2 q:39.32 aq:36.00 tex:2 mv:23 misc:199 imb:0 pmb:7 smb:1613 d:s ref:0 ;
in:3850 out:3851 type:b dur:2 cpbdur:2 q:39.31 aq:34.00 tex:13 mv:31 misc:180 imb:0 pmb:4 smb:1616 d:- ref:0 ;
in:3853 out:3852 type:P dur:2 cpbdur:2 q:39.28 aq:32.67 tex:5381 mv:4119 misc:1428 imb:160 pmb:366 smb:1094 d:s ref:0 w:7,127,0 ;
in:3852 out:3853 type:b dur:2 cpbdur:2 q:39.29 aq:36.00 tex:4 mv:69 misc:271 imb:0 pmb:20 smb:1600 d:s ref:0 ;
in:3857 out:3854 type:P dur:2 cpbdur:2 q:39.27 aq:32.95 tex:18607 mv:8040 misc:1057 imb:726 pmb:409 smb:485 d:s ref:0 ;
in:3855 out:3855 type:B dur:2 cpbdur:2 q:39.28 aq:33.84 tex:274 mv:583 misc:487 imb:10 pmb:61 smb:1549 d:s ref:0 ;
in:3854 out:3856 type:b dur:2 cpbdur:2 q:39.28 aq:34.37 tex:72 mv:135 misc:241 imb:1 pmb:14 smb:1605 d:s ref:0 ;
in:3856 out:3857 type:b dur:2 cpbdur:2 q:39.28 aq:35.67 tex:17 mv:24 misc:167 imb:0 pmb:2 smb:1618 d:- ref:0 ;
in:3861 out:3858 type:P dur:2 cpbdur:2 q:39.31 aq:33.13 tex:8816 mv:5723 misc:1405 imb:316 pmb:422 smb:882 d:s ref:0 w:7,127,-2 ;
in:3859 out:3859 type:B dur:2 cpbdur:2 q:39.31 aq:33.87 tex:435 mv:482 misc:515 imb:10 pmb:54 smb:1556 d:s ref:0 ;
in:3858 out:3860 type:b dur:2 cpbdur:2 q:39.31 aq:34.85 tex:81 mv:66 misc:253 imb:3 pmb:13 smb:1604 d:s ref:0 ;
in:3860 out:3861 type:b dur:2 cpbdur:2 q:39.31 aq:38.00 tex:0 mv:35 misc:181 imb:0 pmb:4 smb:1616 d:- ref:0 ;
in:3865 out:3862 type:P dur:2 cpbdur:2 q:39.28 aq:32.93 tex:12732 mv:7164 misc:1400 imb:550 pmb:451 smb:619 d:s ref:0 w:6,63,-2,6,64,0,65,-1 ;
in:3863 out:3863 type:B dur:2 cpbdur:2 q:39.31 aq:31.46 tex:640 mv:746 misc:638 imb:19 pmb:81 smb:1520 d:s ref:0 ;
in:3862 out:3864 type:b dur:2 cpbdur:2 q:39.31 aq:32.89 tex:126 mv:169 misc:353 imb:6 pmb:30 smb:1584 d:s ref:0 ;
in:3864 out:3865 type:b dur:2 cpbdur:2 q:39.31 aq:37.12 tex:42 mv:84 misc:218 imb:1 pmb:8 smb:1611 d:- ref:0 ;
in:3867 out:3866 type:P dur:2 cpbdur:2 q:39.29 aq:32.23 tex:11842 mv:5662 misc:1376 imb:480 pmb:354 smb:786 d:s ref:0 ;
in:3866 out:3867 type:b dur:2 cpbdur:2 q:39.29 aq:33.89 tex:27 mv:56 misc:181 imb:2 pmb:2 smb:1616 d:s ref:0 ;
in:3871 out:3868 type:P dur:2 cpbdur:2 q:39.31 aq:33.04 tex:10215 mv:6617 misc:1432 imb:442 pmb:394 smb:784 d:s ref:0 w:7,127,-2 ;
in:3869 out:3869 type:B dur:2 cpbdur:2 q:39.31 aq:33.61 tex:184 mv:227 misc:381 imb:4 pmb:32 smb:1584 d:s ref:0 ;
in:3868 out:3870 type:b dur:2 cpbdur:2 q:39.31 aq:38.00 tex:1 mv:3 misc:156 imb:0 pmb:1 smb:1619 d:s ref:0 ;
in:3870 out:3871 type:b dur:2 cpbdur:2 q:39.31 aq:37.26 tex:63 mv:101 misc:228 imb:2 pmb:9 smb:1609 d:- ref:0 ;
in:3873 out:3872 type:P dur:2 cpbdur:2 q:39.30 aq:32.42 tex:16435 mv:7631 misc:1294 imb:585 pmb:441 smb:594 d:s ref:0 ;
in:3872 out:3873 type:b dur:2 cpbdur:2 q:39.31 aq:36.92 tex:21 mv:37 misc:214 imb:1 pmb:7 smb:1612 d:s ref:0 ;
in:3877 out:3874 type:P dur:2 cpbdur:2 q:39.44 aq:32.06 tex:19524 mv:9273 misc:1043 imb:705 pmb:518 smb:397 d:s ref:0 ;
in:3875 out:3875 type:B dur:2 cpbdur:2 q:39.44 aq:35.26 tex:232 mv:214 misc:346 imb:3 pmb:30 smb:1587 d:s ref:0 ;
in:3874 out:3876 type:b dur:2 cpbdur:2 q:39.44 aq:36.24 tex:19 mv:27 misc:202 imb:0 pmb:7 smb:1613 d:s ref:0 ;
in:3876 out:3877 type:b dur:2 cpbdur:2 q:39.44 aq:35.56 tex:33 mv:81 misc:190 imb:2 pmb:4 smb:1614 d:- ref:0 ;
in:3881 out:3878 type:P dur:2 cpbdur:2 q:39.41 aq:31.39 tex:16013 mv:7787 misc:1288 imb:436 pmb:519 smb:665 d:s ref:0 ;
in:3879 out:3879 type:B dur:2 cpbdur:2 q:39.44 aq:37.88 tex:140 mv:170 misc:330 imb:1 pmb:33 smb:1586 d:s ref:0 ;
in:3878 out:3880 type:b dur:2 cpbdur:2 q:39.44 aq:37.00 tex:10 mv:13 misc:177 imb:0 pmb:3 smb:1617 d:s ref:0 ;
in:3880 out:3881 type:b dur:2 cpbdur:2 q:39.44 aq:39.17 tex:37 mv:31 misc:172 imb:1 pmb:4 smb:1615 d:- ref:0 ;
in:3885 out:3882 type:P dur:2 cpbdur:2 q:39.41 aq:31.38 tex:12798 mv:6838 misc:1324 imb:371 pmb:510 smb:739 d:s ref:0 ;
in:3883 out:3883 type:B dur:2 cpbdur:2 q:39.41 aq:34.31 tex:651 mv:640 misc:525 imb:6 pmb:71 smb:1543 d:s ref:0 ;
in:3882 out:3884 type:b dur:2 cpbdur:2 q:39.41 aq:39.79 tex:62 mv:54 misc:260 imb:0 pmb:17 smb:1603 d:s ref:0 ;
in:3884 out:3885 type:b dur:2 cpbdur:2 q:39.41 aq:36.74 tex:69 mv:58 misc:217 imb:0 pmb:9 smb:1611 d:- ref:0 ;
in:3889 out:3886 type:P dur:2 cpbdur:2 q:39.41 aq:31.67 tex:13506 mv:7782 misc:1368 imb:338 pmb:573 smb:709 d:s ref:0 ;
in:3887 out:3887 type:B dur:2 cpbdur:2 q:39.41 aq:34.72 tex:393 mv:788 misc:627 imb:5 pmb:102 smb:1513 d:t ref:0 ;
in:3886 out:3888 type:b dur:2 cpbdur:2 q:39.41 aq:36.18 tex:106 mv:174 misc:240 imb:2 pmb:15 smb:1603 d:s ref:0 ;
in:3888 out:3889 type:b dur:2 cpbdur:2 q:39.41 aq:38.97 tex:96 mv:45 misc:227 imb:0 pmb:15 smb:1605 d:- ref:0 ;
in:3892 out:3890 type:P dur:2 cpbdur:2 q:39.42 aq:32.17 tex:9433 mv:5692 misc:1251 imb:159 pmb:515 smb:946 d:s ref:0 ;
in:3890 out:3891 type:B dur:2 cpbdur:2 q:39.42 aq:38.67 tex:394 mv:524 misc:402 imb:2 pmb:55 smb:1563 d:t ref:0 ;
in:3891 out:3892 type:b dur:2 cpbdur:2 q:39.42 aq:39.55 tex:191 mv:250 misc:279 imb:3 pmb:26 smb:1591 d:- ref:0 ;
in:3896 out:3893 type:P dur:2 cpbdur:2 q:39.43 aq:32.50 tex:8803 mv:5428 misc:1377 imb:178 pmb:502 smb:940 d:s ref:0 ;
in:3894 out:3894 type:B dur:2 cpbdur:2 q:39.43 aq:36.43 tex:157 mv:234 misc:337 imb:1 pmb:34 smb:1585 d:s ref:0 ;
in:3893 out:3895 type:b dur:2 cpbdur:2 q:39.43 aq:39.44 tex:16 mv:14 misc:178 imb:0 pmb:4 smb:1616 d:s ref:0 ;
in:3895 out:3896 type:b dur:2 cpbdur:2 q:39.43 aq:40.20 tex:136 mv:128 misc:248 imb:0 pmb:15 smb:1605 d:- ref:0 ;
in:3900 out:3897 type:P dur:2 cpbdur:2 q:39.39 aq:32.48 tex:10394 mv:5912 misc:1342 imb:190 pmb:534 smb:896 d:s ref:0 ;
in:3898 out:3898 type:B dur:2 cpbdur:2 q:39.43 aq:34.40 tex:875 mv:1225 misc:636 imb:19 pmb:116 smb:1485 d:t ref:0 ;
in:3897 out:3899 type:b dur:2 cpbdur:2 q:39.43 aq:39.00 tex:35 mv:56 misc:237 imb:0 pmb:16 smb:1604 d:s ref:0 ;
in:3899 out:3900 type:b dur:2 cpbdur:2 q:39.43 aq:38.94 tex:136 mv:244 misc:268 imb:7 pmb:16 smb:1597 d:- ref:0 ;
in:3903 out:3901 type:P dur:2 cpbdur:2 q:39.39 aq:32.38 tex:17007 mv:7523 misc:1414 imb:330 pmb:587 smb:703 d:s ref:0 ;
in:3901 out:3902 type:B dur:2 cpbdur:2 q:39.39 aq:37.42 tex:220 mv:471 misc:493 imb:3 pmb:58 smb:1559 d:t ref:0 ;
in:3902 out:3903 type:b dur:2 cpbdur:2 q:39.39 aq:38.61 tex:158 mv:347 misc:335 imb:3 pmb:36 smb:1581 d:- ref:0 ;
in:3907 out:3904 type:P dur:2 cpbdur:2 q:39.46 aq:32.03 tex:17905 mv:8126 misc:1433 imb:324 pmb:651 smb:645 d:s ref:0 w:5,33,-1 ;
in:3905 out:3905 type:B dur:2 cpbdur:2 q:39.45 aq:37.98 tex:210 mv:704 misc:518 imb:3 pmb:73 smb:1544 d:t ref:0 ;
in:3904 out:3906 type:b dur:2 cpbdur:2 q:39.45 aq:38.00 tex:4 mv:40 misc:244 imb:0 pmb:17 smb:1603 d:s ref:0 ;
in:3906 out:3907 type:b dur:2 cpbdur:2 q:39.45 aq:37.23 tex:60 mv:264 misc:316 imb:2 pmb:31 smb:1587 d:- ref:0 ;
in:3911 out:3908 type:P dur:2 cpbdur:2 q:39.47 aq:32.43 tex:12524 mv:6214 misc:1374 imb:200 pmb:560 smb:860 d:s ref:0 ;
in:3909 out:3909 type:B dur:2 cpbdur:2 q:39.47 aq:37.00 tex:63 mv:337 misc:440 imb:0 pmb:56 smb:1564 d:s ref:0 ;
in:3908 out:3910 type:b dur:2 cpbdur:2 q:39.47 aq:39.00 tex:0 mv:6 misc:170 imb:0 pmb:2 smb:1618 d:s ref:0 ;
in:3910 out:3911 type:b dur:2 cpbdur:2 q:39.47 aq:40.02 tex:147 mv:362 misc:299 imb:2 pmb:30 smb:1588 d:- ref:0 ;
in:3915 out:3912 type:P dur:2 cpbdur:2 q:39.46 aq:32.45 tex:14379 mv:7527 misc:1470 imb:258 pmb:658 smb:704 d:s ref:0 ;
in:3913 out:3913 type:B dur:2 cpbdur:2 q:39.47 aq:36.32 tex:654 mv:1195 misc:727 imb:12 pmb:120 smb:1488 d:t ref:0 ;
in:3912 out:3914 type:b dur:2 cpbdur:2 q:39.47 aq:36.59 tex:51 mv:125 misc:280 imb:3 pmb:21 smb:1596 d:s ref:0 ;
in:3914 out:3915 type:b dur:2 cpbdur:2 q:39.47 aq:39.20 tex:176 mv:351 misc:313 imb:3 pmb:29 smb:1588 d:- ref:0 ;
in:3919 out:3916 type:P dur:2 cpbdur:2 q:39.47 aq:32.74 tex:11913 mv:7424 misc:1463 imb:254 pmb:625 smb:741 d:s ref:0 ;
in:3917 out:3917 type:B dur:2 cpbdur:2 q:39.47 aq:38.55 tex:262 mv:584 misc:586 imb:2 pmb:89 smb:1529 d:t ref:0 ;
in:3916 out:3918 type:b dur:2 cpbdur:2 q:39.47 aq:37.52 tex:71 mv:115 misc:238 imb:2 pmb:11 smb:1607 d:s ref:0 ;
in:3918 out:3919 type:b dur:2 cpbdur:2 q:39.47 aq:36.95 tex:47 mv:23 misc:202 imb:0 pmb:9 smb:1611 d:- ref:0 ;
in:3922 out:3920 type:P dur:2 cpbdur:2 q:39.47 aq:31.97 tex:13679 mv:6925 misc:1484 imb:232 pmb:618 smb:770 d:s ref:0 ;
in:3920 out:3921 type:B dur:2 cpbdur:2 q:39.47 aq:37.93 tex:320 mv:543 misc:457 imb:6 pmb:53 smb:1561 d:t ref:0 ;
in:3921 out:3922 type:b dur:2 cpbdur:2 q:39.47 aq:37.28 tex:104 mv:367 misc:329 imb:5 pmb:29 smb:1586 d:- ref:0 ;
in:3926 out:3923 type:P dur:2 cpbdur:2 q:39.51 aq:32.31 tex:10714 mv:6723 misc:1515 imb:230 pmb:581 smb:809 d:s ref:0 ;
in:3924 out:3924 type:B dur:2 cpbdur:2 q:39.51 aq:32.41 tex:81 mv:231 misc:392 imb:3 pmb:45 smb:1572 d:s ref:0 ;
in:3923 out:3925 type:b dur:2 cpbdur:2 q:39.51 aq:38.00 tex:0 mv:0 misc:152 imb:0 pmb:0 smb:1620 d:s ref:0 ;
in:3925 out:3926 type:b dur:2 cpbdur:2 q:39.51 aq:39.02 tex:79 mv:391 misc:306 imb:2 pmb:33 smb:1585 d:- ref:0 ;
in:3930 out:3927 type:P dur:2 cpbdur:2 q:39.49 aq:32.70 tex:11777 mv:6698 misc:1485 imb:242 pmb:570 smb:808 d:s ref:0 ;
in:3928 out:3928 type:B dur:2 cpbdur:2 q:39.51 aq:36.24 tex:653 mv:1216 misc:651 imb:7 pmb:123 smb:1490 d:t ref:0 ;
in:3927 out:3929 type:b dur:2 cpbdur:2 q:39.51 aq:36.87 tex:47 mv:104 misc:273 imb:2 pmb:17 smb:1601 d:s ref:0 ;
in:3929 out:3930 type:b dur:2 cpbdur:2 q:39.51 aq:39.32 tex:175 mv:276 misc:301 imb:2 pmb:25 smb:1593 d:- ref:0 ;
in:3933 out:3931 type:P dur:2 cpbdur:2 q:39.49 aq:32.68 tex:10310 mv:5690 misc:1488 imb:179 pmb:584 smb:857 d:s ref:0 ;
in:3931 out:3932 type:B dur:2 cpbdur:2 q:39.49 aq:37.68 tex:48 mv:52 misc:252 imb:0 pmb:15 smb:1605 d:s ref:0 ;
in:3932 out:3933 type:b dur:2 cpbdur:2 q:39.49 aq:39.96 tex:81 mv:236 misc:291 imb:1 pmb:21 smb:1598 d:- ref:0 ;
in:3937 out:3934 type:P dur:2 cpbdur:2 q:39.51 aq:32.22 tex:20320 mv:7779 misc:1381 imb:308 pmb:737 smb:575 d:s ref:0 ;
in:3935 out:3935 type:B dur:2 cpbdur:2 q:39.51 aq:36.45 tex:215 mv:534 misc:411 imb:4 pmb:53 smb:1563 d:s ref:0 ;
in:3934 out:3936 type:b dur:2 cpbdur:2 q:39.51 aq:39.00 tex:1 mv:33 misc:182 imb:0 pmb:4 smb:1616 d:s ref:0 ;
in:3936 out:3937 type:b dur:2 cpbdur:2 q:39.51 aq:38.79 tex:136 mv:323 misc:269 imb:5 pmb:23 smb:1592 d:- ref:0 ;
in:3941 out:3938 type:P dur:2 cpbdur:2 q:39.54 aq:32.83 tex:8098 mv:5922 misc:1524 imb:160 pmb:570 smb:890 d:s ref:0 ;
in:3939 out:3939 type:B dur:2 cpbdur:2 q:39.54 aq:37.00 tex:64 mv:208 misc:496 imb:0 pmb:66 smb:1554 d:s ref:0 ;
in:3938 out:3940 type:b dur:2 cpbdur:2 q:39.54 aq:39.00 tex:0 mv:0 misc:152 imb:0 pmb:0 smb:1620 d:s ref:0 ;
in:3940 out:3941 type:b dur:2 cpbdur:2 q:39.54 aq:37.14 tex:105 mv:253 misc:274 imb:6 pmb:16 smb:1598 d:- ref:0 ;
in:3945 out:3942 type:P dur:2 cpbdur:2 q:39.50 aq:33.05 tex:10330 mv:6190 misc:1488 imb:220 pmb:571 smb:829 d:s ref:0 ;
in:3943 out:3943 type:B dur:2 cpbdur:2 q:39.54 aq:36.19 tex:899 mv:1509 misc:800 imb:17 pmb:160 smb:1443 d:t ref:0 ;
in:3942 out:3944 type:b dur:2 cpbdur:2 q:39.54 aq:38.78 tex:21 mv:93 misc:278 imb:1 pmb:21 smb:1598 d:s ref:0 ;
in:3944 out:3945 type:b dur:2 cpbdur:2 q:39.54 aq:38.47 tex:175 mv:555 misc:382 imb:7 pmb:44 smb:1569 d:- ref:0 ;
in:3948 out:3946 type:P dur:2 cpbdur:2 q:39.50 aq:32.27 tex:9008 mv:6017 misc:1567 imb:249 pmb:548 smb:823 d:s ref:0 ;
in:3946 out:3947 type:B dur:2 cpbdur:2 q:39.50 aq:38.73 tex:39 mv:70 misc:251 imb:0 pmb:12 smb:1608 d:s ref:0 ;
in:3947 out:3948 type:b dur:2 cpbdur:2 q:39.50 aq:39.67 tex:111 mv:179 misc:246 imb:4 pmb:14 smb:1602 d:- ref:0 ;
in:3952 out:3949 type:P dur:2 cpbdur:2 q:39.51 aq:33.00 tex:9836 mv:5889 misc:1427 imb:199 pmb:551 smb:870 d:s ref:0 ;
in:3950 out:3950 type:B dur:2 cpbdur:2 q:39.51 aq:38.20 tex:456 mv:771 misc:501 imb:11 pmb:70 smb:1539 d:t ref:0 ;
in:3949 out:3951 type:b dur:2 cpbdur:2 q:39.51 aq:39.00 tex:1 mv:22 misc:193 imb:0 pmb:8 smb:1612 d:s ref:0 ;
in:3951 out:3952 type:b dur:2 cpbdur:2 q:39.51 aq:37.78 tex:148 mv:362 misc:298 imb:6 pmb:26 smb:1588 d:- ref:0 ;
in:3956 out:3953 type:P dur:2 cpbdur:2 q:39.49 aq:32.78 tex:10652 mv:6895 misc:1509 imb:252 pmb:577 smb:791 d:s ref:0 ;
in:3954 out:3954 type:B dur:2 cpbdur:2 q:39.51 aq:37.00 tex:39 mv:329 misc:440 imb:0 pmb:51 smb:1569 d:s ref:0 ;
in:3953 out:3955 type:b dur:2 cpbdur:2 q:39.51 aq:39.00 tex:1 mv:12 misc:163 imb:0 pmb:1 smb:1619 d:s ref:0 ;
in:3955 out:3956 type:b dur:2 cpbdur:2 q:39.51 aq:36.81 tex:97 mv:258 misc:285 imb:5 pmb:23 smb:1592 d:- ref:0 ;
in:3960 out:3957 type:P dur:2 cpbdur:2 q:39.48 aq:33.46 tex:8102 mv:5930 misc:1512 imb:201 pmb:527 smb:892 d:s ref:0 ;
in:3958 out:3958 type:B dur:2 cpbdur:2 q:39.49 aq:35.97 tex:534 mv:1256 misc:738 imb:11 pmb:119 smb:1490 d:s ref:0 ;
in:3957 out:3959 type:b dur:2 cpbdur:2 q:39.49 aq:37.84 tex:14 mv:59 misc:239 imb:1 pmb:13 smb:1606 d:s ref:0 ;
in:3959 out:3960 type:b dur:2 cpbdur:2 q:39.49 aq:35.64 tex:88 mv:218 misc:262 imb:5 pmb:13 smb:1602 d:- ref:0 ;
in:3963 out:3961 type:P dur:2 cpbdur:2 q:39.46 aq:32.02 tex:11109 mv:6697 misc:1538 imb:251 pmb:600 smb:769 d:s ref:0 ;
in:3961 out:3962 type:B dur:2 cpbdur:2 q:39.48 aq:36.13 tex:70 mv:156 misc:270 imb:1 pmb:17 smb:1602 d:s ref:0 ;
in:3962 out:3963 type:b dur:2 cpbdur:2 q:39.48 aq:37.30 tex:148 mv:357 misc:287 imb:7 pmb:25 smb:1588 d:- ref:0 ;
in:3967 out:3964 type:P dur:2 cpbdur:2 q:39.49 aq:32.97 tex:12427 mv:7335 misc:1534 imb:291 pmb:635 smb:694 d:s ref:0 ;
in:3965 out:3965 type:B dur:2 cpbdur:2 q:39.48 aq:33.76 tex:188 mv:621 misc:519 imb:8 pmb:63 smb:1549 d:s ref:0 ;
in:3964 out:3966 type:b dur:2 cpbdur:2 q:39.48 aq:38.00 tex:0 mv:19 misc:213 imb:0 pmb:8 smb:1612 d:s ref:0 ;
in:3966 out:3967 type:b dur:2 cpbdur:2 q:39.49 aq:36.53 tex:238 mv:368 misc:330 imb:9 pmb:30 smb:1581 d:- ref:0 ;
in:3971 out:3968 type:P dur:2 cpbdur:2 q:39.47 aq:32.91 tex:9321 mv:6333 misc:1586 imb:234 pmb:564 smb:822 d:s ref:0 ;
in:3969 out:3969 type:B dur:2 cpbdur:2 q:39.49 aq:32.99 tex:43 mv:441 misc:580 imb:1 pmb:80 smb:1539 d:s ref:0 ;
in:3968 out:3970 type:b dur:2 cpbdur:2 q:39.49 aq:38.00 tex:0 mv:0 misc:152 imb:0 pmb:0 smb:1620 d:s ref:0 ;
in:3970 out:3971 type:b dur:2 cpbdur:2 q:39.49 aq:38.00 tex:45 mv:275 misc:304 imb:1 pmb:27 smb:1592 d:- ref:0 ;
in:3975 out:3972 type:P dur:2 cpbdur:2 q:39.45 aq:33.33 tex:9898 mv:6176 misc:1550 imb:291 pmb:501 smb:828 d:s ref:0 ;
in:3973 out:3973 type:B dur:2 cpbdur:2 q:39.47 aq:34.29 tex:544 mv:1138 misc:654 imb:16 pmb:97 smb:1507 d:t ref:0 ;
in:3972 out:3974 type:b dur:2 cpbdur:2 q:39.47 aq:34.60 tex:45 mv:148 misc:295 imb:1 pmb:25 smb:1594 d:s ref:0 ;
in:3974 out:3975 type:b dur:2 cpbdur:2 q:39.47 aq:38.31 tex:75 mv:206 misc:271 imb:4 pmb:19 smb:1597 d:- ref:0 ;
in:3978 out:3976 type:P dur:2 cpbdur:2 q:39.45 aq:34.48 tex:3828 mv:4109 misc:1367 imb:123 pmb:400 smb:1097 d:s ref:0 ;
in:3976 out:3977 type:B dur:2 cpbdur:2 q:39.45 aq:32.79 tex:23 mv:75 misc:238 imb:1 pmb:10 smb:1609 d:s ref:0 ;
in:3977 out:3978 type:b dur:2 cpbdur:2 q:39.45 aq:37.89 tex:128 mv:289 misc:287 imb:5 pmb:22 smb:1593 d:- ref:0 ;
in:3979 out:3979 type:I dur:2 cpbdur:2 q:36.56 aq:29.31 tex:70893 mv:30503 misc:124 imb:1620 pmb:0 smb:0 d:s ref:;
in:3983 out:3980 type:P dur:2 cpbdur:2 q:39.84 aq:33.29 tex:4234 mv:3988 misc:1282 imb:134 pmb:355 smb:1131 d:s ref:0 ;
in:3981 out:3981 type:B dur:2 cpbdur:2 q:39.84 aq:37.95 tex:259 mv:640 misc:453 imb:4 pmb:64 smb:1552 d:s ref:0 ;
in:3980 out:3982 type:b dur:2 cpbdur:2 q:39.84 aq:39.25 tex:118 mv:306 misc:272 imb:3 pmb:23 smb:1594 d:s ref:0 ;
in:3982 out:3983 type:b dur:2 cpbdur:2 q:39.84 aq:40.78 tex:23 mv:27 misc:190 imb:1 pmb:4 smb:1615 d:- ref:0 ;
in:3987 out:3984 type:P dur:2 cpbdur:2 q:39.75 aq:32.38 tex:8664 mv:6740 misc:1508 imb:238 pmb:537 smb:845 d:s ref:0 ;
in:3985 out:3985 type:B dur:2 cpbdur:2 q:39.84 aq:38.59 tex:262 mv:1049 misc:649 imb:12 pmb:93 smb:1515 d:t ref:0 ;
in:3984 out:3986 type:b dur:2 cpbdur:2 q:39.84 aq:41.00 tex:16 mv:82 misc:222 imb:0 pmb:11 smb:1609 d:s ref:0 ;
in:3986 out:3987 type:b dur:2 cpbdur:2 q:39.84 aq:39.70 tex:108 mv:312 misc:308 imb:6 pmb:25 smb:1589 d:- ref:0 ;
in:3991 out:3988 type:P dur:2 cpbdur:2 q:39.74 aq:33.61 tex:5555 mv:4639 misc:1382 imb:116 pmb:443 smb:1061 d:s ref:0 ;
in:3989 out:3989 type:B dur:2 cpbdur:2 q:39.75 aq:37.31 tex:284 mv:605 misc:479 imb:7 pmb:55 smb:1558 d:s ref:0 ;
in:3988 out:3990 type:b dur:2 cpbdur:2 q:39.75 aq:42.00 tex:0 mv:15 misc:193 imb:0 pmb:6 smb:1614 d:s ref:0 ;
in:3990 out:3991 type:b dur:2 cpbdur:2 q:39.75 aq:39.27 tex:56 mv:75 misc:229 imb:2 pmb:10 smb:1608 d:- ref:0 ;
in:3993 out:3992 type:P dur:2 cpbdur:2 q:39.69 aq:32.20 tex:6268 mv:4196 misc:1480 imb:116 pmb:453 smb:1051 d:s ref:0 ;
in:3992 out:3993 type:b dur:2 cpbdur:2 q:39.74 aq:39.71 tex:115 mv:121 misc:220 imb:4 pmb:7 smb:1609 d:s ref:0 ;
in:3997 out:3994 type:P dur:2 cpbdur:2 q:39.69 aq:32.61 tex:8275 mv:5950 misc:1495 imb:165 pmb:562 smb:893 d:s ref:0 ;
in:3995 out:3995 type:B dur:2 cpbdur:2 q:39.69 aq:38.62 tex:132 mv:199 misc:309 imb:3 pmb:20 smb:1597 d:s ref:0 ;
in:3994 out:3996 type:b dur:2 cpbdur:2 q:39.69 aq:42.00 tex:1 mv:3 misc:156 imb:0 pmb:1 smb:1619 d:s ref:0 ;
in:3996 out:3997 type:b dur:2 cpbdur:2 q:39.69 aq:42.00 tex:0 mv:5 misc:171 imb:0 pmb:2 smb:1618 d:- ref:0 ;
in:4001 out:3998 type:P dur:2 cpbdur:2 q:39.67 aq:32.77 tex:7988 mv:5615 misc:1557 imb:148 pmb:541 smb:931 d:s ref:0 ;
in:3999 out:3999 type:B dur:2 cpbdur:2 q:39.69 aq:39.14 tex:120 mv:373 misc:371 imb:2 pmb:34 smb:1584 d:s ref:0 ;
in:3998 out:4000 type:b dur:2 cpbdur:2 q:39.69 aq:42.00 tex:0 mv:3 misc:157 imb:0 pmb:1 smb:1619 d:s ref:0 ;
in:4000 out:4001 type:b dur:2 cpbdur:2 q:39.69 aq:39.65 tex:62 mv:100 misc:214 imb:1 pmb:8 smb:1611 d:- ref:0 ;
in:4005 out:4002 type:P dur:2 cpbdur:2 q:39.64 aq:33.27 tex:7297 mv:4241 misc:1446 imb:129 pmb:445 smb:1046 d:s ref:0 ;
in:4003 out:4003 type:B dur:2 cpbdur:2 q:39.67 aq:37.20 tex:193 mv:379 misc:420 imb:2 pmb:41 smb:1577 d:s ref:0 ;
in:4002 out:4004 type:b dur:2 cpbdur:2 q:39.67 aq:39.56 tex:17 mv:66 misc:221 imb:1 pmb:9 smb:1610 d:s ref:0 ;
in:4004 out:4005 type:b dur:2 cpbdur:2 q:39.67 aq:41.00 tex:0 mv:4 misc:172 imb:0 pmb:2 smb:1618 d:- ref:0 ;
in:4008 out:4006 type:P dur:2 cpbdur:2 q:39.61 aq:32.74 tex:11711 mv:6369 misc:1448 imb:241 pmb:584 smb:795 d:s ref:0 ;
in:4006 out:4007 type:B dur:2 cpbdur:2 q:39.64 aq:38.46 tex:107 mv:195 misc:290 imb:1 pmb:21 smb:1598 d:s ref:0 ;
in:4007 out:4008 type:b dur:2 cpbdur:2 q:39.64 aq:38.40 tex:36 mv:57 misc:187 imb:1 pmb:5 smb:1614 d:- ref:0 ;
in:4009 out:4009 type:P dur:2 cpbdur:2 q:39.64 aq:34.26 tex:823 mv:283 misc:518 imb:3 pmb:63 smb:1554 d:s ref:0 ;
in:4012 out:4010 type:P dur:2 cpbdur:2 q:39.60 aq:32.87 tex:9602 mv:5995 misc:1363 imb:209 pmb:538 smb:873 d:s ref:0 ;
in:4010 out:4011 type:B dur:2 cpbdur:2 q:39.64 aq:37.42 tex:39 mv:35 misc:222 imb:0 pmb:8 smb:1612 d:s ref:0 ;
in:4011 out:4012 type:b dur:2 cpbdur:2 q:39.64 aq:39.79 tex:31 mv:11 misc:182 imb:0 pmb:4 smb:1616 d:- ref:0 ;
in:4013 out:4013 type:P dur:2 cpbdur:2 q:39.62 aq:34.99 tex:845 mv:301 misc:574 imb:5 pmb:77 smb:1538 d:s ref:0 ;
in:4015 out:4014 type:P dur:2 cpbdur:2 q:39.58 aq:33.44 tex:8498 mv:4823 misc:1415 imb:161 pmb:481 smb:978 d:s ref:0 ;
in:4014 out:4015 type:b dur:2 cpbdur:2 q:39.62 aq:36.87 tex:47 mv:90 misc:231 imb:0 pmb:12 smb:1608 d:s ref:0 ;
in:4017 out:4016 type:P dur:2 cpbdur:2 q:39.60 aq:32.32 tex:9473 mv:5364 misc:1443 imb:212 pmb:501 smb:907 d:s ref:0 ;
in:4016 out:4017 type:b dur:2 cpbdur:2 q:39.60 aq:35.67 tex:61 mv:131 misc:264 imb:3 pmb:15 smb:1602 d:t ref:0 ;
in:4021 out:4018 type:P dur:2 cpbdur:2 q:39.62 aq:33.30 tex:6737 mv:4943 misc:1480 imb:173 pmb:468 smb:979 d:s ref:0 w:5,31,1,6,67,-6,61,6 ;
in:4019 out:4019 type:B dur:2 cpbdur:2 q:39.61 aq:34.84 tex:146 mv:124 misc:298 imb:1 pmb:20 smb:1599 d:s ref:0 ;
in:4018 out:4020 type:b dur:2 cpbdur:2 q:39.61 aq:35.00 tex:0 mv:4 misc:164 imb:0 pmb:1 smb:1619 d:s ref:0 ;
in:4020 out:4021 type:b dur:2 cpbdur:2 q:39.61 aq:35.08 tex:47 mv:33 misc:200 imb:1 pmb:6 smb:1613 d:- ref:0 ;
in:4023 out:4022 type:P dur:2 cpbdur:2 q:39.58 aq:31.83 tex:10618 mv:6792 misc:1438 imb:318 pmb:544 smb:758 d:s ref:0 ;
in:4022 out:4023 type:b dur:2 cpbdur:2 q:39.61 aq:37.51 tex:138 mv:194 misc:276 imb:1 pmb:24 smb:1595 d:s ref:0 ;
in:4027 out:4024 type:P dur:2 cpbdur:2 q:39.61 aq:32.72 tex:10120 mv:5967 misc:1385 imb:262 pmb:505 smb:853 d:s ref:0 ;
in:4025 out:4025 type:B dur:2 cpbdur:2 q:39.61 aq:36.98 tex:126 mv:87 misc:251 imb:3 pmb:13 smb:1604 d:s ref:0 ;
in:4024 out:4026 type:b dur:2 cpbdur:2 q:39.61 aq:35.00 tex:1 mv:6 misc:169 imb:0 pmb:2 smb:1618 d:s ref:0 ;
in:4026 out:4027 type:b dur:2 cpbdur:2 q:39.61 aq:35.00 tex:0 mv:3 misc:157 imb:0 pmb:1 smb:1619 d:- ref:0 ;
in:4030 out:4028 type:P dur:2 cpbdur:2 q:39.60 aq:32.87 tex:7912 mv:4881 misc:1391 imb:207 pmb:448 smb:965 d:s ref:0 w:7,125,1,6,64,0,61,6 ;
in:4028 out:4029 type:B dur:2 cpbdur:2 q:39.61 aq:33.00 tex:0 mv:0 misc:160 imb:0 pmb:0 smb:1620 d:s ref:0 ;
in:4029 out:4030 type:b dur:2 cpbdur:2 q:39.61 aq:35.84 tex:104 mv:82 misc:214 imb:2 pmb:7 smb:1611 d:- ref:0 ;
in:4032 out:4031 type:P dur:2 cpbdur:2 q:39.60 aq:32.47 tex:7821 mv:4643 misc:1440 imb:215 pmb:402 smb:1003 d:s ref:0 ;
in:4031 out:4032 type:b dur:2 cpbdur:2 q:39.60 aq:34.93 tex:40 mv:31 misc:209 imb:1 pmb:6 smb:1613 d:s ref:0 ;
in:4035 out:4033 type:P dur:2 cpbdur:2 q:39.58 aq:32.43 tex:7721 mv:4561 misc:1414 imb:206 pmb:409 smb:1005 d:s ref:0 ;
in:4033 out:4034 type:B dur:2 cpbdur:2 q:39.60 aq:33.00 tex:0 mv:4 misc:172 imb:0 pmb:1 smb:1619 d:s ref:0 ;
in:4034 out:4035 type:b dur:2 cpbdur:2 q:39.60 aq:34.00 tex:20 mv:10 misc:178 imb:0 pmb:3 smb:1617 d:- ref:0 ;
in:4037 out:4036 type:P dur:2 cpbdur:2 q:39.60 aq:31.96 tex:16557 mv:7893 misc:1438 imb:426 pmb:622 smb:572 d:s ref:0 ;
in:4036 out:4037 type:b dur:2 cpbdur:2 q:39.60 aq:35.00 tex:3 mv:30 misc:215 imb:0 pmb:8 smb:1612 d:s ref:0 ;
in:4041 out:4038 type:P dur:2 cpbdur:2 q:39.63 aq:31.80 tex:15177 mv:7040 misc:1407 imb:346 pmb:577 smb:697 d:s ref:0 ;
in:4039 out:4039 type:B dur:2 cpbdur:2 q:39.63 aq:35.01 tex:353 mv:379 misc:484 imb:2 pmb:54 smb:1564 d:s ref:0 ;
in:4038 out:4040 type:b dur:2 cpbdur:2 q:39.63 aq:37.10 tex:61 mv:45 misc:238 imb:0 pmb:13 smb:1607 d:s ref:0 ;
in:4040 out:4041 type:b dur:2 cpbdur:2 q:39.63 aq:36.71 tex:28 mv:49 misc:187 imb:0 pmb:5 smb:1615 d:- ref:0 ;
in:4045 out:4042 type:P dur:2 cpbdur:2 q:39.66 aq:31.71 tex:14101 mv:5983 misc:1420 imb:342 pmb:566 smb:712 d:s ref:0 ;
in:4043 out:4043 type:B dur:2 cpbdur:2 q:39.66 aq:33.62 tex:207 mv:270 misc:339 imb:10 pmb:21 smb:1589 d:s ref:0 ;
in:4042 out:4044 type:b dur:2 cpbdur:2 q:39.66 aq:36.87 tex:9 mv:17 misc:174 imb:1 pmb:2 smb:1617 d:s ref:0 ;
in:4044 out:4045 type:b dur:2 cpbdur:2 q:39.66 aq:37.00 tex:10 mv:5 misc:161 imb:0 pmb:1 smb:1619 d:- ref:0 ;
in:4047 out:4046 type:P dur:2 cpbdur:2 q:39.65 aq:32.17 tex:6372 mv:3192 misc:1340 imb:134 pmb:343 smb:1143 d:s ref:0 ;
in:4046 out:4047 type:b dur:2 cpbdur:2 q:39.66 aq:33.19 tex:20 mv:6 misc:158 imb:0 pmb:1 smb:1619 d:s ref:0 ;
in:4050 out:4048 type:P dur:2 cpbdur:2 q:39.63 aq:32.40 tex:6479 mv:2980 misc:1373 imb:104 pmb:378 smb:1138 d:s ref:0 ;
in:4048 out:4049 type:B dur:2 cpbdur:2 q:39.65 aq:36.00 tex:0 mv:0 misc:168 imb:0 pmb:0 smb:1620 d:s ref:0 ;
in:4049 out:4050 type:b dur:2 cpbdur:2 q:39.65 aq:37.00 tex:0 mv:4 misc:164 imb:0 pmb:1 smb:1619 d:- ref:0 ;
in:4051 out:4051 type:P dur:2 cpbdur:2 q:39.62 aq:32.20 tex:8796 mv:3576 misc:1500 imb:149 pmb:483 smb:988 d:s ref:0 ;
in:4052 out:4052 type:P dur:2 cpbdur:2 q:39.64 aq:31.96 tex:9155 mv:3550 misc:1439 imb:151 pmb:438 smb:1031 d:s ref:0 ;
in:4054 out:4053 type:P dur:2 cpbdur:2 q:39.65 aq:31.63 tex:4390 mv:1869 misc:1237 imb:84 pmb:253 smb:1283 d:s ref:0 ;
in:4053 out:4054 type:b dur:2 cpbdur:2 q:39.65 aq:38.00 tex:0 mv:3 misc:157 imb:0 pmb:1 smb:1619 d:s ref:0 ;
in:4055 out:4055 type:P dur:2 cpbdur:2 q:39.65 aq:32.33 tex:6992 mv:2515 misc:1317 imb:79 pmb:386 smb:1155 d:s ref:0 ;
in:4056 out:4056 type:P dur:2 cpbdur:2 q:39.67 aq:32.24 tex:8285 mv:2934 misc:1429 imb:87 pmb:463 smb:1070 d:s ref:0 ;
in:4057 out:4057 type:P dur:2 cpbdur:2 q:39.69 aq:31.42 tex:5771 mv:2331 misc:1242 imb:88 pmb:337 smb:1195 d:s ref:0 ;
in:4058 out:4058 type:P dur:2 cpbdur:2 q:39.71 aq:31.71 tex:2283 mv:727 misc:934 imb:20 pmb:158 smb:1442 d:s ref:0 ;
in:4059 out:4059 type:P dur:2 cpbdur:2 q:39.70 aq:32.28 tex:7945 mv:2723 misc:1316 imb:85 pmb:404 smb:1131 d:s ref:0 ;
in:4060 out:4060 type:P dur:2 cpbdur:2 q:39.72 aq:31.90 tex:9253 mv:2961 misc:1442 imb:75 pmb:504 smb:1041 d:s ref:0 ;
in:4061 out:4061 type:P dur:2 cpbdur:2 q:39.76 aq:32.24 tex:4226 mv:1341 misc:1057 imb:24 pmb:263 smb:1333 d:s ref:0 ;
in:4062 out:4062 type:P dur:2 cpbdur:2 q:39.76 aq:31.19 tex:16707 mv:4808 misc:1477 imb:204 pmb:658 smb:758 d:s ref:0 ;
in:4063 out:4063 type:P dur:2 cpbdur:2 q:39.82 aq:31.69 tex:2416 mv:696 misc:928 imb:8 pmb:168 smb:1444 d:s ref:0 ;
in:4064 out:4064 type:P dur:2 cpbdur:2 q:39.81 aq:31.86 tex:6981 mv:1947 misc:1280 imb:33 pmb:406 smb:1181 d:s ref:0 ;
in:4065 out:4065 type:P dur:2 cpbdur:2 q:39.83 aq:31.83 tex:3921 mv:1262 misc:1089 imb:23 pmb:256 smb:1341 d:s ref:0 ;
in:4066 out:4066 type:P dur:2 cpbdur:2 q:39.83 aq:31.38 tex:11455 mv:2927 misc:1426 imb:59 pmb:552 smb:1009 d:s ref:0 ;
in:4068 out:4067 type:P dur:2 cpbdur:2 q:39.88 aq:31.53 tex:14029 mv:3921 misc:1426 imb:109 pmb:580 smb:931 d:s ref:0 ;
in:4067 out:4068 type:b dur:2 cpbdur:2 q:39.88 aq:38.00 tex:1 mv:12 misc:187 imb:0 pmb:5 smb:1615 d:s ref:0 ;
in:4069 out:4069 type:P dur:2 cpbdur:2 q:39.93 aq:31.50 tex:4670 mv:977 misc:1193 imb:10 pmb:290 smb:1320 d:s ref:0 ;
in:4070 out:4070 type:P dur:2 cpbdur:2 q:39.93 aq:31.52 tex:7565 mv:1916 misc:1327 imb:27 pmb:422 smb:1171 d:s ref:0 ;
in:4071 out:4071 type:P dur:2 cpbdur:2 q:39.93 aq:31.15 tex:10434 mv:2562 misc:1492 imb:34 pmb:561 smb:1025 d:s ref:0 ;
in:4073 out:4072 type:P dur:2 cpbdur:2 q:39.96 aq:30.85 tex:5448 mv:1301 misc:1227 imb:16 pmb:358 smb:1246 d:s ref:0 ;
in:4072 out:4073 type:b dur:2 cpbdur:2 q:39.96 aq:39.00 tex:0 mv:0 misc:152 imb:0 pmb:0 smb:1620 d:s ref:0 ;
in:4075 out:4074 type:P dur:2 cpbdur:2 q:39.96 aq:30.56 tex:15485 mv:3612 misc:1463 imb:79 pmb:657 smb:884 d:s ref:0 ;
in:4074 out:4075 type:b dur:2 cpbdur:2 q:39.96 aq:39.00 tex:0 mv:3 misc:157 imb:0 pmb:1 smb:1619 d:s ref:0 ;
in:4077 out:4076 type:P dur:2 cpbdur:2 q:40.03 aq:30.92 tex:5268 mv:1629 misc:1263 imb:12 pmb:356 smb:1252 d:s ref:0 ;
in:4076 out:4077 type:b dur:2 cpbdur:2 q:40.03 aq:39.00 tex:0 mv:0 misc:152 imb:0 pmb:0 smb:1620 d:s ref:0 ;
in:4078 out:4078 type:P dur:2 cpbdur:2 q:39.99 aq:30.28 tex:2376 mv:563 misc:933 imb:5 pmb:168 smb:1447 d:s ref:0 ;
in:4082 out:4079 type:P dur:2 cpbdur:2 q:39.97 aq:31.06 tex:10061 mv:2824 misc:1547 imb:42 pmb:582 smb:996 d:s ref:0 ;
in:4080 out:4080 type:B dur:2 cpbdur:2 q:39.99 aq:37.00 tex:1 mv:2 misc:173 imb:0 pmb:1 smb:1619 d:s ref:0 ;
in:4079 out:4081 type:b dur:2 cpbdur:2 q:39.99 aq:38.00 tex:0 mv:0 misc:152 imb:0 pmb:0 smb:1620 d:s ref:0 ;
in:4081 out:4082 type:b dur:2 cpbdur:2 q:39.99 aq:39.00 tex:0 mv:0 misc:152 imb:0 pmb:0 smb:1620 d:- ref:0 ;
in:4084 out:4083 type:P dur:2 cpbdur:2 q:39.96 aq:31.45 tex:3600 mv:925 misc:1131 imb:0 pmb:251 smb:1369 d:s ref:0 ;
in:4083 out:4084 type:b dur:2 cpbdur:2 q:39.97 aq:39.00 tex:0 mv:0 misc:152 imb:0 pmb:0 smb:1620 d:s ref:0 ;
in:4087 out:4085 type:P dur:2 cpbdur:2 q:39.92 aq:31.05 tex:6604 mv:2307 misc:1473 imb:24 pmb:488 smb:1108 d:s ref:0 ;
in:4085 out:4086 type:B dur:2 cpbdur:2 q:39.96 aq:38.00 tex:0 mv:7 misc:185 imb:0 pmb:3 smb:1617 d:s ref:0 ;
in:4086 out:4087 type:b dur:2 cpbdur:2 q:39.96 aq:39.00 tex:0 mv:0 misc:152 imb:0 pmb:0 smb:1620 d:- ref:0 ;
in:4091 out:4088 type:P dur:2 cpbdur:2 q:39.92 aq:31.28 tex:5573 mv:2449 misc:1506 imb:17 pmb:514 smb:1089 d:s ref:0 ;
in:4089 out:4089 type:B dur:2 cpbdur:2 q:39.92 aq:38.00 tex:10 mv:12 misc:186 imb:0 pmb:2 smb:1618 d:s ref:0 ;
in:4088 out:4090 type:b dur:2 cpbdur:2 q:39.92 aq:39.00 tex:0 mv:0 misc:152 imb:0 pmb:0 smb:1620 d:s ref:0 ;
in:4090 out:4091 type:b dur:2 cpbdur:2 q:39.92 aq:39.00 tex:0 mv:0 misc:152 imb:0 pmb:0 smb:1620 d:- ref:0 ;
in:4095 out:4092 type:P dur:2 cpbdur:2 q:39.86 aq:31.08 tex:5902 mv:2471 misc:1507 imb:18 pmb:491 smb:1111 d:s ref:0 ;
in:4093 out:4093 type:B dur:2 cpbdur:2 q:39.92 aq:37.54 tex:130 mv:80 misc:198 imb:0 pmb:9 smb:1611 d:s ref:0 ;
in:4092 out:4094 type:b dur:2 cpbdur:2 q:39.92 aq:39.00 tex:1 mv:9 misc:166 imb:0 pmb:4 smb:1616 d:s ref:0 ;
in:4094 out:4095 type:b dur:2 cpbdur:2 q:39.91 aq:39.96 tex:36 mv:38 misc:182 imb:0 pmb:7 smb:1613 d:- ref:0 ;
in:4097 out:4096 type:P dur:2 cpbdur:2 q:39.81 aq:30.55 tex:7165 mv:2519 misc:1508 imb:25 pmb:508 smb:1087 d:s ref:0 ;
in:4096 out:4097 type:b dur:2 cpbdur:2 q:39.85 aq:40.53 tex:85 mv:35 misc:208 imb:0 pmb:11 smb:1609 d:s ref:0 ;
in:4099 out:4098 type:P dur:2 cpbdur:2 q:39.80 aq:30.32 tex:7580 mv:1265 misc:1139 imb:8 pmb:271 smb:1341 d:s ref:0 ;
in:4098 out:4099 type:b dur:2 cpbdur:2 q:39.81 aq:39.00 tex:1 mv:19 misc:180 imb:0 pmb:11 smb:1609 d:s ref:0 ;
in:4102 out:4100 type:P dur:2 cpbdur:2 q:39.79 aq:30.55 tex:5372 mv:2066 misc:1434 imb:12 pmb:472 smb:1136 d:s ref:0 ;
in:4100 out:4101 type:B dur:2 cpbdur:2 q:39.80 aq:38.00 tex:0 mv:0 misc:168 imb:0 pmb:0 smb:1620 d:s ref:0 ;
in:4101 out:4102 type:b dur:2 cpbdur:2 q:39.80 aq:39.00 tex:0 mv:0 misc:152 imb:0 pmb:0 smb:1620 d:- ref:0 ;
in:4103 out:4103 type:P dur:2 cpbdur:2 q:39.78 aq:30.63 tex:2180 mv:554 misc:930 imb:4 pmb:161 smb:1455 d:s ref:0 ;
in:4107 out:4104 type:P dur:2 cpbdur:2 q:39.76 aq:30.68 tex:6742 mv:2253 misc:1405 imb:24 pmb:445 smb:1151 d:s ref:0 ;
in:4105 out:4105 type:B dur:2 cpbdur:2 q:39.78 aq:37.00 tex:0 mv:0 misc:168 imb:0 pmb:0 smb:1620 d:s ref:0 ;
in:4104 out:4106 type:b dur:2 cpbdur:2 q:39.78 aq:39.00 tex:0 mv:0 misc:152 imb:0 pmb:0 smb:1620 d:s ref:0 ;
in:4106 out:4107 type:b dur:2 cpbdur:2 q:39.78 aq:39.00 tex:0 mv:0 misc:152 imb:0 pmb:0 smb:1620 d:- ref:0 ;
in:4111 out:4108 type:P dur:2 cpbdur:2 q:39.71 aq:30.40 tex:5766 mv:2360 misc:1498 imb:9 pmb:506 smb:1105 d:s ref:0 ;
in:4109 out:4109 type:B dur:2 cpbdur:2 q:39.76 aq:37.00 tex:0 mv:0 misc:168 imb:0 pmb:0 smb:1620 d:s ref:0 ;
in:4108 out:4110 type:b dur:2 cpbdur:2 q:39.76 aq:39.00 tex:0 mv:0 misc:152 imb:0 pmb:0 smb:1620 d:s ref:0 ;
in:4110 out:4111 type:b dur:2 cpbdur:2 q:39.76 aq:39.00 tex:0 mv:0 misc:152 imb:0 pmb:0 smb:1620 d:- ref:0 ;
in:4113 out:4112 type:P dur:2 cpbdur:2 q:39.66 aq:30.73 tex:6364 mv:2152 misc:1468 imb:10 pmb:482 smb:1128 d:s ref:0 ;
in:4112 out:4113 type:b dur:2 cpbdur:2 q:39.71 aq:39.00 tex:0 mv:0 misc:152 imb:0 pmb:0 smb:1620 d:s ref:0 ;
in:4117 out:4114 type:P dur:2 cpbdur:2 q:39.64 aq:30.79 tex:7333 mv:2663 misc:1564 imb:19 pmb:573 smb:1028 d:s ref:0 ;
in:4115 out:4115 type:B dur:2 cpbdur:2 q:39.66 aq:37.00 tex:0 mv:0 misc:168 imb:0 pmb:0 smb:1620 d:s ref:0 ;
in:4114 out:4116 type:b dur:2 cpbdur:2 q:39.66 aq:39.00 tex:0 mv:0 misc:152 imb:0 pmb:0 smb:1620 d:s ref:0 ;
in:4116 out:4117 type:b dur:2 cpbdur:2 q:39.66 aq:39.00 tex:0 mv:0 misc:152 imb:0 pmb:0 smb:1620 d:- ref:0 ;
in:4121 out:4118 type:P dur:2 cpbdur:2 q:39.61 aq:30.38 tex:4891 mv:2266 misc:1443 imb:13 pmb:482 smb:1125 d:s ref:0 ;
in:4119 out:4119 type:B dur:2 cpbdur:2 q:39.64 aq:37.00 tex:0 mv:0 misc:168 imb:0 pmb:0 smb:1620 d:s ref:0 ;
in:4118 out:4120 type:b dur:2 cpbdur:2 q:39.64 aq:39.00 tex:0 mv:0 misc:152 imb:0 pmb:0 smb:1620 d:s ref:0 ;
in:4120 out:4121 type:b dur:2 cpbdur:2 q:39.64 aq:39.00 tex:0 mv:0 misc:152 imb:0 pmb:0 smb:1620 d:- ref:0 ;
in:4125 out:4122 type:P dur:2 cpbdur:2 q:39.55 aq:30.84 tex:3872 mv:2172 misc:1396 imb:12 pmb:433 smb:1175 d:s ref:0 ;
in:4123 out:4123 type:B dur:2 cpbdur:2 q:39.61 aq:35.11 tex:26 mv:15 misc:175 imb:1 pmb:0 smb:1619 d:s ref:0 ;
in:4122 out:4124 type:b dur:2 cpbdur:2 q:39.61 aq:38.00 tex:9 mv:6 misc:161 imb:0 pmb:1 smb:1619 d:s ref:0 ;
in:4124 out:4125 type:b dur:2 cpbdur:2 q:39.61 aq:38.00 tex:0 mv:0 misc:152 imb:0 pmb:0 smb:1620 d:- ref:0 ;
in:4128 out:4126 type:P dur:2 cpbdur:2 q:39.49 aq:30.58 tex:5832 mv:2600 misc:1584 imb:18 pmb:544 smb:1058 d:s ref:0 ;
in:4126 out:4127 type:B dur:2 cpbdur:2 q:39.55 aq:38.00 tex:0 mv:0 misc:168 imb:0 pmb:0 smb:1620 d:s ref:0 ;
in:4127 out:4128 type:b dur:2 cpbdur:2 q:39.55 aq:38.00 tex:0 mv:0 misc:152 imb:0 pmb:0 smb:1620 d:- ref:0 ;
in:4132 out:4129 type:P dur:2 cpbdur:2 q:39.48 aq:30.66 tex:4772 mv:2533 misc:1503 imb:11 pmb:507 smb:1102 d:s ref:0 ;
in:4130 out:4130 type:B dur:2 cpbdur:2 q:39.49 aq:37.00 tex:0 mv:0 misc:168 imb:0 pmb:0 smb:1620 d:s ref:0 ;
in:4129 out:4131 type:b dur:2 cpbdur:2 q:39.49 aq:38.00 tex:0 mv:0 misc:152 imb:0 pmb:0 smb:1620 d:s ref:0 ;
in:4131 out:4132 type:b dur:2 cpbdur:2 q:39.49 aq:38.00 tex:0 mv:0 misc:152 imb:0 pmb:0 smb:1620 d:- ref:0 ;
in:4136 out:4133 type:P dur:2 cpbdur:2 q:39.41 aq:30.38 tex:4753 mv:2488 misc:1463 imb:9 pmb:518 smb:1093 d:s ref:0 ;
in:4134 out:4134 type:B dur:2 cpbdur:2 q:39.48 aq:36.00 tex:0 mv:0 misc:168 imb:0 pmb:0 smb:1620 d:s ref:0 ;
in:4133 out:4135 type:b dur:2 cpbdur:2 q:39.48 aq:38.00 tex:0 mv:0 misc:152 imb:0 pmb:0 smb:1620 d:s ref:0 ;
in:4135 out:4136 type:b dur:2 cpbdur:2 q:39.47 aq:38.00 tex:0 mv:0 misc:152 imb:0 pmb:0 smb:1620 d:- ref:0 ;
in:4140 out:4137 type:P dur:2 cpbdur:2 q:39.35 aq:30.09 tex:4996 mv:2428 misc:1496 imb:12 pmb:486 smb:1122 d:s ref:0 ;
in:4138 out:4138 type:B dur:2 cpbdur:2 q:39.41 aq:36.00 tex:0 mv:0 misc:168 imb:0 pmb:0 smb:1620 d:s ref:0 ;
in:4137 out:4139 type:b dur:2 cpbdur:2 q:39.41 aq:38.00 tex:0 mv:0 misc:152 imb:0 pmb:0 smb:1620 d:s ref:0 ;
in:4139 out:4140 type:b dur:2 cpbdur:2 q:39.41 aq:38.00 tex:0 mv:0 misc:152 imb:0 pmb:0 smb:1620 d:- ref:0 ;
in:4144 out:4141 type:P dur:2 cpbdur:2 q:39.30 aq:30.32 tex:5729 mv:2413 misc:1450 imb:16 pmb:516 smb:1088 d:s ref:0 ;
in:4142 out:4142 type:B dur:2 cpbdur:2 q:39.35 aq:36.00 tex:0 mv:0 misc:168 imb:0 pmb:0 smb:1620 d:s ref:0 ;
in:4141 out:4143 type:b dur:2 cpbdur:2 q:39.35 aq:38.00 tex:0 mv:0 misc:152 imb:0 pmb:0 smb:1620 d:s ref:0 ;
in:4143 out:4144 type:b dur:2 cpbdur:2 q:39.35 aq:38.00 tex:0 mv:0 misc:152 imb:0 pmb:0 smb:1620 d:- ref:0 ;
in:4147 out:4145 type:P dur:2 cpbdur:2 q:39.24 aq:30.66 tex:5804 mv:2617 misc:1499 imb:12 pmb:553 smb:1055 d:s ref:0 ;
in:4145 out:4146 type:B dur:2 cpbdur:2 q:39.30 aq:38.00 tex:0 mv:0 misc:168 imb:0 pmb:0 smb:1620 d:s ref:0 ;
in:4146 out:4147 type:b dur:2 cpbdur:2 q:39.30 aq:38.00 tex:0 mv:0 misc:152 imb:0 pmb:0 smb:1620 d:- ref:0 ;
in:4151 out:4148 type:P dur:2 cpbdur:2 q:39.23 aq:30.31 tex:4882 mv:2277 misc:1433 imb:16 pmb:457 smb:1147 d:s ref:0 ;
in:4149 out:4149 type:B dur:2 cpbdur:2 q:39.24 aq:36.00 tex:0 mv:0 misc:168 imb:0 pmb:0 smb:1620 d:s ref:0 ;
in:4148 out:4150 type:b dur:2 cpbdur:2 q:39.24 aq:38.00 tex:0 mv:0 misc:152 imb:0 pmb:0 smb:1620 d:s ref:0 ;
in:4150 out:4151 type:b dur:2 cpbdur:2 q:39.24 aq:37.00 tex:0 mv:0 misc:152 imb:0 pmb:0 smb:1620 d:- ref:0 ;
in:4155 out:4152 type:P dur:2 cpbdur:2 q:39.15 aq:30.51 tex:5085 mv:2716 misc:1495 imb:7 pmb:546 smb:1067 d:s ref:0 ;
in:4153 out:4153 type:B dur:2 cpbdur:2 q:39.23 aq:33.00 tex:0 mv:0 misc:160 imb:0 pmb:0 smb:1620 d:s ref:0 ;
in:4152 out:4154 type:b dur:2 cpbdur:2 q:39.23 aq:37.00 tex:0 mv:0 misc:152 imb:0 pmb:0 smb:1620 d:s ref:0 ;
in:4154 out:4155 type:b dur:2 cpbdur:2 q:39.23 aq:34.00 tex:0 mv:0 misc:152 imb:0 pmb:0 smb:1620 d:- ref:0 ;
in:4157 out:4156 type:P dur:2 cpbdur:2 q:39.10 aq:29.99 tex:5531 mv:2507 misc:1506 imb:9 pmb:535 smb:1076 d:s ref:0 ;
in:4156 out:4157 type:b dur:2 cpbdur:2 q:39.15 aq:33.00 tex:0 mv:0 misc:144 imb:0 pmb:0 smb:1620 d:s ref:0 ;
in:4159 out:4158 type:P dur:2 cpbdur:2 q:39.09 aq:30.58 tex:2807 mv:866 misc:1031 imb:1 pmb:217 smb:1402 d:s ref:0 ;
in:4158 out:4159 type:b dur:2 cpbdur:2 q:39.10 aq:32.00 tex:0 mv:0 misc:144 imb:0 pmb:0 smb:1620 d:s ref:0 ;
in:4162 out:4160 type:P dur:2 cpbdur:2 q:39.05 aq:30.09 tex:4507 mv:2419 misc:1426 imb:14 pmb:467 smb:1139 d:s ref:0 ;
in:4160 out:4161 type:B dur:2 cpbdur:2 q:39.09 aq:31.00 tex:0 mv:0 misc:160 imb:0 pmb:0 smb:1620 d:s ref:0 ;
in:4161 out:4162 type:b dur:2 cpbdur:2 q:39.09 aq:32.00 tex:0 mv:0 misc:144 imb:0 pmb:0 smb:1620 d:- ref:0 ;
in:4166 out:4163 type:P dur:2 cpbdur:2 q:39.04 aq:30.57 tex:4413 mv:2249 misc:1418 imb:15 pmb:463 smb:1142 d:s ref:0 ;
in:4164 out:4164 type:B dur:2 cpbdur:2 q:39.05 aq:31.00 tex:0 mv:0 misc:160 imb:0 pmb:0 smb:1620 d:s ref:0 ;
in:4163 out:4165 type:b dur:2 cpbdur:2 q:39.05 aq:32.00 tex:0 mv:0 misc:144 imb:0 pmb:0 smb:1620 d:- ref:0 ;
in:4165 out:4166 type:b dur:2 cpbdur:2 q:39.05 aq:32.00 tex:0 mv:0 misc:144 imb:0 pmb:0 smb:1620 d:- ref:0 ;
in:4170 out:4167 type:P dur:2 cpbdur:2 q:38.97 aq:30.19 tex:5087 mv:2676 misc:1469 imb:9 pmb:536 smb:1075 d:- ref:0 ;
in:4168 out:4168 type:B dur:2 cpbdur:2 q:39.04 aq:29.00 tex:0 mv:0 misc:160 imb:0 pmb:0 smb:1620 d:- ref:0 ;
in:4167 out:4169 type:b dur:2 cpbdur:2 q:39.04 aq:32.00 tex:0 mv:0 misc:144 imb:0 pmb:0 smb:1620 d:- ref:0 ;
in:4169 out:4170 type:b dur:2 cpbdur:2 q:39.04 aq:32.00 tex:0 mv:0 misc:144 imb:0 pmb:0 smb:1620 d:- ref:0 ;
in:4172 out:4171 type:P dur:2 cpbdur:2 q:38.91 aq:30.16 tex:4773 mv:2516 misc:1535 imb:12 pmb:496 smb:1112 d:- ref:0 ;
in:4171 out:4172 type:b dur:2 cpbdur:2 q:38.97 aq:32.00 tex:0 mv:0 misc:144 imb:0 pmb:0 smb:1620 d:- ref:0 ;
in:4174 out:4173 type:P dur:2 cpbdur:2 q:38.89 aq:30.24 tex:3211 mv:1136 misc:1117 imb:3 pmb:266 smb:1351 d:- ref:0 ;
in:4173 out:4174 type:b dur:2 cpbdur:2 q:38.91 aq:32.00 tex:0 mv:0 misc:144 imb:0 pmb:0 smb:1620 d:- ref:0 ;
in:4177 out:4175 type:P dur:2 cpbdur:2 q:38.88 aq:30.28 tex:4899 mv:2524 misc:1449 imb:13 pmb:494 smb:1113 d:- ref:0 ;
in:4175 out:4176 type:B dur:2 cpbdur:2 q:38.89 aq:31.00 tex:0 mv:0 misc:160 imb:0 pmb:0 smb:1620 d:- ref:0 ;
in:4176 out:4177 type:b dur:2 cpbdur:2 q:38.89 aq:32.00 tex:0 mv:0 misc:144 imb:0 pmb:0 smb:1620 d:- ref:0 ;
in:4181 out:4178 type:P dur:2 cpbdur:2 q:38.86 aq:30.10 tex:3525 mv:2378 misc:1417 imb:6 pmb:471 smb:1143 d:- ref:0 ;
in:4179 out:4179 type:B dur:2 cpbdur:2 q:38.88 aq:30.00 tex:0 mv:0 misc:160 imb:0 pmb:0 smb:1620 d:- ref:0 ;
in:4178 out:4180 type:b dur:2 cpbdur:2 q:38.88 aq:32.00 tex:0 mv:0 misc:144 imb:0 pmb:0 smb:1620 d:- ref:0 ;
in:4180 out:4181 type:b dur:2 cpbdur:2 q:38.88 aq:32.00 tex:0 mv:0 misc:144 imb:0 pmb:0 smb:1620 d:- ref:0 ;
in:4185 out:4182 type:P dur:2 cpbdur:2 q:38.78 aq:30.26 tex:3640 mv:2387 misc:1437 imb:12 pmb:453 smb:1155 d:- ref:0 ;
in:4183 out:4183 type:B dur:2 cpbdur:2 q:38.86 aq:31.00 tex:0 mv:0 misc:160 imb:0 pmb:0 smb:1620 d:- ref:0 ;
in:4182 out:4184 type:b dur:2 cpbdur:2 q:38.86 aq:32.00 tex:0 mv:0 misc:144 imb:0 pmb:0 smb:1620 d:- ref:0 ;
in:4184 out:4185 type:b dur:2 cpbdur:2 q:38.86 aq:32.00 tex:0 mv:0 misc:144 imb:0 pmb:0 smb:1620 d:- ref:0 ;
in:4189 out:4186 type:P dur:2 cpbdur:2 q:38.71 aq:29.53 tex:15914 mv:5026 misc:1556 imb:72 pmb:929 smb:619 d:- ref:0 w:0,1,-1 ;
in:4187 out:4187 type:B dur:2 cpbdur:2 q:38.78 aq:31.00 tex:2 mv:16 misc:198 imb:0 pmb:5 smb:1615 d:s ref:0 ;
in:4186 out:4188 type:b dur:2 cpbdur:2 q:38.78 aq:32.00 tex:3 mv:13 misc:184 imb:0 pmb:5 smb:1615 d:s ref:0 ;
in:4188 out:4189 type:b dur:2 cpbdur:2 q:38.78 aq:33.00 tex:0 mv:0 misc:144 imb:0 pmb:0 smb:1620 d:- ref:0 ;
in:4192 out:4190 type:P dur:2 cpbdur:2 q:38.73 aq:29.57 tex:6313 mv:1897 misc:1366 imb:14 pmb:456 smb:1150 d:s ref:0 ;
in:4190 out:4191 type:B dur:2 cpbdur:2 q:38.73 aq:32.00 tex:0 mv:3 misc:173 imb:0 pmb:1 smb:1619 d:s ref:0 ;
in:4191 out:4192 type:b dur:2 cpbdur:2 q:38.73 aq:33.00 tex:0 mv:0 misc:144 imb:0 pmb:0 smb:1620 d:- ref:0 ;
in:4196 out:4193 type:P dur:2 cpbdur:2 q:38.69 aq:29.75 tex:3954 mv:2212 misc:1442 imb:13 pmb:451 smb:1156 d:s ref:0 ;
in:4194 out:4194 type:B dur:2 cpbdur:2 q:38.73 aq:32.00 tex:0 mv:0 misc:160 imb:0 pmb:0 smb:1620 d:s ref:0 ;
in:4193 out:4195 type:b dur:2 cpbdur:2 q:38.73 aq:34.00 tex:0 mv:0 misc:152 imb:0 pmb:0 smb:1620 d:s ref:0 ;
in:4195 out:4196 type:b dur:2 cpbdur:2 q:38.73 aq:34.00 tex:0 mv:0 misc:152 imb:0 pmb:0 smb:1620 d:- ref:0 ;
in:4200 out:4197 type:P dur:2 cpbdur:2 q:38.62 aq:29.65 tex:4936 mv:2666 misc:1582 imb:13 pmb:523 smb:1084 d:s ref:0 ;
in:4198 out:4198 type:B dur:2 cpbdur:2 q:38.69 aq:33.00 tex:0 mv:0 misc:160 imb:0 pmb:0 smb:1620 d:s ref:0 ;
in:4197 out:4199 type:b dur:2 cpbdur:2 q:38.69 aq:34.00 tex:0 mv:0 misc:152 imb:0 pmb:0 smb:1620 d:s ref:0 ;
in:4199 out:4200 type:b dur:2 cpbdur:2 q:38.69 aq:34.00 tex:0 mv:0 misc:152 imb:0 pmb:0 smb:1620 d:- ref:0 ;
in:4203 out:4201 type:P dur:2 cpbdur:2 q:38.56 aq:30.49 tex:4672 mv:2433 misc:1407 imb:8 pmb:499 smb:1113 d:s ref:0 ;
in:4201 out:4202 type:B dur:2 cpbdur:2 q:38.62 aq:33.00 tex:0 mv:0 misc:160 imb:0 pmb:0 smb:1620 d:s ref:0 ;
in:4202 out:4203 type:b dur:2 cpbdur:2 q:38.62 aq:34.00 tex:0 mv:0 misc:152 imb:0 pmb:0 smb:1620 d:- ref:0 ;
in:4207 out:4204 type:P dur:2 cpbdur:2 q:38.54 aq:29.80 tex:3865 mv:2306 misc:1453 imb:13 pmb:424 smb:1183 d:s ref:0 ;
in:4205 out:4205 type:B dur:2 cpbdur:2 q:38.56 aq:33.00 tex:0 mv:0 misc:160 imb:0 pmb:0 smb:1620 d:s ref:0 ;
in:4204 out:4206 type:b dur:2 cpbdur:2 q:38.56 aq:34.00 tex:0 mv:0 misc:152 imb:0 pmb:0 smb:1620 d:s ref:0 ;
in:4206 out:4207 type:b dur:2 cpbdur:2 q:38.56 aq:35.00 tex:0 mv:0 misc:152 imb:0 pmb:0 smb:1620 d:- ref:0 ;
in:4211 out:4208 type:P dur:2 cpbdur:2 q:38.46 aq:29.85 tex:4109 mv:2376 misc:1403 imb:11 pmb:444 smb:1165 d:s ref:0 ;
in:4209 out:4209 type:B dur:2 cpbdur:2 q:38.54 aq:27.80 tex:22 mv:11 misc:167 imb:1 pmb:0 smb:1619 d:s ref:0 ;
in:4208 out:4210 type:b dur:2 cpbdur:2 q:38.54 aq:34.00 tex:0 mv:0 misc:152 imb:0 pmb:0 smb:1620 d:s ref:0 ;
in:4210 out:4211 type:b dur:2 cpbdur:2 q:38.54 aq:34.00 tex:0 mv:0 misc:152 imb:0 pmb:0 smb:1620 d:- ref:0 ;
in:4215 out:4212 type:P dur:2 cpbdur:2 q:38.40 aq:29.93 tex:4617 mv:2583 misc:1352 imb:12 pmb:501 smb:1107 d:s ref:0 ;
in:4213 out:4213 type:B dur:2 cpbdur:2 q:38.46 aq:34.21 tex:46 mv:10 misc:192 imb:0 pmb:3 smb:1617 d:s ref:0 ;
in:4212 out:4214 type:b dur:2 cpbdur:2 q:38.46 aq:32.21 tex:27 mv:6 misc:159 imb:0 pmb:1 smb:1619 d:s ref:0 ;
in:4214 out:4215 type:b dur:2 cpbdur:2 q:38.46 aq:35.00 tex:0 mv:0 misc:152 imb:0 pmb:0 smb:1620 d:- ref:0 ;
in:4218 out:4216 type:P dur:2 cpbdur:2 q:38.34 aq:30.78 tex:6871 mv:2924 misc:1373 imb:20 pmb:550 smb:1050 d:s ref:0 ;
in:4216 out:4217 type:B dur:2 cpbdur:2 q:38.40 aq:34.00 tex:0 mv:5 misc:179 imb:0 pmb:1 smb:1619 d:s ref:0 ;
in:4217 out:4218 type:b dur:2 cpbdur:2 q:38.40 aq:35.00 tex:19 mv:16 misc:181 imb:0 pmb:4 smb:1616 d:- ref:0 ;
in:4222 out:4219 type:P dur:2 cpbdur:2 q:38.33 aq:31.32 tex:6557 mv:2915 misc:1336 imb:27 pmb:536 smb:1057 d:s ref:0 ;
in:4220 out:4220 type:B dur:2 cpbdur:2 q:38.34 aq:34.00 tex:1 mv:14 misc:193 imb:0 pmb:3 smb:1617 d:s ref:0 ;
in:4219 out:4221 type:b dur:2 cpbdur:2 q:38.34 aq:35.00 tex:0 mv:0 misc:152 imb:0 pmb:0 smb:1620 d:s ref:0 ;
in:4221 out:4222 type:b dur:2 cpbdur:2 q:38.34 aq:35.00 tex:0 mv:6 misc:162 imb:0 pmb:1 smb:1619 d:- ref:0 ;
in:4226 out:4223 type:P dur:2 cpbdur:2 q:38.26 aq:31.72 tex:8222 mv:3422 misc:1236 imb:57 pmb:592 smb:971 d:s ref:0 ;
in:4224 out:4224 type:B dur:2 cpbdur:2 q:38.33 aq:30.00 tex:32 mv:12 misc:188 imb:0 pmb:3 smb:1617 d:s ref:0 ;
in:4223 out:4225 type:b dur:2 cpbdur:2 q:38.33 aq:31.00 tex:38 mv:9 misc:169 imb:0 pmb:2 smb:1618 d:s ref:0 ;
in:4225 out:4226 type:b dur:2 cpbdur:2 q:38.33 aq:35.00 tex:0 mv:0 misc:152 imb:0 pmb:0 smb:1620 d:- ref:0 ;
in:4228 out:4227 type:P dur:2 cpbdur:2 q:38.22 aq:35.05 tex:1896 mv:840 misc:648 imb:41 pmb:120 smb:1459 d:s ref:0 ;
in:4227 out:4228 type:b dur:2 cpbdur:2 q:38.26 aq:36.00 tex:2 mv:32 misc:198 imb:0 pmb:8 smb:1612 d:s ref:0 ;
in:4229 out:4229 type:I dur:2 cpbdur:2 q:35.57 aq:28.30 tex:113557 mv:48851 misc:168 imb:1620 pmb:0 smb:0 d:s ref:;
in:4233 out:4230 type:P dur:2 cpbdur:2 q:38.85 aq:31.51 tex:11011 mv:4535 misc:1182 imb:225 pmb:530 smb:865 d:s ref:0 ;
in:4231 out:4231 type:B dur:2 cpbdur:2 q:38.85 aq:36.20 tex:85 mv:57 misc:250 imb:0 pmb:18 smb:1602 d:s ref:0 ;
in:4230 out:4232 type:b dur:2 cpbdur:2 q:38.85 aq:36.00 tex:0 mv:0 misc:152 imb:0 pmb:0 smb:1620 d:s ref:0 ;
in:4232 out:4233 type:b dur:2 cpbdur:2 q:38.85 aq:38.00 tex:23 mv:29 misc:196 imb:0 pmb:8 smb:1612 d:- ref:0 ;
in:4237 out:4234 type:P dur:2 cpbdur:2 q:38.82 aq:31.56 tex:13394 mv:5896 misc:1358 imb:354 pmb:612 smb:654 d:s ref:0 ;
in:4235 out:4235 type:B dur:2 cpbdur:2 q:38.85 aq:37.63 tex:51 mv:57 misc:236 imb:1 pmb:9 smb:1610 d:s ref:0 ;
in:4234 out:4236 type:b dur:2 cpbdur:2 q:38.85 aq:36.00 tex:1 mv:3 misc:164 imb:0 pmb:1 smb:1619 d:s ref:0 ;
in:4236 out:4237 type:b dur:2 cpbdur:2 q:38.85 aq:36.00 tex:1 mv:4 misc:163 imb:0 pmb:1 smb:1619 d:- ref:0 ;
in:4241 out:4238 type:P dur:2 cpbdur:2 q:38.81 aq:31.86 tex:16552 mv:7273 misc:1199 imb:496 pmb:707 smb:417 d:s ref:0 ;
in:4239 out:4239 type:B dur:2 cpbdur:2 q:38.82 aq:34.07 tex:121 mv:107 misc:260 imb:3 pmb:13 smb:1604 d:s ref:0 ;
in:4238 out:4240 type:b dur:2 cpbdur:2 q:38.82 aq:37.56 tex:29 mv:18 misc:185 imb:0 pmb:5 smb:1615 d:s ref:0 ;
in:4240 out:4241 type:b dur:2 cpbdur:2 q:38.82 aq:36.00 tex:0 mv:10 misc:158 imb:0 pmb:1 smb:1619 d:- ref:0 ;
in:4245 out:4242 type:P dur:2 cpbdur:2 q:38.82 aq:32.00 tex:15449 mv:7127 misc:1280 imb:430 pmb:733 smb:457 d:s ref:0 ;
in:4243 out:4243 type:B dur:2 cpbdur:2 q:38.82 aq:29.66 tex:216 mv:310 misc:386 imb:6 pmb:32 smb:1582 d:s ref:0 ;
in:4242 out:4244 type:b dur:2 cpbdur:2 q:38.82 aq:36.03 tex:48 mv:25 misc:175 imb:1 pmb:2 smb:1617 d:s ref:0 ;
in:4244 out:4245 type:b dur:2 cpbdur:2 q:38.82 aq:37.00 tex:1 mv:3 misc:164 imb:0 pmb:1 smb:1619 d:- ref:0 ;
in:4247 out:4246 type:P dur:2 cpbdur:2 q:38.83 aq:31.74 tex:9378 mv:4834 misc:1548 imb:205 pmb:547 smb:868 d:s ref:0 ;
in:4246 out:4247 type:b dur:2 cpbdur:2 q:38.83 aq:38.00 tex:0 mv:0 misc:152 imb:0 pmb:0 smb:1620 d:s ref:0 ;
in:4249 out:4248 type:P dur:2 cpbdur:2 q:38.82 aq:32.05 tex:8887 mv:3935 misc:1610 imb:130 pmb:555 smb:935 d:s ref:0 ;
in:4248 out:4249 type:b dur:2 cpbdur:2 q:38.83 aq:36.91 tex:41 mv:54 misc:201 imb:1 pmb:6 smb:1613 d:s ref:0 ;
in:4251 out:4250 type:P dur:2 cpbdur:2 q:38.84 aq:32.14 tex:7892 mv:4069 misc:1511 imb:192 pmb:451 smb:977 d:s ref:0 ;
in:4250 out:4251 type:b dur:2 cpbdur:2 q:38.84 aq:38.00 tex:1 mv:31 misc:192 imb:0 pmb:5 smb:1615 d:s ref:0 ;
in:4253 out:4252 type:P dur:2 cpbdur:2 q:38.84 aq:32.37 tex:7367 mv:3924 misc:1501 imb:132 pmb:483 smb:1005 d:s ref:0 ;
in:4252 out:4253 type:b dur:2 cpbdur:2 q:38.84 aq:39.00 tex:1 mv:26 misc:221 imb:0 pmb:12 smb:1608 d:s ref:0 ;
in:4257 out:4254 type:P dur:2 cpbdur:2 q:38.85 aq:32.45 tex:23850 mv:9195 misc:1051 imb:598 pmb:707 smb:315 d:s ref:0 ;
in:4255 out:4255 type:B dur:2 cpbdur:2 q:38.85 aq:33.73 tex:368 mv:247 misc:361 imb:8 pmb:28 smb:1584 d:s ref:0 ;
in:4254 out:4256 type:b dur:2 cpbdur:2 q:38.85 aq:37.41 tex:97 mv:47 misc:256 imb:0 pmb:15 smb:1605 d:s ref:0 ;
in:4256 out:4257 type:b dur:2 cpbdur:2 q:38.85 aq:32.29 tex:544 mv:352 misc:288 imb:18 pmb:23 smb:1579 d:- ref:0 ;
in:4258 out:4258 type:P dur:2 cpbdur:2 q:38.93 aq:31.93 tex:1657 mv:743 misc:848 imb:5 pmb:185 smb:1430 d:s ref:0 ;
in:4260 out:4259 type:P dur:2 cpbdur:2 q:38.91 aq:32.37 tex:17719 mv:6502 misc:1371 imb:305 pmb:676 smb:639 d:s ref:0 ;
in:4259 out:4260 type:b dur:2 cpbdur:2 q:38.93 aq:36.40 tex:298 mv:443 misc:331 imb:9 pmb:45 smb:1566 d:s ref:0 ;
in:4262 out:4261 type:P dur:2 cpbdur:2 q:38.98 aq:32.33 tex:9803 mv:4665 misc:1348 imb:237 pmb:427 smb:956 d:s ref:0 ;
in:4261 out:4262 type:b dur:2 cpbdur:2 q:38.97 aq:38.97 tex:220 mv:391 misc:293 imb:6 pmb:37 smb:1577 d:s ref:0 ;
in:4264 out:4263 type:P dur:2 cpbdur:2 q:38.98 aq:32.90 tex:7755 mv:3649 misc:1316 imb:131 pmb:413 smb:1076 d:s ref:0 ;
in:4263 out:4264 type:b dur:2 cpbdur:2 q:38.98 aq:40.74 tex:30 mv:43 misc:263 imb:0 pmb:27 smb:1593 d:s ref:0 ;
in:4265 out:4265 type:P dur:2 cpbdur:2 q:38.99 aq:32.68 tex:9631 mv:4172 misc:1477 imb:170 pmb:526 smb:924 d:s ref:0 ;
in:4266 out:4266 type:P dur:2 cpbdur:2 q:39.02 aq:32.53 tex:8940 mv:3364 misc:1328 imb:108 pmb:440 smb:1072 d:s ref:0 ;
in:4267 out:4267 type:P dur:2 cpbdur:2 q:39.03 aq:32.18 tex:12042 mv:4550 misc:1496 imb:141 pmb:578 smb:901 d:s ref:0 ;
in:4268 out:4268 type:P dur:2 cpbdur:2 q:39.09 aq:32.19 tex:2512 mv:834 misc:958 imb:10 pmb:192 smb:1418 d:s ref:0 ;
in:4269 out:4269 type:P dur:2 cpbdur:2 q:39.08 aq:32.21 tex:7141 mv:3365 misc:1342 imb:125 pmb:407 smb:1088 d:s ref:0 ;
in:4270 out:4270 type:P dur:2 cpbdur:2 q:39.12 aq:31.92 tex:12400 mv:4793 misc:1431 imb:171 pmb:575 smb:874 d:s ref:0 ;
in:4271 out:4271 type:P dur:2 cpbdur:2 q:39.17 aq:31.69 tex:3863 mv:1427 misc:1070 imb:19 pmb:241 smb:1360 d:s ref:0 ;
in:4273 out:4272 type:P dur:2 cpbdur:2 q:39.16 aq:31.67 tex:11550 mv:4636 misc:1486 imb:131 pmb:572 smb:917 d:s ref:0 ;
in:4272 out:4273 type:b dur:2 cpbdur:2 q:39.17 aq:39.00 tex:3 mv:28 misc:233 imb:0 pmb:18 smb:1602 d:s ref:0 ;
in:4275 out:4274 type:P dur:2 cpbdur:2 q:39.19 aq:31.40 tex:11372 mv:4665 misc:1419 imb:143 pmb:638 smb:839 d:s ref:0 ;
in:4274 out:4275 type:b dur:2 cpbdur:2 q:39.19 aq:39.00 tex:10 mv:52 misc:202 imb:0 pmb:9 smb:1611 d:t ref:0 ;
in:4277 out:4276 type:P dur:2 cpbdur:2 q:39.23 aq:31.07 tex:11527 mv:4249 misc:1392 imb:143 pmb:590 smb:887 d:s ref:0 ;
in:4276 out:4277 type:b dur:2 cpbdur:2 q:39.23 aq:39.00 tex:0 mv:50 misc:174 imb:0 pmb:3 smb:1617 d:t ref:0 ;
in:4279 out:4278 type:P dur:2 cpbdur:2 q:39.25 aq:31.79 tex:3040 mv:1115 misc:1077 imb:16 pmb:232 smb:1372 d:s ref:0 ;
in:4278 out:4279 type:b dur:2 cpbdur:2 q:39.25 aq:39.00 tex:1 mv:2 misc:157 imb:0 pmb:1 smb:1619 d:s ref:0 ;
in:4282 out:4280 type:P dur:2 cpbdur:2 q:39.21 aq:31.64 tex:10494 mv:4361 misc:1433 imb:89 pmb:645 smb:886 d:s ref:0 ;
in:4280 out:4281 type:B dur:2 cpbdur:2 q:39.25 aq:38.00 tex:11 mv:72 misc:253 imb:0 pmb:13 smb:1607 d:t ref:0 ;
in:4281 out:4282 type:b dur:2 cpbdur:2 q:39.25 aq:40.00 tex:1 mv:18 misc:165 imb:0 pmb:4 smb:1616 d:- ref:0 ;
in:4283 out:4283 type:P dur:2 cpbdur:2 q:39.24 aq:31.64 tex:1270 mv:429 misc:733 imb:1 pmb:122 smb:1497 d:s ref:0 ;
in:4286 out:4284 type:P dur:2 cpbdur:2 q:39.21 aq:31.47 tex:8984 mv:3967 misc:1505 imb:88 pmb:559 smb:973 d:s ref:0 ;
in:4284 out:4285 type:B dur:2 cpbdur:2 q:39.24 aq:37.02 tex:68 mv:38 misc:230 imb:0 pmb:9 smb:1611 d:s ref:0 ;
in:4285 out:4286 type:b dur:2 cpbdur:2 q:39.24 aq:38.10 tex:17 mv:5 misc:162 imb:0 pmb:1 smb:1619 d:- ref:0 ;
in:4288 out:4287 type:P dur:2 cpbdur:2 q:39.21 aq:31.63 tex:4492 mv:2213 misc:1391 imb:87 pmb:293 smb:1240 d:s ref:0 ;
in:4287 out:4288 type:b dur:2 cpbdur:2 q:39.21 aq:38.10 tex:19 mv:14 misc:175 imb:0 pmb:5 smb:1615 d:s ref:0 ;
in:4289 out:4289 type:P dur:2 cpbdur:2 q:39.18 aq:31.77 tex:3109 mv:1926 misc:1253 imb:35 pmb:304 smb:1281 d:s ref:0 ;
in:4290 out:4290 type:P dur:2 cpbdur:2 q:39.18 aq:32.10 tex:2605 mv:1224 misc:1019 imb:29 pmb:190 smb:1401 d:s ref:0 ;
in:4293 out:4291 type:P dur:2 cpbdur:2 q:39.17 aq:31.50 tex:10009 mv:5804 misc:1579 imb:210 pmb:588 smb:822 d:s ref:0 ;
in:4291 out:4292 type:B dur:2 cpbdur:2 q:39.18 aq:38.00 tex:16 mv:21 misc:219 imb:0 pmb:9 smb:1611 d:s ref:0 ;
in:4292 out:4293 type:b dur:2 cpbdur:2 q:39.18 aq:39.00 tex:0 mv:3 misc:165 imb:0 pmb:1 smb:1619 d:- ref:0 ;
in:4295 out:4294 type:P dur:2 cpbdur:2 q:39.20 aq:32.30 tex:2743 mv:1448 misc:1033 imb:31 pmb:191 smb:1398 d:s ref:0 ;
in:4294 out:4295 type:b dur:2 cpbdur:2 q:39.20 aq:39.00 tex:0 mv:0 misc:152 imb:0 pmb:0 smb:1620 d:s ref:0 ;
in:4296 out:4296 type:P dur:2 cpbdur:2 q:39.15 aq:32.96 tex:2697 mv:1380 misc:1003 imb:20 pmb:192 smb:1408 d:s ref:0 ;
in:4298 out:4297 type:P dur:2 cpbdur:2 q:39.15 aq:33.08 tex:1632 mv:1205 misc:923 imb:23 pmb:139 smb:1458 d:s ref:0 ;
in:4297 out:4298 type:b dur:2 cpbdur:2 q:39.15 aq:39.00 tex:10 mv:5 misc:161 imb:0 pmb:1 smb:1619 d:s ref:0 ;
in:4302 out:4299 type:P dur:2 cpbdur:2 q:39.12 aq:33.23 tex:11335 mv:6178 misc:1583 imb:344 pmb:512 smb:764 d:s ref:0 w:7,127,-7,5,37,-19,37,-18 ;
in:4300 out:4300 type:B dur:2 cpbdur:2 q:39.15 aq:36.32 tex:44 mv:87 misc:317 imb:0 pmb:23 smb:1597 d:s ref:0 ;
in:4299 out:4301 type:b dur:2 cpbdur:2 q:39.15 aq:37.33 tex:36 mv:11 misc:177 imb:0 pmb:3 smb:1617 d:s ref:0 ;
in:4301 out:4302 type:b dur:2 cpbdur:2 q:39.15 aq:37.13 tex:50 mv:27 misc:211 imb:0 pmb:9 smb:1611 d:- ref:0 ;
in:4305 out:4303 type:P dur:2 cpbdur:2 q:39.12 aq:33.81 tex:8100 mv:4582 misc:1494 imb:259 pmb:423 smb:938 d:s ref:0 w:6,61,-5,6,75,-21,72,-14 ;
in:4303 out:4304 type:B dur:2 cpbdur:2 q:39.12 aq:37.49 tex:132 mv:179 misc:385 imb:2 pmb:35 smb:1583 d:s ref:0 ;
in:4304 out:4305 type:b dur:2 cpbdur:2 q:39.12 aq:37.63 tex:77 mv:124 misc:263 imb:2 pmb:16 smb:1602 d:- ref:0 ;
in:4307 out:4306 type:P dur:2 cpbdur:2 q:39.12 aq:32.77 tex:11887 mv:6796 misc:1557 imb:460 pmb:520 smb:640 d:s ref:0 w:7,123,-5,5,37,-20,36,-14 ;
in:4306 out:4307 type:b dur:2 cpbdur:2 q:39.12 aq:33.72 tex:342 mv:528 misc:634 imb:8 pmb:89 smb:1523 d:s ref:0 ;
in:4311 out:4308 type:P dur:2 cpbdur:2 q:39.11 aq:35.38 tex:13430 mv:8336 misc:786 imb:850 pmb:530 smb:240 d:s ref:0 ;
in:4309 out:4309 type:B dur:2 cpbdur:2 q:39.12 aq:33.69 tex:4050 mv:4007 misc:1431 imb:127 pmb:444 smb:1049 d:s ref:0 ;
in:4308 out:4310 type:b dur:2 cpbdur:2 q:39.12 aq:37.23 tex:137 mv:257 misc:390 imb:3 pmb:39 smb:1578 d:s ref:0 ;
in:4310 out:4311 type:b dur:2 cpbdur:2 q:39.12 aq:33.84 tex:1064 mv:1230 misc:842 imb:37 pmb:157 smb:1426 d:- ref:0 ;
in:4312 out:4312 type:I dur:2 cpbdur:2 q:36.21 aq:29.82 tex:51662 mv:21845 misc:125 imb:1620 pmb:0 smb:0 d:s ref:;
in:4316 out:4313 type:P dur:2 cpbdur:2 q:39.44 aq:32.40 tex:28353 mv:8905 misc:614 imb:1077 pmb:261 smb:282 d:s ref:0 ;
in:4314 out:4314 type:B dur:2 cpbdur:2 q:39.44 aq:37.00 tex:15 mv:223 misc:434 imb:1 pmb:87 smb:1532 d:s ref:0 ;
in:4313 out:4315 type:b dur:2 cpbdur:2 q:39.44 aq:39.00 tex:0 mv:0 misc:152 imb:0 pmb:0 smb:1620 d:s ref:0 ;
in:4315 out:4316 type:b dur:2 cpbdur:2 q:39.44 aq:36.02 tex:139 mv:1027 misc:610 imb:13 pmb:115 smb:1492 d:- ref:0 ;
in:4320 out:4317 type:P dur:2 cpbdur:2 q:39.52 aq:31.46 tex:20665 mv:9900 misc:883 imb:625 pmb:669 smb:326 d:s ref:0 ;
in:4318 out:4318 type:B dur:2 cpbdur:2 q:39.52 aq:31.86 tex:848 mv:1232 misc:800 imb:26 pmb:146 smb:1448 d:s ref:0 ;
in:4317 out:4319 type:b dur:2 cpbdur:2 q:39.52 aq:33.85 tex:153 mv:568 misc:543 imb:5 pmb:78 smb:1537 d:s ref:0 ;
in:4319 out:4320 type:b dur:2 cpbdur:2 q:39.52 aq:35.89 tex:154 mv:120 misc:382 imb:3 pmb:41 smb:1576 d:- ref:0 ;
in:4323 out:4321 type:P dur:2 cpbdur:2 q:39.57 aq:29.86 tex:27165 mv:10319 misc:1164 imb:461 pmb:784 smb:375 d:s ref:0 w:6,67,7,5,27,19,29,10 ;
in:4321 out:4322 type:B dur:2 cpbdur:2 q:39.57 aq:34.09 tex:175 mv:133 misc:316 imb:5 pmb:22 smb:1593 d:s ref:0 ;
in:4322 out:4323 type:b dur:2 cpbdur:2 q:39.57 aq:36.99 tex:34 mv:12 misc:178 imb:0 pmb:3 smb:1617 d:- ref:0 ;
in:4327 out:4324 type:P dur:2 cpbdur:2 q:39.69 aq:30.44 tex:4017 mv:1706 misc:1181 imb:33 pmb:292 smb:1295 d:s ref:0 ;
in:4325 out:4325 type:B dur:2 cpbdur:2 q:39.69 aq:34.93 tex:24 mv:6 misc:186 imb:0 pmb:2 smb:1618 d:t ref:0 ;
in:4324 out:4326 type:b dur:2 cpbdur:2 q:39.69 aq:39.00 tex:0 mv:0 misc:152 imb:0 pmb:0 smb:1620 d:s ref:0 ;
in:4326 out:4327 type:b dur:2 cpbdur:2 q:39.69 aq:39.00 tex:0 mv:0 misc:152 imb:0 pmb:0 smb:1620 d:- ref:0 ;
in:4331 out:4328 type:P dur:2 cpbdur:2 q:39.58 aq:31.37 tex:4635 mv:2323 misc:1298 imb:30 pmb:359 smb:1231 d:s ref:0 ;
in:4329 out:4329 type:B dur:2 cpbdur:2 q:39.69 aq:39.00 tex:48 mv:13 misc:187 imb:0 pmb:3 smb:1617 d:s ref:0 ;
in:4328 out:4330 type:b dur:2 cpbdur:2 q:39.69 aq:39.00 tex:0 mv:0 misc:152 imb:0 pmb:0 smb:1620 d:s ref:0 ;
in:4330 out:4331 type:b dur:2 cpbdur:2 q:39.69 aq:39.00 tex:1 mv:3 misc:156 imb:0 pmb:1 smb:1619 d:- ref:0 ;
in:4335 out:4332 type:P dur:2 cpbdur:2 q:39.53 aq:30.96 tex:4607 mv:2410 misc:1303 imb:36 pmb:379 smb:1205 d:s ref:0 ;
in:4333 out:4333 type:B dur:2 cpbdur:2 q:39.58 aq:36.09 tex:107 mv:95 misc:238 imb:2 pmb:11 smb:1607 d:s ref:0 ;
in:4332 out:4334 type:b dur:2 cpbdur:2 q:39.58 aq:39.00 tex:0 mv:8 misc:176 imb:0 pmb:3 smb:1617 d:s ref:0 ;
in:4334 out:4335 type:b dur:2 cpbdur:2 q:39.58 aq:36.22 tex:22 mv:49 misc:185 imb:1 pmb:3 smb:1616 d:- ref:0 ;
in:4339 out:4336 type:P dur:2 cpbdur:2 q:39.48 aq:31.18 tex:4175 mv:2344 misc:1265 imb:43 pmb:342 smb:1235 d:s ref:0 ;
in:4337 out:4337 type:B dur:2 cpbdur:2 q:39.53 aq:37.80 tex:113 mv:53 misc:218 imb:1 pmb:9 smb:1610 d:s ref:0 ;
in:4336 out:4338 type:b dur:2 cpbdur:2 q:39.53 aq:39.00 tex:35 mv:41 misc:188 imb:0 pmb:6 smb:1614 d:s ref:0 ;
in:4338 out:4339 type:b dur:2 cpbdur:2 q:39.53 aq:39.00 tex:15 mv:5 misc:164 imb:0 pmb:1 smb:1619 d:- ref:0 ;
in:4341 out:4340 type:P dur:2 cpbdur:2 q:39.42 aq:31.81 tex:3162 mv:1778 misc:1116 imb:25 pmb:269 smb:1326 d:s ref:0 ;
in:4340 out:4341 type:b dur:2 cpbdur:2 q:39.48 aq:39.41 tex:132 mv:72 misc:180 imb:2 pmb:6 smb:1612 d:s ref:0 ;
in:4343 out:4342 type:P dur:2 cpbdur:2 q:39.42 aq:30.07 tex:3911 mv:2399 misc:1234 imb:53 pmb:294 smb:1273 d:s ref:0 ;
in:4342 out:4343 type:b dur:2 cpbdur:2 q:39.42 aq:39.00 tex:0 mv:0 misc:152 imb:0 pmb:0 smb:1620 d:s ref:0 ;
in:4345 out:4344 type:P dur:2 cpbdur:2 q:39.38 aq:30.47 tex:2484 mv:1158 misc:966 imb:20 pmb:198 smb:1402 d:s ref:0 ;
in:4344 out:4345 type:b dur:2 cpbdur:2 q:39.42 aq:39.00 tex:0 mv:3 misc:157 imb:0 pmb:1 smb:1619 d:s ref:0 ;
in:4347 out:4346 type:P dur:2 cpbdur:2 q:39.37 aq:30.89 tex:3989 mv:1995 misc:1176 imb:28 pmb:311 smb:1281 d:s ref:0 ;
in:4346 out:4347 type:b dur:2 cpbdur:2 q:39.38 aq:39.00 tex:0 mv:3 misc:165 imb:0 pmb:1 smb:1619 d:s ref:0 ;
in:4351 out:4348 type:P dur:2 cpbdur:2 q:39.34 aq:30.83 tex:5439 mv:2833 misc:1328 imb:47 pmb:387 smb:1186 d:s ref:0 ;
in:4349 out:4349 type:B dur:2 cpbdur:2 q:39.37 aq:34.99 tex:198 mv:96 misc:226 imb:4 pmb:9 smb:1607 d:t ref:0 ;
in:4348 out:4350 type:b dur:2 cpbdur:2 q:39.37 aq:39.00 tex:0 mv:9 misc:167 imb:0 pmb:3 smb:1617 d:s ref:0 ;
in:4350 out:4351 type:b dur:2 cpbdur:2 q:39.36 aq:38.72 tex:521 mv:452 misc:259 imb:25 pmb:20 smb:1575 d:- ref:0 ;
in:4353 out:4352 type:P dur:2 cpbdur:2 q:39.30 aq:30.57 tex:2786 mv:1849 misc:1141 imb:26 pmb:297 smb:1297 d:s ref:0 ;
in:4352 out:4353 type:b dur:2 cpbdur:2 q:39.34 aq:39.00 tex:0 mv:15 misc:161 imb:0 pmb:1 smb:1619 d:s ref:0 ;
in:4355 out:4354 type:P dur:2 cpbdur:2 q:39.27 aq:30.73 tex:2562 mv:1607 misc:1119 imb:18 pmb:256 smb:1346 d:s ref:0 ;
in:4354 out:4355 type:b dur:2 cpbdur:2 q:39.30 aq:39.00 tex:0 mv:0 misc:152 imb:0 pmb:0 smb:1620 d:s ref:0 ;
in:4357 out:4356 type:P dur:2 cpbdur:2 q:39.25 aq:31.22 tex:3682 mv:2006 misc:1232 imb:34 pmb:311 smb:1275 d:s ref:0 ;
in:4356 out:4357 type:b dur:2 cpbdur:2 q:39.27 aq:38.66 tex:68 mv:30 misc:182 imb:1 pmb:3 smb:1616 d:s ref:0 ;
in:4359 out:4358 type:P dur:2 cpbdur:2 q:39.23 aq:30.53 tex:3332 mv:2109 misc:1135 imb:22 pmb:308 smb:1290 d:s ref:0 ;
in:4358 out:4359 type:b dur:2 cpbdur:2 q:39.25 aq:39.00 tex:0 mv:0 misc:152 imb:0 pmb:0 smb:1620 d:s ref:0 ;
in:4363 out:4360 type:P dur:2 cpbdur:2 q:39.21 aq:31.44 tex:4701 mv:2584 misc:1275 imb:54 pmb:349 smb:1217 d:s ref:0 ;
in:4361 out:4361 type:B dur:2 cpbdur:2 q:39.23 aq:38.21 tex:207 mv:110 misc:259 imb:4 pmb:14 smb:1602 d:s ref:0 ;
in:4360 out:4362 type:b dur:2 cpbdur:2 q:39.23 aq:39.00 tex:30 mv:49 misc:193 imb:0 pmb:7 smb:1613 d:s ref:0 ;
in:4362 out:4363 type:b dur:2 cpbdur:2 q:39.23 aq:39.00 tex:15 mv:33 misc:176 imb:0 pmb:5 smb:1615 d:- ref:0 ;
in:4365 out:4364 type:P dur:2 cpbdur:2 q:39.17 aq:31.01 tex:3603 mv:1972 misc:1161 imb:37 pmb:285 smb:1298 d:s ref:0 ;
in:4364 out:4365 type:b dur:2 cpbdur:2 q:39.21 aq:38.04 tex:120 mv:147 misc:237 imb:6 pmb:11 smb:1603 d:s ref:0 ;
in:4368 out:4366 type:P dur:2 cpbdur:2 q:39.14 aq:29.90 tex:6618 mv:3069 misc:1321 imb:71 pmb:398 smb:1151 d:s ref:0 ;
in:4366 out:4367 type:B dur:2 cpbdur:2 q:39.16 aq:37.00 tex:2 mv:16 misc:206 imb:0 pmb:7 smb:1613 d:s ref:0 ;
in:4367 out:4368 type:b dur:2 cpbdur:2 q:39.16 aq:39.00 tex:16 mv:8 misc:168 imb:0 pmb:2 smb:1618 d:- ref:0 ;
in:4372 out:4369 type:P dur:2 cpbdur:2 q:39.14 aq:30.41 tex:7331 mv:3677 misc:1440 imb:68 pmb:474 smb:1078 d:s ref:0 ;
in:4370 out:4370 type:B dur:2 cpbdur:2 q:39.14 aq:39.00 tex:30 mv:25 misc:201 imb:0 pmb:5 smb:1615 d:s ref:0 ;
in:4369 out:4371 type:b dur:2 cpbdur:2 q:39.14 aq:39.00 tex:1 mv:3 misc:164 imb:0 pmb:1 smb:1619 d:s ref:0 ;
in:4371 out:4372 type:b dur:2 cpbdur:2 q:39.14 aq:39.00 tex:1 mv:2 misc:157 imb:0 pmb:1 smb:1619 d:- ref:0 ;
in:4376 out:4373 type:P dur:2 cpbdur:2 q:39.09 aq:30.01 tex:5914 mv:3115 misc:1419 imb:79 pmb:405 smb:1136 d:s ref:0 ;
in:4374 out:4374 type:B dur:2 cpbdur:2 q:39.13 aq:37.46 tex:164 mv:20 misc:216 imb:0 pmb:7 smb:1613 d:s ref:0 ;
in:4373 out:4375 type:b dur:2 cpbdur:2 q:39.14 aq:39.00 tex:0 mv:0 misc:152 imb:0 pmb:0 smb:1620 d:s ref:0 ;
in:4375 out:4376 type:b dur:2 cpbdur:2 q:39.13 aq:37.80 tex:74 mv:85 misc:201 imb:2 pmb:6 smb:1612 d:- ref:0 ;
in:4380 out:4377 type:P dur:2 cpbdur:2 q:39.04 aq:30.29 tex:5084 mv:3205 misc:1407 imb:51 pmb:431 smb:1138 d:s ref:0 ;
in:4378 out:4378 type:B dur:2 cpbdur:2 q:39.09 aq:36.44 tex:154 mv:124 misc:250 imb:1 pmb:13 smb:1606 d:s ref:0 ;
in:4377 out:4379 type:b dur:2 cpbdur:2 q:39.09 aq:38.00 tex:2 mv:20 misc:186 imb:0 pmb:5 smb:1615 d:s ref:0 ;
in:4379 out:4380 type:b dur:2 cpbdur:2 q:39.09 aq:38.00 tex:64 mv:82 misc:206 imb:1 pmb:10 smb:1609 d:- ref:0 ;
in:4384 out:4381 type:P dur:2 cpbdur:2 q:38.99 aq:30.58 tex:5989 mv:2818 misc:1337 imb:50 pmb:400 smb:1170 d:s ref:0 ;
in:4382 out:4382 type:B dur:2 cpbdur:2 q:39.04 aq:36.00 tex:2 mv:6 misc:184 imb:0 pmb:3 smb:1617 d:s ref:0 ;
in:4381 out:4383 type:b dur:2 cpbdur:2 q:39.04 aq:36.53 tex:32 mv:75 misc:181 imb:3 pmb:3 smb:1614 d:s ref:0 ;
in:4383 out:4384 type:b dur:2 cpbdur:2 q:39.04 aq:38.00 tex:0 mv:17 misc:167 imb:0 pmb:2 smb:1618 d:- ref:0 ;
in:4388 out:4385 type:P dur:2 cpbdur:2 q:38.94 aq:30.50 tex:4736 mv:2420 misc:1228 imb:32 pmb:338 smb:1250 d:s ref:0 ;
in:4386 out:4386 type:B dur:2 cpbdur:2 q:38.99 aq:37.04 tex:71 mv:37 misc:212 imb:1 pmb:5 smb:1614 d:s ref:0 ;
in:4385 out:4387 type:b dur:2 cpbdur:2 q:38.99 aq:38.00 tex:34 mv:22 misc:168 imb:1 pmb:2 smb:1617 d:s ref:0 ;
in:4387 out:4388 type:b dur:2 cpbdur:2 q:38.99 aq:38.00 tex:15 mv:6 misc:155 imb:0 pmb:1 smb:1619 d:- ref:0 ;
in:4392 out:4389 type:P dur:2 cpbdur:2 q:38.89 aq:29.60 tex:6992 mv:3489 misc:1375 imb:65 pmb:444 smb:1111 d:s ref:0 ;
in:4390 out:4390 type:B dur:2 cpbdur:2 q:38.94 aq:33.72 tex:50 mv:17 misc:205 imb:0 pmb:5 smb:1615 d:t ref:0 ;
in:4389 out:4391 type:b dur:2 cpbdur:2 q:38.94 aq:37.81 tex:100 mv:55 misc:189 imb:2 pmb:5 smb:1613 d:s ref:0 ;
in:4391 out:4392 type:b dur:2 cpbdur:2 q:38.94 aq:38.00 tex:14 mv:9 misc:169 imb:0 pmb:2 smb:1618 d:- ref:0 ;
in:4394 out:4393 type:P dur:2 cpbdur:2 q:38.84 aq:30.26 tex:3528 mv:1736 misc:1168 imb:24 pmb:283 smb:1313 d:s ref:0 ;
in:4393 out:4394 type:b dur:2 cpbdur:2 q:38.89 aq:38.00 tex:0 mv:0 misc:152 imb:0 pmb:0 smb:1620 d:s ref:0 ;
in:4398 out:4395 type:P dur:2 cpbdur:2 q:38.82 aq:30.78 tex:6422 mv:3276 misc:1382 imb:52 pmb:471 smb:1097 d:s ref:0 ;
in:4396 out:4396 type:B dur:2 cpbdur:2 q:38.84 aq:36.54 tex:107 mv:44 misc:225 imb:1 pmb:7 smb:1612 d:t ref:0 ;
in:4395 out:4397 type:b dur:2 cpbdur:2 q:38.84 aq:38.00 tex:0 mv:0 misc:152 imb:0 pmb:0 smb:1620 d:s ref:0 ;
in:4397 out:4398 type:b dur:2 cpbdur:2 q:38.84 aq:38.00 tex:30 mv:12 misc:166 imb:0 pmb:3 smb:1617 d:- ref:0 ;
in:4400 out:4399 type:P dur:2 cpbdur:2 q:38.78 aq:29.84 tex:3263 mv:1674 misc:1159 imb:31 pmb:242 smb:1347 d:s ref:0 ;
in:4399 out:4400 type:b dur:2 cpbdur:2 q:38.82 aq:38.00 tex:0 mv:6 misc:170 imb:0 pmb:2 smb:1618 d:s ref:0 ;
in:4402 out:4401 type:P dur:2 cpbdur:2 q:38.76 aq:29.63 tex:6112 mv:3828 misc:1396 imb:96 pmb:449 smb:1075 d:s ref:0 ;
in:4401 out:4402 type:b dur:2 cpbdur:2 q:38.78 aq:37.19 tex:110 mv:64 misc:178 imb:4 pmb:4 smb:1612 d:s ref:0 ;
in:4406 out:4403 type:P dur:2 cpbdur:2 q:38.75 aq:30.06 tex:5565 mv:2978 misc:1337 imb:40 pmb:411 smb:1169 d:s ref:0 ;
in:4404 out:4404 type:B dur:2 cpbdur:2 q:38.76 aq:38.00 tex:15 mv:9 misc:184 imb:0 pmb:2 smb:1618 d:s ref:0 ;
in:4403 out:4405 type:b dur:2 cpbdur:2 q:38.76 aq:34.50 tex:21 mv:5 misc:158 imb:0 pmb:1 smb:1619 d:s ref:0 ;
in:4405 out:4406 type:b dur:2 cpbdur:2 q:38.76 aq:38.07 tex:125 mv:34 misc:185 imb:1 pmb:6 smb:1613 d:- ref:0 ;
in:4410 out:4407 type:P dur:2 cpbdur:2 q:38.71 aq:29.80 tex:5639 mv:3172 misc:1421 imb:58 pmb:418 smb:1144 d:s ref:0 ;
in:4408 out:4408 type:B dur:2 cpbdur:2 q:38.75 aq:35.75 tex:206 mv:74 misc:248 imb:1 pmb:14 smb:1605 d:t ref:0 ;
in:4407 out:4409 type:b dur:2 cpbdur:2 q:38.75 aq:38.00 tex:2 mv:21 misc:185 imb:0 pmb:6 smb:1614 d:s ref:0 ;
in:4409 out:4410 type:b dur:2 cpbdur:2 q:38.75 aq:38.00 tex:37 mv:34 misc:193 imb:1 pmb:7 smb:1612 d:- ref:0 ;
in:4414 out:4411 type:P dur:2 cpbdur:2 q:38.66 aq:30.60 tex:4776 mv:2818 misc:1294 imb:39 pmb:379 smb:1202 d:s ref:0 ;
in:4412 out:4412 type:B dur:2 cpbdur:2 q:38.71 aq:35.49 tex:65 mv:37 misc:218 imb:1 pmb:6 smb:1613 d:s ref:0 ;
in:4411 out:4413 type:b dur:2 cpbdur:2 q:38.71 aq:38.00 tex:1 mv:5 misc:162 imb:0 pmb:2 smb:1618 d:s ref:0 ;
in:4413 out:4414 type:b dur:2 cpbdur:2 q:38.71 aq:38.00 tex:0 mv:2 misc:158 imb:0 pmb:1 smb:1619 d:- ref:0 ;
in:4418 out:4415 type:P dur:2 cpbdur:2 q:38.60 aq:29.98 tex:4567 mv:3141 misc:1332 imb:61 pmb:382 smb:1177 d:s ref:0 ;
in:4416 out:4416 type:B dur:2 cpbdur:2 q:38.66 aq:34.40 tex:348 mv:582 misc:318 imb:37 pmb:20 smb:1563 d:s ref:0 ;
in:4415 out:4417 type:b dur:2 cpbdur:2 q:38.66 aq:35.32 tex:89 mv:137 misc:230 imb:4 pmb:16 smb:1600 d:s ref:0 ;
in:4417 out:4418 type:b dur:2 cpbdur:2 q:38.66 aq:35.43 tex:26 mv:59 misc:203 imb:3 pmb:11 smb:1606 d:- ref:0 ;
in:4422 out:4419 type:P dur:2 cpbdur:2 q:38.56 aq:31.23 tex:6090 mv:3388 misc:1322 imb:71 pmb:423 smb:1126 d:s ref:0 ;
in:4420 out:4420 type:B dur:2 cpbdur:2 q:38.60 aq:36.84 tex:107 mv:82 misc:243 imb:0 pmb:18 smb:1602 d:s ref:0 ;
in:4419 out:4421 type:b dur:2 cpbdur:2 q:38.60 aq:38.00 tex:0 mv:28 misc:172 imb:0 pmb:2 smb:1618 d:s ref:0 ;
in:4421 out:4422 type:b dur:2 cpbdur:2 q:38.60 aq:38.22 tex:149 mv:88 misc:211 imb:2 pmb:13 smb:1605 d:- ref:0 ;
in:4426 out:4423 type:P dur:2 cpbdur:2 q:38.51 aq:30.97 tex:5464 mv:3187 misc:1349 imb:56 pmb:408 smb:1156 d:s ref:0 ;
in:4424 out:4424 type:B dur:2 cpbdur:2 q:38.56 aq:35.87 tex:118 mv:86 misc:284 imb:0 pmb:21 smb:1599 d:s ref:0 ;
in:4423 out:4425 type:b dur:2 cpbdur:2 q:38.56 aq:37.00 tex:0 mv:29 misc:187 imb:0 pmb:9 smb:1611 d:s ref:0 ;
in:4425 out:4426 type:b dur:2 cpbdur:2 q:38.56 aq:37.00 tex:49 mv:19 misc:180 imb:0 pmb:5 smb:1615 d:- ref:0 ;
in:4428 out:4427 type:P dur:2 cpbdur:2 q:38.46 aq:30.30 tex:4124 mv:2090 misc:1266 imb:39 pmb:308 smb:1273 d:s ref:0 ;
in:4427 out:4428 type:b dur:2 cpbdur:2 q:38.51 aq:36.97 tex:69 mv:45 misc:190 imb:2 pmb:4 smb:1614 d:s ref:0 ;
in:4430 out:4429 type:P dur:2 cpbdur:2 q:38.44 aq:30.17 tex:3613 mv:1742 misc:1173 imb:38 pmb:265 smb:1317 d:s ref:0 ;
in:4429 out:4430 type:b dur:2 cpbdur:2 q:38.46 aq:37.00 tex:0 mv:0 misc:152 imb:0 pmb:0 smb:1620 d:s ref:0 ;
in:4432 out:4431 type:P dur:2 cpbdur:2 q:38.42 aq:29.88 tex:6536 mv:3693 misc:1451 imb:74 pmb:489 smb:1057 d:s ref:0 ;
in:4431 out:4432 type:b dur:2 cpbdur:2 q:38.44 aq:38.66 tex:65 mv:14 misc:185 imb:0 pmb:4 smb:1616 d:s ref:0 ;
in:4436 out:4433 type:P dur:2 cpbdur:2 q:38.42 aq:30.98 tex:4206 mv:2534 misc:1204 imb:36 pmb:344 smb:1240 d:s ref:0 ;
in:4434 out:4434 type:B dur:2 cpbdur:2 q:38.42 aq:36.13 tex:103 mv:51 misc:206 imb:1 pmb:7 smb:1612 d:s ref:0 ;
in:4433 out:4435 type:b dur:2 cpbdur:2 q:38.42 aq:37.00 tex:0 mv:5 misc:163 imb:0 pmb:1 smb:1619 d:s ref:0 ;
in:4435 out:4436 type:b dur:2 cpbdur:2 q:38.42 aq:37.80 tex:20 mv:27 misc:169 imb:0 pmb:3 smb:1617 d:- ref:0 ;
in:4438 out:4437 type:P dur:2 cpbdur:2 q:38.37 aq:31.68 tex:2648 mv:1252 misc:980 imb:19 pmb:183 smb:1418 d:s ref:0 ;
in:4437 out:4438 type:b dur:2 cpbdur:2 q:38.42 aq:37.00 tex:0 mv:2 misc:158 imb:0 pmb:1 smb:1619 d:s ref:0 ;
in:4440 out:4439 type:P dur:2 cpbdur:2 q:38.33 aq:31.04 tex:4512 mv:2457 misc:1191 imb:36 pmb:325 smb:1259 d:s ref:0 ;
in:4439 out:4440 type:b dur:2 cpbdur:2 q:38.36 aq:36.97 tex:80 mv:19 misc:181 imb:0 pmb:6 smb:1614 d:s ref:0 ;
in:4442 out:4441 type:P dur:2 cpbdur:2 q:38.32 aq:30.83 tex:4348 mv:2058 misc:1034 imb:56 pmb:261 smb:1303 d:s ref:0 ;
in:4441 out:4442 type:b dur:2 cpbdur:2 q:38.33 aq:36.00 tex:0 mv:0 misc:152 imb:0 pmb:0 smb:1620 d:s ref:0 ;
in:4446 out:4443 type:P dur:2 cpbdur:2 q:38.30 aq:31.31 tex:6631 mv:3585 misc:1152 imb:135 pmb:365 smb:1120 d:s ref:0 ;
in:4444 out:4444 type:B dur:2 cpbdur:2 q:38.32 aq:31.86 tex:156 mv:183 misc:341 imb:3 pmb:30 smb:1587 d:s ref:0 ;
in:4443 out:4445 type:b dur:2 cpbdur:2 q:38.32 aq:36.00 tex:3 mv:34 misc:179 imb:0 pmb:5 smb:1615 d:s ref:0 ;
in:4445 out:4446 type:b dur:2 cpbdur:2 q:38.32 aq:37.94 tex:56 mv:24 misc:184 imb:0 pmb:4 smb:1616 d:- ref:0 ;
in:4450 out:4447 type:P dur:2 cpbdur:2 q:38.27 aq:32.05 tex:6801 mv:4166 misc:1129 imb:295 pmb:307 smb:1018 d:s ref:0 ;
in:4448 out:4448 type:B dur:2 cpbdur:2 q:38.30 aq:33.81 tex:289 mv:383 misc:400 imb:11 pmb:41 smb:1568 d:s ref:0 ;
in:4447 out:4449 type:b dur:2 cpbdur:2 q:38.30 aq:34.36 tex:13 mv:33 misc:210 imb:1 pmb:7 smb:1612 d:s ref:0 ;
in:4449 out:4450 type:b dur:2 cpbdur:2 q:38.30 aq:34.93 tex:59 mv:189 misc:240 imb:5 pmb:14 smb:1601 d:- ref:0 ;
in:4452 out:4451 type:P dur:2 cpbdur:2 q:38.23 aq:31.59 tex:8652 mv:5637 misc:1295 imb:371 pmb:381 smb:868 d:s ref:0 ;
in:4451 out:4452 type:b dur:2 cpbdur:2 q:38.27 aq:36.78 tex:150 mv:188 misc:254 imb:5 pmb:17 smb:1598 d:s ref:0 ;
in:4456 out:4453 type:P dur:2 cpbdur:2 q:38.23 aq:31.82 tex:10671 mv:6460 misc:1333 imb:493 pmb:374 smb:753 d:s ref:0 ;
in:4454 out:4454 type:B dur:2 cpbdur:2 q:38.23 aq:34.47 tex:523 mv:865 misc:548 imb:44 pmb:57 smb:1519 d:s ref:0 ;
in:4453 out:4455 type:b dur:2 cpbdur:2 q:38.23 aq:32.79 tex:75 mv:194 misc:403 imb:6 pmb:57 smb:1557 d:s ref:0 ;
in:4455 out:4456 type:b dur:2 cpbdur:2 q:38.23 aq:33.09 tex:105 mv:217 misc:286 imb:7 pmb:22 smb:1591 d:- ref:0 ;
in:4458 out:4457 type:P dur:2 cpbdur:2 q:38.24 aq:31.49 tex:11458 mv:7129 misc:1389 imb:471 pmb:443 smb:706 d:s ref:0 ;
in:4457 out:4458 type:b dur:2 cpbdur:2 q:38.24 aq:35.00 tex:0 mv:0 misc:152 imb:0 pmb:0 smb:1620 d:s ref:0 ;
in:4462 out:4459 type:P dur:2 cpbdur:2 q:38.27 aq:31.81 tex:15840 mv:8648 misc:1320 imb:569 pmb:494 smb:557 d:s ref:0 ;
in:4460 out:4460 type:B dur:2 cpbdur:2 q:38.27 aq:33.62 tex:104 mv:317 misc:371 imb:5 pmb:39 smb:1576 d:s ref:0 ;
in:4459 out:4461 type:b dur:2 cpbdur:2 q:38.27 aq:31.45 tex:16 mv:67 misc:253 imb:1 pmb:18 smb:1601 d:s ref:0 ;
in:4461 out:4462 type:b dur:2 cpbdur:2 q:38.27 aq:36.07 tex:22 mv:44 misc:190 imb:0 pmb:6 smb:1614 d:- ref:0 ;
in:4466 out:4463 type:P dur:2 cpbdur:2 q:38.30 aq:32.51 tex:13091 mv:8065 misc:1260 imb:521 pmb:465 smb:634 d:s ref:0 ;
in:4464 out:4464 type:B dur:2 cpbdur:2 q:38.30 aq:34.27 tex:111 mv:142 misc:299 imb:2 pmb:21 smb:1597 d:s ref:0 ;
in:4463 out:4465 type:b dur:2 cpbdur:2 q:38.30 aq:36.00 tex:2 mv:42 misc:220 imb:0 pmb:10 smb:1610 d:s ref:0 ;
in:4465 out:4466 type:b dur:2 cpbdur:2 q:38.30 aq:36.00 tex:74 mv:53 misc:217 imb:0 pmb:10 smb:1610 d:- ref:0 ;
in:4470 out:4467 type:P dur:2 cpbdur:2 q:38.30 aq:32.50 tex:13705 mv:8069 misc:1258 imb:593 pmb:428 smb:599 d:s ref:0 ;
in:4468 out:4468 type:B dur:2 cpbdur:2 q:38.30 aq:32.67 tex:501 mv:512 misc:547 imb:4 pmb:74 smb:1542 d:s ref:0 ;
in:4467 out:4469 type:b dur:2 cpbdur:2 q:38.30 aq:31.31 tex:65 mv:73 misc:222 imb:3 pmb:7 smb:1610 d:s ref:0 ;
in:4469 out:4470 type:b dur:2 cpbdur:2 q:38.30 aq:37.41 tex:23 mv:33 misc:208 imb:0 pmb:7 smb:1613 d:- ref:0 ;
in:4473 out:4471 type:P dur:2 cpbdur:2 q:38.31 aq:31.64 tex:14723 mv:9040 misc:1213 imb:602 pmb:500 smb:518 d:s ref:0 ;
in:4471 out:4472 type:B dur:2 cpbdur:2 q:38.31 aq:33.32 tex:212 mv:176 misc:316 imb:3 pmb:21 smb:1596 d:s ref:0 ;
in:4472 out:4473 type:b dur:2 cpbdur:2 q:38.31 aq:35.16 tex:82 mv:87 misc:223 imb:3 pmb:10 smb:1607 d:- ref:0 ;
in:4477 out:4474 type:P dur:2 cpbdur:2 q:38.36 aq:31.81 tex:14927 mv:9920 misc:1225 imb:681 pmb:553 smb:386 d:s ref:0 w:6,71,-5,3,9,-17,8,0 ;
in:4475 out:4475 type:B dur:2 cpbdur:2 q:38.36 aq:29.79 tex:172 mv:551 misc:525 imb:5 pmb:70 smb:1545 d:s ref:0 ;
in:4474 out:4476 type:b dur:2 cpbdur:2 q:38.36 aq:36.00 tex:3 mv:21 misc:200 imb:0 pmb:8 smb:1612 d:s ref:0 ;
in:4476 out:4477 type:b dur:2 cpbdur:2 q:38.36 aq:35.42 tex:94 mv:124 misc:206 imb:7 pmb:6 smb:1607 d:- ref:0 ;
in:4479 out:4478 type:P dur:2 cpbdur:2 q:38.37 aq:31.75 tex:4373 mv:2963 misc:1176 imb:97 pmb:273 smb:1250 d:s ref:0 ;
in:4478 out:4479 type:b dur:2 cpbdur:2 q:38.37 aq:36.93 tex:26 mv:13 misc:177 imb:0 pmb:3 smb:1617 d:s ref:0 ;
in:4480 out:4480 type:P dur:2 cpbdur:2 q:38.35 aq:32.48 tex:7280 mv:4772 misc:1332 imb:187 pmb:409 smb:1024 d:s ref:0 ;
in:4482 out:4481 type:P dur:2 cpbdur:2 q:38.38 aq:31.30 tex:10223 mv:7210 misc:1447 imb:390 pmb:531 smb:699 d:s ref:0 w:5,33,-1 ;
in:4481 out:4482 type:b dur:2 cpbdur:2 q:38.38 aq:37.00 tex:1 mv:9 misc:182 imb:0 pmb:4 smb:1616 d:s ref:0 ;
in:4486 out:4483 type:P dur:2 cpbdur:2 q:38.40 aq:31.63 tex:8496 mv:6263 misc:1433 imb:266 pmb:489 smb:865 d:s ref:0 ;
in:4484 out:4484 type:B dur:2 cpbdur:2 q:38.40 aq:32.47 tex:174 mv:258 misc:320 imb:10 pmb:19 smb:1591 d:s ref:0 ;
in:4483 out:4485 type:b dur:2 cpbdur:2 q:38.40 aq:37.00 tex:1 mv:32 misc:183 imb:0 pmb:5 smb:1615 d:s ref:0 ;
in:4485 out:4486 type:b dur:2 cpbdur:2 q:38.40 aq:35.96 tex:76 mv:102 misc:198 imb:4 pmb:6 smb:1610 d:- ref:0 ;
in:4488 out:4487 type:P dur:2 cpbdur:2 q:38.39 aq:30.89 tex:4685 mv:4575 misc:1460 imb:165 pmb:389 smb:1066 d:s ref:0 ;
in:4487 out:4488 type:b dur:2 cpbdur:2 q:38.40 aq:34.85 tex:19 mv:52 misc:177 imb:1 pmb:4 smb:1615 d:s ref:0 ;
in:4490 out:4489 type:P dur:2 cpbdur:2 q:38.37 aq:31.63 tex:3941 mv:3534 misc:1437 imb:94 pmb:370 smb:1156 d:s ref:0 ;
in:4489 out:4490 type:b dur:2 cpbdur:2 q:38.39 aq:37.00 tex:0 mv:0 misc:152 imb:0 pmb:0 smb:1620 d:s ref:0 ;
in:4492 out:4491 type:P dur:2 cpbdur:2 q:38.38 aq:30.78 tex:6386 mv:5464 misc:1534 imb:178 pmb:505 smb:937 d:s ref:0 ;
in:4491 out:4492 type:b dur:2 cpbdur:2 q:38.38 aq:36.28 tex:246 mv:204 misc:238 imb:14 pmb:8 smb:1598 d:s ref:0 ;
in:4496 out:4493 type:P dur:2 cpbdur:2 q:38.37 aq:30.94 tex:5689 mv:5728 misc:1527 imb:115 pmb:539 smb:966 d:s ref:0 ;
in:4494 out:4494 type:B dur:2 cpbdur:2 q:38.38 aq:36.91 tex:203 mv:134 misc:255 imb:3 pmb:14 smb:1603 d:t ref:0 ;
in:4493 out:4495 type:b dur:2 cpbdur:2 q:38.38 aq:37.00 tex:0 mv:3 misc:157 imb:0 pmb:1 smb:1619 d:s ref:0 ;
in:4495 out:4496 type:b dur:2 cpbdur:2 q:38.38 aq:33.35 tex:16 mv:15 misc:169 imb:1 pmb:1 smb:1618 d:- ref:0 ;
in:4500 out:4497 type:P dur:2 cpbdur:2 q:38.34 aq:30.91 tex:5653 mv:5410 misc:1513 imb:133 pmb:496 smb:991 d:s ref:0 ;
in:4498 out:4498 type:B dur:2 cpbdur:2 q:38.37 aq:34.37 tex:316 mv:468 misc:392 imb:6 pmb:40 smb:1574 d:t ref:0 ;
in:4497 out:4499 type:b dur:2 cpbdur:2 q:38.37 aq:37.00 tex:10 mv:16 misc:190 imb:0 pmb:5 smb:1615 d:s ref:0 ;
in:4499 out:4500 type:b dur:2 cpbdur:2 q:38.37 aq:36.00 tex:22 mv:56 misc:194 imb:2 pmb:4 smb:1614 d:- ref:0 ;
in:4503 out:4501 type:P dur:2 cpbdur:2 q:38.31 aq:31.09 tex:6783 mv:6311 misc:1490 imb:149 pmb:580 smb:891 d:s ref:0 ;
in:4501 out:4502 type:B dur:2 cpbdur:2 q:38.34 aq:31.69 tex:86 mv:294 misc:324 imb:3 pmb:26 smb:1591 d:t ref:0 ;
in:4502 out:4503 type:b dur:2 cpbdur:2 q:38.34 aq:35.67 tex:75 mv:139 misc:234 imb:5 pmb:12 smb:1603 d:- ref:0 ;
in:4507 out:4504 type:P dur:2 cpbdur:2 q:38.31 aq:31.14 tex:7630 mv:6233 misc:1521 imb:186 pmb:552 smb:882 d:s ref:0 w:0,1,1 ;
in:4505 out:4505 type:B dur:2 cpbdur:2 q:38.31 aq:32.01 tex:176 mv:366 misc:354 imb:8 pmb:33 smb:1579 d:s ref:0 ;
in:4504 out:4506 type:b dur:2 cpbdur:2 q:38.31 aq:31.00 tex:7 mv:52 misc:197 imb:2 pmb:10 smb:1608 d:s ref:0 ;
in:4506 out:4507 type:b dur:2 cpbdur:2 q:38.31 aq:36.25 tex:52 mv:140 misc:240 imb:1 pmb:24 smb:1595 d:- ref:0 ;
in:4511 out:4508 type:P dur:2 cpbdur:2 q:38.27 aq:30.99 tex:7889 mv:6809 misc:1566 imb:160 pmb:618 smb:842 d:s ref:0 ;
in:4509 out:4509 type:B dur:2 cpbdur:2 q:38.31 aq:34.38 tex:339 mv:353 misc:356 imb:8 pmb:38 smb:1574 d:t ref:0 ;
in:4508 out:4510 type:b dur:2 cpbdur:2 q:38.31 aq:32.00 tex:5 mv:40 misc:211 imb:0 pmb:16 smb:1604 d:s ref:0 ;
in:4510 out:4511 type:b dur:2 cpbdur:2 q:38.31 aq:35.20 tex:86 mv:144 misc:226 imb:1 pmb:18 smb:1601 d:- ref:0 ;
in:4515 out:4512 type:P dur:2 cpbdur:2 q:38.25 aq:31.08 tex:7885 mv:6302 misc:1565 imb:114 pmb:596 smb:910 d:s ref:0 ;
in:4513 out:4513 type:B dur:2 cpbdur:2 q:38.27 aq:34.77 tex:391 mv:609 misc:416 imb:4 pmb:58 smb:1558 d:t ref:0 ;
in:4512 out:4514 type:b dur:2 cpbdur:2 q:38.27 aq:33.00 tex:10 mv:51 misc:219 imb:1 pmb:15 smb:1604 d:s ref:0 ;
in:4514 out:4515 type:b dur:2 cpbdur:2 q:38.27 aq:36.67 tex:28 mv:56 misc:188 imb:0 pmb:10 smb:1610 d:- ref:0 ;
in:4518 out:4516 type:P dur:2 cpbdur:2 q:38.23 aq:30.77 tex:9588 mv:7471 misc:1565 imb:172 pmb:659 smb:789 d:s ref:0 ;
in:4516 out:4517 type:B dur:2 cpbdur:2 q:38.25 aq:33.83 tex:43 mv:184 misc:277 imb:2 pmb:25 smb:1593 d:s ref:0 ;
in:4517 out:4518 type:b dur:2 cpbdur:2 q:38.25 aq:32.83 tex:131 mv:229 misc:224 imb:1 pmb:22 smb:1597 d:- ref:0 ;
in:4522 out:4519 type:P dur:2 cpbdur:2 q:38.26 aq:31.36 tex:7499 mv:6427 misc:1450 imb:123 pmb:599 smb:898 d:s ref:0 ;
in:4520 out:4520 type:B dur:2 cpbdur:2 q:38.25 aq:34.56 tex:99 mv:283 misc:338 imb:3 pmb:29 smb:1588 d:t ref:0 ;
in:4519 out:4521 type:b dur:2 cpbdur:2 q:38.25 aq:31.00 tex:0 mv:0 misc:144 imb:0 pmb:0 smb:1620 d:s ref:0 ;
in:4521 out:4522 type:b dur:2 cpbdur:2 q:38.26 aq:37.74 tex:105 mv:139 misc:220 imb:2 pmb:12 smb:1606 d:- ref:0 ;
in:4526 out:4523 type:P dur:2 cpbdur:2 q:38.21 aq:31.54 tex:8007 mv:6695 misc:1538 imb:150 pmb:622 smb:848 d:s ref:0 w:0,1,1 ;
in:4524 out:4524 type:B dur:2 cpbdur:2 q:38.25 aq:32.37 tex:176 mv:486 misc:394 imb:5 pmb:38 smb:1577 d:t ref:0 ;
in:4523 out:4525 type:b dur:2 cpbdur:2 q:38.25 aq:34.00 tex:9 mv:7 misc:168 imb:0 pmb:2 smb:1618 d:s ref:0 ;
in:4525 out:4526 type:b dur:2 cpbdur:2 q:38.25 aq:32.78 tex:127 mv:219 misc:278 imb:6 pmb:15 smb:1599 d:- ref:0 ;
in:4530 out:4527 type:P dur:2 cpbdur:2 q:38.19 aq:31.20 tex:13753 mv:6463 misc:1592 imb:171 pmb:584 smb:865 d:s ref:0 w:0,1,1 ;
in:4528 out:4528 type:B dur:2 cpbdur:2 q:38.21 aq:32.63 tex:398 mv:826 misc:616 imb:9 pmb:85 smb:1526 d:t ref:0 ;
in:4527 out:4529 type:b dur:2 cpbdur:2 q:38.21 aq:34.44 tex:16 mv:11 misc:181 imb:0 pmb:3 smb:1617 d:s ref:0 ;
in:4529 out:4530 type:b dur:2 cpbdur:2 q:38.21 aq:39.13 tex:225 mv:133 misc:218 imb:0 pmb:13 smb:1607 d:- ref:0 ;
in:4533 out:4531 type:P dur:2 cpbdur:2 q:38.20 aq:30.60 tex:10084 mv:7479 misc:1597 imb:194 pmb:673 smb:753 d:s ref:0 ;
in:4531 out:4532 type:B dur:2 cpbdur:2 q:38.20 aq:28.59 tex:95 mv:384 misc:393 imb:2 pmb:42 smb:1576 d:t ref:0 ;
in:4532 out:4533 type:b dur:2 cpbdur:2 q:38.20 aq:36.00 tex:88 mv:60 misc:196 imb:2 pmb:5 smb:1613 d:- ref:0 ;
in:4537 out:4534 type:P dur:2 cpbdur:2 q:38.23 aq:30.88 tex:7094 mv:6120 misc:1554 imb:148 pmb:571 smb:901 d:s ref:0 ;
in:4535 out:4535 type:B dur:2 cpbdur:2 q:38.22 aq:34.60 tex:56 mv:244 misc:316 imb:1 pmb:25 smb:1594 d:t ref:0 ;
in:4534 out:4536 type:b dur:2 cpbdur:2 q:38.22 aq:36.00 tex:0 mv:10 misc:166 imb:0 pmb:2 smb:1618 d:s ref:0 ;
in:4536 out:4537 type:b dur:2 cpbdur:2 q:38.22 aq:37.00 tex:34 mv:105 misc:229 imb:0 pmb:12 smb:1608 d:- ref:0 ;
in:4541 out:4538 type:P dur:2 cpbdur:2 q:38.18 aq:32.21 tex:6399 mv:5571 misc:1526 imb:127 pmb:521 smb:972 d:s ref:0 ;
in:4539 out:4539 type:B dur:2 cpbdur:2 q:38.22 aq:27.29 tex:120 mv:369 misc:383 imb:2 pmb:46 smb:1572 d:t ref:0 ;
in:4538 out:4540 type:b dur:2 cpbdur:2 q:38.22 aq:37.00 tex:0 mv:23 misc:193 imb:0 pmb:7 smb:1613 d:s ref:0 ;
in:4540 out:4541 type:b dur:2 cpbdur:2 q:38.22 aq:36.72 tex:238 mv:231 misc:283 imb:10 pmb:23 smb:1587 d:- ref:0 ;
in:4545 out:4542 type:P dur:2 cpbdur:2 q:38.14 aq:31.08 tex:8330 mv:7174 misc:1568 imb:192 pmb:625 smb:803 d:s ref:0 ;
in:4543 out:4543 type:B dur:2 cpbdur:2 q:38.18 aq:34.43 tex:175 mv:555 misc:478 imb:4 pmb:67 smb:1549 d:t ref:0 ;
in:4542 out:4544 type:b dur:2 cpbdur:2 q:38.18 aq:35.90 tex:23 mv:72 misc:233 imb:1 pmb:17 smb:1602 d:s ref:0 ;
in:4544 out:4545 type:b dur:2 cpbdur:2 q:38.18 aq:36.26 tex:70 mv:38 misc:188 imb:1 pmb:4 smb:1615 d:- ref:0 ;
in:4549 out:4546 type:P dur:2 cpbdur:2 q:38.13 aq:31.24 tex:7249 mv:6830 misc:1601 imb:154 pmb:636 smb:830 d:s ref:0 ;
in:4547 out:4547 type:B dur:2 cpbdur:2 q:38.14 aq:31.53 tex:62 mv:310 misc:372 imb:3 pmb:30 smb:1587 d:s ref:0 ;
in:4546 out:4548 type:b dur:2 cpbdur:2 q:38.14 aq:33.79 tex:34 mv:58 misc:196 imb:2 pmb:4 smb:1614 d:s ref:0 ;
in:4548 out:4549 type:b dur:2 cpbdur:2 q:38.14 aq:36.00 tex:1 mv:12 misc:187 imb:0 pmb:6 smb:1614 d:- ref:0 ;
in:4553 out:4550 type:P dur:2 cpbdur:2 q:38.10 aq:31.70 tex:4931 mv:5310 misc:1519 imb:120 pmb:519 smb:981 d:s ref:0 ;
in:4551 out:4551 type:B dur:2 cpbdur:2 q:38.13 aq:34.15 tex:160 mv:356 misc:356 imb:9 pmb:35 smb:1576 d:t ref:0 ;
in:4550 out:4552 type:b dur:2 cpbdur:2 q:38.13 aq:34.44 tex:13 mv:74 misc:209 imb:1 pmb:10 smb:1609 d:s ref:0 ;
in:4552 out:4553 type:b dur:2 cpbdur:2 q:38.13 aq:34.16 tex:18 mv:53 misc:177 imb:2 pmb:4 smb:1614 d:- ref:0 ;
in:4555 out:4554 type:P dur:2 cpbdur:2 q:38.06 aq:32.35 tex:5130 mv:4335 misc:1431 imb:100 pmb:425 smb:1095 d:s ref:0 ;
in:4554 out:4555 type:b dur:2 cpbdur:2 q:38.10 aq:37.00 tex:20 mv:74 misc:202 imb:0 pmb:7 smb:1613 d:t ref:0 ;
in:4557 out:4556 type:P dur:2 cpbdur:2 q:38.08 aq:31.97 tex:4591 mv:4603 misc:1494 imb:93 pmb:482 smb:1045 d:s ref:0 ;
in:4556 out:4557 type:b dur:2 cpbdur:2 q:38.08 aq:37.00 tex:16 mv:44 misc:172 imb:0 pmb:3 smb:1617 d:s ref:0 ;
in:4561 out:4558 type:P dur:2 cpbdur:2 q:38.05 aq:33.44 tex:4343 mv:4498 misc:1391 imb:85 pmb:436 smb:1099 d:s ref:0 ;
in:4559 out:4559 type:B dur:2 cpbdur:2 q:38.08 aq:35.67 tex:195 mv:311 misc:374 imb:4 pmb:34 smb:1582 d:t ref:0 ;
in:4558 out:4560 type:b dur:2 cpbdur:2 q:38.08 aq:37.00 tex:0 mv:10 misc:166 imb:0 pmb:2 smb:1618 d:s ref:0 ;
in:4560 out:4561 type:b dur:2 cpbdur:2 q:38.08 aq:37.00 tex:96 mv:138 misc:230 imb:4 pmb:9 smb:1607 d:- ref:0 ;
in:4562 out:4562 type:I dur:2 cpbdur:2 q:35.24 aq:28.58 tex:57447 mv:27664 misc:121 imb:1620 pmb:0 smb:0 d:s ref:;
in:4566 out:4563 type:P dur:2 cpbdur:2 q:38.36 aq:32.10 tex:1330 mv:2839 misc:1143 imb:36 pmb:282 smb:1302 d:s ref:0 w:0,1,1 ;
in:4564 out:4564 type:B dur:2 cpbdur:2 q:38.36 aq:34.11 tex:131 mv:553 misc:532 imb:1 pmb:78 smb:1541 d:t ref:0 ;
in:4563 out:4565 type:b dur:2 cpbdur:2 q:38.36 aq:37.00 tex:11 mv:20 misc:169 imb:0 pmb:2 smb:1618 d:s ref:0 ;
in:4565 out:4566 type:b dur:2 cpbdur:2 q:38.36 aq:37.34 tex:135 mv:119 misc:202 imb:2 pmb:10 smb:1608 d:- ref:0 ;
in:4568 out:4567 type:P dur:2 cpbdur:2 q:38.25 aq:33.58 tex:1553 mv:2710 misc:1153 imb:57 pmb:257 smb:1306 d:s ref:0 ;
in:4567 out:4568 type:b dur:2 cpbdur:2 q:38.36 aq:37.00 tex:16 mv:43 misc:213 imb:0 pmb:14 smb:1606 d:s ref:0 ;
in:4570 out:4569 type:P dur:2 cpbdur:2 q:38.24 aq:31.82 tex:2520 mv:3765 misc:1339 imb:72 pmb:358 smb:1190 d:s ref:0 ;
in:4569 out:4570 type:b dur:2 cpbdur:2 q:38.25 aq:33.82 tex:56 mv:108 misc:236 imb:1 pmb:17 smb:1602 d:t ref:0 ;
in:4572 out:4571 type:P dur:2 cpbdur:2 q:38.26 aq:31.61 tex:4669 mv:5299 misc:1448 imb:124 pmb:495 smb:1001 d:s ref:0 ;
in:4571 out:4572 type:b dur:2 cpbdur:2 q:38.26 aq:38.00 tex:46 mv:150 misc:260 imb:0 pmb:19 smb:1601 d:t ref:0 ;
in:4576 out:4573 type:P dur:2 cpbdur:2 q:38.21 aq:32.03 tex:5393 mv:5841 misc:1510 imb:130 pmb:544 smb:946 d:s ref:0 ;
in:4574 out:4574 type:B dur:2 cpbdur:2 q:38.26 aq:34.75 tex:240 mv:257 misc:319 imb:10 pmb:25 smb:1585 d:t ref:0 ;
in:4573 out:4575 type:b dur:2 cpbdur:2 q:38.26 aq:39.00 tex:3 mv:26 misc:211 imb:0 pmb:12 smb:1608 d:s ref:0 ;
in:4575 out:4576 type:b dur:2 cpbdur:2 q:38.25 aq:36.61 tex:80 mv:103 misc:249 imb:1 pmb:18 smb:1601 d:- ref:0 ;
in:4578 out:4577 type:P dur:2 cpbdur:2 q:38.19 aq:31.69 tex:4138 mv:5093 misc:1521 imb:78 pmb:533 smb:1009 d:s ref:0 ;
in:4577 out:4578 type:b dur:2 cpbdur:2 q:38.21 aq:38.00 tex:0 mv:9 misc:175 imb:0 pmb:4 smb:1616 d:s ref:0 ;
in:4582 out:4579 type:P dur:2 cpbdur:2 q:38.20 aq:30.73 tex:7462 mv:8035 misc:1583 imb:157 pmb:702 smb:761 d:s ref:0 ;
in:4580 out:4580 type:B dur:2 cpbdur:2 q:38.20 aq:36.84 tex:40 mv:141 misc:283 imb:1 pmb:17 smb:1602 d:t ref:0 ;
in:4579 out:4581 type:b dur:2 cpbdur:2 q:38.20 aq:38.00 tex:1 mv:6 misc:169 imb:0 pmb:2 smb:1618 d:s ref:0 ;
in:4581 out:4582 type:b dur:2 cpbdur:2 q:38.20 aq:37.10 tex:75 mv:53 misc:184 imb:2 pmb:4 smb:1614 d:- ref:0 ;
in:4586 out:4583 type:P dur:2 cpbdur:2 q:38.16 aq:31.16 tex:5442 mv:5706 misc:1596 imb:120 pmb:550 smb:950 d:s ref:0 ;
in:4584 out:4584 type:B dur:2 cpbdur:2 q:38.20 aq:37.35 tex:38 mv:107 misc:215 imb:0 pmb:10 smb:1610 d:s ref:0 ;
in:4583 out:4585 type:b dur:2 cpbdur:2 q:38.20 aq:37.00 tex:0 mv:5 misc:171 imb:0 pmb:2 smb:1618 d:s ref:0 ;
in:4585 out:4586 type:b dur:2 cpbdur:2 q:38.20 aq:35.23 tex:63 mv:68 misc:181 imb:3 pmb:3 smb:1614 d:- ref:0 ;
in:4590 out:4587 type:P dur:2 cpbdur:2 q:38.12 aq:31.46 tex:7204 mv:6584 misc:1532 imb:158 pmb:593 smb:869 d:s ref:0 ;
in:4588 out:4588 type:B dur:2 cpbdur:2 q:38.16 aq:32.43 tex:199 mv:344 misc:377 imb:3 pmb:40 smb:1577 d:t ref:0 ;
in:4587 out:4589 type:b dur:2 cpbdur:2 q:38.16 aq:38.00 tex:1 mv:4 misc:171 imb:0 pmb:2 smb:1618 d:s ref:0 ;
in:4589 out:4590 type:b dur:2 cpbdur:2 q:38.16 aq:37.00 tex:15 mv:21 misc:180 imb:0 pmb:3 smb:1617 d:- ref:0 ;
in:4593 out:4591 type:P dur:2 cpbdur:2 q:38.10 aq:30.86 tex:6536 mv:6360 misc:1576 imb:111 pmb:628 smb:881 d:s ref:0 ;
in:4591 out:4592 type:B dur:2 cpbdur:2 q:38.12 aq:35.27 tex:113 mv:101 misc:242 imb:1 pmb:10 smb:1609 d:s ref:0 ;
in:4592 out:4593 type:b dur:2 cpbdur:2 q:38.12 aq:35.43 tex:34 mv:76 misc:178 imb:2 pmb:3 smb:1615 d:- ref:0 ;
in:4597 out:4594 type:P dur:2 cpbdur:2 q:38.10 aq:30.87 tex:7760 mv:7028 misc:1572 imb:151 pmb:681 smb:788 d:s ref:0 w:0,1,1 ;
in:4595 out:4595 type:B dur:2 cpbdur:2 q:38.10 aq:37.99 tex:72 mv:251 misc:317 imb:0 pmb:28 smb:1592 d:t ref:0 ;
in:4594 out:4596 type:b dur:2 cpbdur:2 q:38.10 aq:35.00 tex:1 mv:16 misc:175 imb:0 pmb:3 smb:1617 d:s ref:0 ;
in:4596 out:4597 type:b dur:2 cpbdur:2 q:38.10 aq:37.40 tex:73 mv:116 misc:219 imb:2 pmb:10 smb:1608 d:- ref:0 ;
in:4601 out:4598 type:P dur:2 cpbdur:2 q:38.06 aq:31.40 tex:6633 mv:6311 misc:1648 imb:120 pmb:617 smb:883 d:s ref:0 w:0,1,1 ;
in:4599 out:4599 type:B dur:2 cpbdur:2 q:38.10 aq:34.53 tex:219 mv:420 misc:377 imb:6 pmb:32 smb:1582 d:t ref:0 ;
in:4598 out:4600 type:b dur:2 cpbdur:2 q:38.10 aq:36.00 tex:0 mv:28 misc:172 imb:0 pmb:5 smb:1615 d:s ref:0 ;
in:4600 out:4601 type:b dur:2 cpbdur:2 q:38.10 aq:36.92 tex:225 mv:227 misc:244 imb:6 pmb:20 smb:1594 d:- ref:0 ;
in:4605 out:4602 type:P dur:2 cpbdur:2 q:38.03 aq:31.50 tex:7202 mv:6866 misc:1516 imb:132 pmb:650 smb:838 d:s ref:0 ;
in:4603 out:4603 type:B dur:2 cpbdur:2 q:38.06 aq:34.38 tex:268 mv:598 misc:462 imb:6 pmb:57 smb:1557 d:t ref:0 ;
in:4602 out:4604 type:b dur:2 cpbdur:2 q:38.06 aq:34.00 tex:2 mv:14 misc:200 imb:0 pmb:7 smb:1613 d:s ref:0 ;
in:4604 out:4605 type:b dur:2 cpbdur:2 q:38.06 aq:34.94 tex:73 mv:86 misc:217 imb:3 pmb:9 smb:1608 d:- ref:0 ;
in:4609 out:4606 type:P dur:2 cpbdur:2 q:38.01 aq:31.32 tex:7415 mv:6630 misc:1515 imb:168 pmb:614 smb:838 d:s ref:0 ;
in:4607 out:4607 type:B dur:2 cpbdur:2 q:38.03 aq:36.30 tex:167 mv:367 misc:418 imb:4 pmb:51 smb:1565 d:t ref:0 ;
in:4606 out:4608 type:b dur:2 cpbdur:2 q:38.03 aq:34.75 tex:121 mv:164 misc:267 imb:5 pmb:16 smb:1599 d:s ref:0 ;
in:4608 out:4609 type:b dur:2 cpbdur:2 q:38.03 aq:30.00 tex:5 mv:33 misc:178 imb:2 pmb:3 smb:1615 d:- ref:0 ;
in:4612 out:4610 type:P dur:2 cpbdur:2 q:37.99 aq:31.14 tex:9184 mv:7560 misc:1552 imb:162 pmb:734 smb:724 d:s ref:0 ;
in:4610 out:4611 type:B dur:2 cpbdur:2 q:38.01 aq:35.93 tex:135 mv:226 misc:311 imb:1 pmb:26 smb:1593 d:t ref:0 ;
in:4611 out:4612 type:b dur:2 cpbdur:2 q:38.01 aq:34.00 tex:1 mv:23 misc:176 imb:0 pmb:3 smb:1617 d:- ref:0 ;
in:4616 out:4613 type:P dur:2 cpbdur:2 q:38.01 aq:31.52 tex:6702 mv:5916 misc:1566 imb:130 pmb:597 smb:893 d:s ref:0 ;
in:4614 out:4614 type:B dur:2 cpbdur:2 q:38.01 aq:34.56 tex:177 mv:354 misc:357 imb:3 pmb:33 smb:1584 d:t ref:0 ;
in:4613 out:4615 type:b dur:2 cpbdur:2 q:38.01 aq:35.00 tex:0 mv:3 misc:165 imb:0 pmb:1 smb:1619 d:s ref:0 ;
in:4615 out:4616 type:b dur:2 cpbdur:2 q:38.01 aq:36.10 tex:59 mv:51 misc:218 imb:1 pmb:9 smb:1610 d:- ref:0 ;
in:4620 out:4617 type:P dur:2 cpbdur:2 q:37.96 aq:31.14 tex:8923 mv:7581 misc:1544 imb:147 pmb:718 smb:755 d:s ref:0 ;
in:4618 out:4618 type:B dur:2 cpbdur:2 q:38.01 aq:36.70 tex:432 mv:590 misc:474 imb:5 pmb:63 smb:1552 d:t ref:0 ;
in:4617 out:4619 type:b dur:2 cpbdur:2 q:38.01 aq:35.00 tex:2 mv:18 misc:188 imb:0 pmb:5 smb:1615 d:s ref:0 ;
in:4619 out:4620 type:b dur:2 cpbdur:2 q:38.01 aq:33.23 tex:50 mv:33 misc:181 imb:1 pmb:3 smb:1616 d:- ref:0 ;
in:4622 out:4621 type:P dur:2 cpbdur:2 q:37.95 aq:30.96 tex:6838 mv:5430 misc:1548 imb:85 pmb:581 smb:954 d:s ref:0 ;
in:4621 out:4622 type:b dur:2 cpbdur:2 q:37.96 aq:38.25 tex:95 mv:64 misc:185 imb:4 pmb:3 smb:1613 d:s ref:0 ;
in:4626 out:4623 type:P dur:2 cpbdur:2 q:37.96 aq:30.94 tex:8703 mv:6987 misc:1518 imb:127 pmb:671 smb:822 d:s ref:0 ;
in:4624 out:4624 type:B dur:2 cpbdur:2 q:37.96 aq:34.16 tex:397 mv:657 misc:562 imb:4 pmb:80 smb:1536 d:t ref:0 ;
in:4623 out:4625 type:b dur:2 cpbdur:2 q:37.96 aq:36.00 tex:1 mv:11 misc:180 imb:0 pmb:4 smb:1616 d:s ref:0 ;
in:4625 out:4626 type:b dur:2 cpbdur:2 q:37.96 aq:33.00 tex:0 mv:3 misc:149 imb:0 pmb:1 smb:1619 d:- ref:0 ;
in:4630 out:4627 type:P dur:2 cpbdur:2 q:37.95 aq:31.55 tex:6859 mv:5939 misc:1530 imb:107 pmb:586 smb:927 d:s ref:0 ;
in:4628 out:4628 type:B dur:2 cpbdur:2 q:37.96 aq:34.85 tex:252 mv:305 misc:379 imb:2 pmb:36 smb:1582 d:t ref:0 ;
in:4627 out:4629 type:b dur:2 cpbdur:2 q:37.96 aq:35.00 tex:0 mv:0 misc:152 imb:0 pmb:0 smb:1620 d:s ref:0 ;
in:4629 out:4630 type:b dur:2 cpbdur:2 q:37.96 aq:34.00 tex:9 mv:77 misc:186 imb:1 pmb:4 smb:1615 d:- ref:0 ;
in:4632 out:4631 type:P dur:2 cpbdur:2 q:37.92 aq:31.28 tex:5697 mv:5189 misc:1578 imb:119 pmb:520 smb:981 d:s ref:0 ;
in:4631 out:4632 type:b dur:2 cpbdur:2 q:37.95 aq:34.00 tex:18 mv:181 misc:289 imb:1 pmb:21 smb:1598 d:t ref:0 ;
in:4636 out:4633 type:P dur:2 cpbdur:2 q:37.95 aq:32.23 tex:5544 mv:5293 misc:1483 imb:99 pmb:525 smb:996 d:s ref:0 ;
in:4634 out:4634 type:B dur:2 cpbdur:2 q:37.95 aq:33.93 tex:151 mv:295 misc:322 imb:3 pmb:27 smb:1590 d:s ref:0 ;
in:4633 out:4635 type:b dur:2 cpbdur:2 q:37.95 aq:32.97 tex:18 mv:20 misc:186 imb:0 pmb:4 smb:1616 d:s ref:0 ;
in:4635 out:4636 type:b dur:2 cpbdur:2 q:37.95 aq:36.40 tex:71 mv:200 misc:281 imb:1 pmb:23 smb:1596 d:- ref:0 ;
in:4638 out:4637 type:P dur:2 cpbdur:2 q:37.88 aq:31.36 tex:9622 mv:7166 misc:1428 imb:215 pmb:638 smb:767 d:s ref:0 ;
in:4637 out:4638 type:b dur:2 cpbdur:2 q:37.95 aq:35.71 tex:101 mv:91 misc:216 imb:3 pmb:11 smb:1606 d:s ref:0 ;
in:4642 out:4639 type:P dur:2 cpbdur:2 q:37.91 aq:31.87 tex:6439 mv:6520 misc:1489 imb:230 pmb:505 smb:885 d:s ref:0 ;
in:4640 out:4640 type:B dur:2 cpbdur:2 q:37.91 aq:36.01 tex:250 mv:473 misc:493 imb:4 pmb:66 smb:1550 d:t ref:0 ;
in:4639 out:4641 type:b dur:2 cpbdur:2 q:37.91 aq:33.00 tex:3 mv:32 misc:181 imb:0 pmb:6 smb:1614 d:s ref:0 ;
in:4641 out:4642 type:b dur:2 cpbdur:2 q:37.91 aq:35.19 tex:37 mv:88 misc:195 imb:1 pmb:8 smb:1611 d:- ref:0 ;
in:4646 out:4643 type:P dur:2 cpbdur:2 q:37.88 aq:31.66 tex:8929 mv:7903 misc:1424 imb:319 pmb:590 smb:711 d:s ref:0 ;
in:4644 out:4644 type:B dur:2 cpbdur:2 q:37.91 aq:35.26 tex:233 mv:265 misc:382 imb:1 pmb:38 smb:1581 d:s ref:0 ;
in:4643 out:4645 type:b dur:2 cpbdur:2 q:37.91 aq:35.00 tex:3 mv:26 misc:211 imb:0 pmb:9 smb:1611 d:s ref:0 ;
in:4645 out:4646 type:b dur:2 cpbdur:2 q:37.91 aq:32.59 tex:95 mv:156 misc:221 imb:6 pmb:8 smb:1606 d:- ref:0 ;
in:4650 out:4647 type:P dur:2 cpbdur:2 q:37.87 aq:32.68 tex:9014 mv:7217 misc:1409 imb:318 pmb:553 smb:749 d:s ref:0 ;
in:4648 out:4648 type:B dur:2 cpbdur:2 q:37.88 aq:32.80 tex:918 mv:1061 misc:669 imb:16 pmb:110 smb:1494 d:s ref:0 ;
in:4647 out:4649 type:b dur:2 cpbdur:2 q:37.88 aq:35.00 tex:22 mv:90 misc:320 imb:0 pmb:28 smb:1592 d:s ref:0 ;
in:4649 out:4650 type:b dur:2 cpbdur:2 q:37.88 aq:35.71 tex:125 mv:70 misc:221 imb:4 pmb:7 smb:1609 d:- ref:0 ;
in:4652 out:4651 type:P dur:2 cpbdur:2 q:37.86 aq:32.29 tex:8479 mv:6488 misc:1425 imb:286 pmb:513 smb:821 d:s ref:0 ;
in:4651 out:4652 type:b dur:2 cpbdur:2 q:37.87 aq:35.00 tex:33 mv:69 misc:202 imb:0 pmb:9 smb:1611 d:s ref:0 ;
in:4656 out:4653 type:P dur:2 cpbdur:2 q:37.87 aq:32.48 tex:15125 mv:9025 misc:1298 imb:467 pmb:600 smb:553 d:s ref:0 ;
in:4654 out:4654 type:B dur:2 cpbdur:2 q:37.87 aq:33.35 tex:598 mv:918 misc:684 imb:11 pmb:106 smb:1503 d:s ref:0 ;
in:4653 out:4655 type:b dur:2 cpbdur:2 q:37.87 aq:26.59 tex:45 mv:120 misc:371 imb:2 pmb:38 smb:1580 d:s ref:0 ;
in:4655 out:4656 type:b dur:2 cpbdur:2 q:37.87 aq:34.00 tex:20 mv:54 misc:206 imb:0 pmb:7 smb:1613 d:- ref:0 ;
in:4660 out:4657 type:P dur:2 cpbdur:2 q:37.90 aq:31.95 tex:15758 mv:8890 misc:1384 imb:420 pmb:628 smb:572 d:s ref:0 w:6,59,3,5,29,12,32,0 ;
in:4658 out:4658 type:B dur:2 cpbdur:2 q:37.90 aq:34.20 tex:868 mv:835 misc:657 imb:6 pmb:115 smb:1499 d:s ref:0 ;
in:4657 out:4659 type:b dur:2 cpbdur:2 q:37.90 aq:35.53 tex:77 mv:78 misc:301 imb:1 pmb:26 smb:1593 d:s ref:0 ;
in:4659 out:4660 type:b dur:2 cpbdur:2 q:37.90 aq:34.34 tex:92 mv:71 misc:269 imb:0 pmb:21 smb:1599 d:- ref:0 ;
in:4662 out:4661 type:P dur:2 cpbdur:2 q:37.94 aq:31.92 tex:15555 mv:7549 misc:1400 imb:359 pmb:568 smb:693 d:s ref:0 ;
in:4661 out:4662 type:b dur:2 cpbdur:2 q:37.94 aq:33.00 tex:3 mv:32 misc:197 imb:0 pmb:7 smb:1613 d:s ref:0 ;
in:4665 out:4663 type:P dur:2 cpbdur:2 q:37.97 aq:32.27 tex:12298 mv:6190 misc:1448 imb:259 pmb:552 smb:809 d:s ref:0 ;
in:4663 out:4664 type:B dur:2 cpbdur:2 q:37.97 aq:34.83 tex:28 mv:60 misc:248 imb:1 pmb:12 smb:1607 d:s ref:0 ;
in:4664 out:4665 type:b dur:2 cpbdur:2 q:37.97 aq:34.00 tex:0 mv:0 misc:152 imb:0 pmb:0 smb:1620 d:- ref:0 ;
in:4667 out:4666 type:P dur:2 cpbdur:2 q:38.01 aq:32.23 tex:16105 mv:7360 misc:1455 imb:345 pmb:599 smb:676 d:s ref:0 ;
in:4666 out:4667 type:b dur:2 cpbdur:2 q:38.01 aq:35.63 tex:30 mv:24 misc:202 imb:1 pmb:5 smb:1614 d:s ref:0 ;
in:4668 out:4668 type:P dur:2 cpbdur:2 q:38.02 aq:31.54 tex:11490 mv:6404 misc:1490 imb:242 pmb:572 smb:806 d:s ref:0 ;
in:4669 out:4669 type:P dur:2 cpbdur:2 q:38.08 aq:31.77 tex:2388 mv:443 misc:665 imb:10 pmb:101 smb:1509 d:s ref:0 ;
in:4672 out:4670 type:P dur:2 cpbdur:2 q:38.06 aq:31.75 tex:23281 mv:8776 misc:1367 imb:479 pmb:621 smb:520 d:s ref:0 ;
in:4670 out:4671 type:B dur:2 cpbdur:2 q:38.08 aq:34.09 tex:44 mv:96 misc:316 imb:0 pmb:25 smb:1595 d:s ref:0 ;
in:4671 out:4672 type:b dur:2 cpbdur:2 q:38.08 aq:36.00 tex:32 mv:28 misc:188 imb:0 pmb:5 smb:1615 d:- ref:0 ;
in:4673 out:4673 type:P dur:2 cpbdur:2 q:38.18 aq:31.46 tex:3614 mv:650 misc:824 imb:9 pmb:159 smb:1452 d:s ref:0 ;
in:4675 out:4674 type:P dur:2 cpbdur:2 q:38.15 aq:31.93 tex:20388 mv:6565 misc:1359 imb:288 pmb:612 smb:720 d:s ref:0 ;
in:4674 out:4675 type:b dur:2 cpbdur:2 q:38.18 aq:28.64 tex:77 mv:48 misc:211 imb:1 pmb:7 smb:1612 d:s ref:0 ;
in:4677 out:4676 type:P dur:2 cpbdur:2 q:38.24 aq:30.96 tex:21512 mv:7590 misc:1410 imb:459 pmb:577 smb:584 d:s ref:0 ;
in:4676 out:4677 type:b dur:2 cpbdur:2 q:38.24 aq:26.23 tex:79 mv:51 misc:230 imb:1 pmb:11 smb:1608 d:s ref:0 ;
in:4678 out:4678 type:P dur:2 cpbdur:2 q:38.27 aq:31.42 tex:1952 mv:364 misc:652 imb:7 pmb:92 smb:1521 d:s ref:0 ;
in:4682 out:4679 type:P dur:2 cpbdur:2 q:38.27 aq:31.52 tex:30723 mv:8633 misc:1124 imb:544 pmb:652 smb:424 d:s ref:0 ;
in:4680 out:4680 type:B dur:2 cpbdur:2 q:38.27 aq:33.53 tex:87 mv:261 misc:380 imb:2 pmb:35 smb:1583 d:s ref:0 ;
in:4679 out:4681 type:b dur:2 cpbdur:2 q:38.27 aq:36.32 tex:40 mv:33 misc:207 imb:1 pmb:6 smb:1613 d:s ref:0 ;
in:4681 out:4682 type:b dur:2 cpbdur:2 q:38.27 aq:35.00 tex:4 mv:101 misc:223 imb:1 pmb:9 smb:1610 d:- ref:0 ;
in:4683 out:4683 type:P dur:2 cpbdur:2 q:38.36 aq:31.06 tex:10094 mv:4136 misc:1490 imb:220 pmb:411 smb:989 d:s ref:0 ;
in:4684 out:4684 type:P dur:2 cpbdur:2 q:38.40 aq:31.51 tex:3727 mv:530 misc:815 imb:6 pmb:160 smb:1454 d:s ref:0 ;
in:4687 out:4685 type:P dur:2 cpbdur:2 q:38.37 aq:30.51 tex:29801 mv:7949 misc:1186 imb:502 pmb:624 smb:494 d:s ref:0 ;
in:4685 out:4686 type:B dur:2 cpbdur:2 q:38.40 aq:33.48 tex:47 mv:100 misc:325 imb:1 pmb:25 smb:1594 d:s ref:0 ;
in:4686 out:4687 type:b dur:2 cpbdur:2 q:38.40 aq:25.26 tex:39 mv:43 misc:198 imb:1 pmb:5 smb:1614 d:- ref:0 ;
in:4688 out:4688 type:P dur:2 cpbdur:2 q:38.50 aq:30.84 tex:5337 mv:671 misc:888 imb:9 pmb:205 smb:1406 d:s ref:0 ;
in:4690 out:4689 type:P dur:2 cpbdur:2 q:38.48 aq:30.77 tex:28083 mv:6426 misc:1291 imb:316 pmb:679 smb:625 d:s ref:0 ;
in:4689 out:4690 type:b dur:2 cpbdur:2 q:38.50 aq:34.17 tex:121 mv:144 misc:239 imb:2 pmb:14 smb:1604 d:s ref:0 ;
in:4692 out:4691 type:P dur:2 cpbdur:2 q:38.62 aq:29.30 tex:24442 mv:6595 misc:1323 imb:475 pmb:527 smb:618 d:s ref:0 ;
in:4691 out:4692 type:b dur:2 cpbdur:2 q:38.61 aq:25.65 tex:57 mv:87 misc:224 imb:1 pmb:12 smb:1607 d:s ref:0 ;
in:4693 out:4693 type:P dur:2 cpbdur:2 q:38.63 aq:30.33 tex:2937 mv:405 misc:850 imb:10 pmb:138 smb:1472 d:s ref:0 ;
in:4695 out:4694 type:P dur:2 cpbdur:2 q:38.64 aq:29.69 tex:15927 mv:3999 misc:1362 imb:197 pmb:465 smb:958 d:s ref:0 ;
in:4694 out:4695 type:b dur:2 cpbdur:2 q:38.64 aq:34.00 tex:0 mv:3 misc:157 imb:0 pmb:1 smb:1619 d:s ref:0 ;
in:4696 out:4696 type:P dur:2 cpbdur:2 q:38.66 aq:29.53 tex:12074 mv:3143 misc:1399 imb:127 pmb:417 smb:1076 d:s ref:0 ;
in:4698 out:4697 type:P dur:2 cpbdur:2 q:38.71 aq:29.13 tex:18036 mv:4532 misc:1368 imb:246 pmb:503 smb:871 d:s ref:0 ;
in:4697 out:4698 type:b dur:2 cpbdur:2 q:38.71 aq:38.64 tex:142 mv:85 misc:245 imb:1 pmb:14 smb:1605 d:s ref:0 ;
in:4699 out:4699 type:P dur:2 cpbdur:2 q:38.76 aq:30.65 tex:3713 mv:437 misc:818 imb:3 pmb:166 smb:1451 d:s ref:0 ;
in:4700 out:4700 type:P dur:2 cpbdur:2 q:38.76 aq:28.74 tex:7555 mv:1743 misc:1086 imb:55 pmb:251 smb:1314 d:s ref:0 ;
in:4701 out:4701 type:P dur:2 cpbdur:2 q:38.75 aq:29.40 tex:7446 mv:1435 misc:1023 imb:40 pmb:252 smb:1328 d:s ref:0 ;
in:4703 out:4702 type:P dur:2 cpbdur:2 q:38.78 aq:29.48 tex:6709 mv:1878 misc:1285 imb:64 pmb:306 smb:1250 d:s ref:0 ;
in:4702 out:4703 type:b dur:2 cpbdur:2 q:38.78 aq:30.00 tex:4 mv:25 misc:187 imb:0 pmb:8 smb:1612 d:s ref:0 ;
in:4707 out:4704 type:P dur:2 cpbdur:2 q:38.78 aq:29.12 tex:10323 mv:3081 misc:1436 imb:66 pmb:518 smb:1036 d:s ref:0 ;
in:4705 out:4705 type:B dur:2 cpbdur:2 q:38.78 aq:29.33 tex:71 mv:43 misc:214 imb:1 pmb:10 smb:1609 d:s ref:0 ;
in:4704 out:4706 type:b dur:2 cpbdur:2 q:38.78 aq:26.90 tex:25 mv:23 misc:176 imb:0 pmb:6 smb:1614 d:s ref:0 ;
in:4706 out:4707 type:b dur:2 cpbdur:2 q:38.78 aq:30.00 tex:1 mv:3 misc:156 imb:0 pmb:1 smb:1619 d:- ref:0 ;
in:4711 out:4708 type:P dur:2 cpbdur:2 q:38.75 aq:29.90 tex:7092 mv:2155 misc:1353 imb:29 pmb:429 smb:1162 d:s ref:0 ;
in:4709 out:4709 type:B dur:2 cpbdur:2 q:38.78 aq:28.00 tex:0 mv:0 misc:160 imb:0 pmb:0 smb:1620 d:s ref:0 ;
in:4708 out:4710 type:b dur:2 cpbdur:2 q:38.78 aq:30.00 tex:0 mv:0 misc:144 imb:0 pmb:0 smb:1620 d:s ref:0 ;
in:4710 out:4711 type:b dur:2 cpbdur:2 q:38.78 aq:30.00 tex:0 mv:0 misc:144 imb:0 pmb:0 smb:1620 d:- ref:0 ;
in:4715 out:4712 type:P dur:2 cpbdur:2 q:38.70 aq:30.63 tex:8017 mv:1983 misc:1288 imb:17 pmb:429 smb:1174 d:s ref:0 ;
in:4713 out:4713 type:B dur:2 cpbdur:2 q:38.75 aq:29.42 tex:47 mv:28 misc:189 imb:1 pmb:4 smb:1615 d:s ref:0 ;
in:4712 out:4714 type:b dur:2 cpbdur:2 q:38.75 aq:30.00 tex:0 mv:0 misc:144 imb:0 pmb:0 smb:1620 d:s ref:0 ;
in:4714 out:4715 type:b dur:2 cpbdur:2 q:38.75 aq:30.00 tex:2 mv:9 misc:165 imb:0 pmb:3 smb:1617 d:- ref:0 ;
in:4717 out:4716 type:P dur:2 cpbdur:2 q:38.66 aq:31.06 tex:6077 mv:1643 misc:1168 imb:15 pmb:326 smb:1279 d:s ref:0 ;
in:4716 out:4717 type:b dur:2 cpbdur:2 q:38.70 aq:30.00 tex:3 mv:8 misc:165 imb:0 pmb:3 smb:1617 d:s ref:0 ;
in:4719 out:4718 type:P dur:2 cpbdur:2 q:38.65 aq:30.23 tex:4570 mv:1146 misc:1068 imb:11 pmb:240 smb:1369 d:s ref:0 ;
in:4718 out:4719 type:b dur:2 cpbdur:2 q:38.66 aq:24.76 tex:18 mv:26 misc:156 imb:2 pmb:1 smb:1617 d:s ref:0 ;
in:4720 out:4720 type:P dur:2 cpbdur:2 q:38.62 aq:30.61 tex:3090 mv:975 misc:935 imb:17 pmb:183 smb:1420 d:s ref:0 ;
in:4721 out:4721 type:P dur:2 cpbdur:2 q:38.62 aq:30.23 tex:4139 mv:1099 misc:1010 imb:21 pmb:207 smb:1392 d:s ref:0 ;
in:4723 out:4722 type:P dur:2 cpbdur:2 q:38.63 aq:28.96 tex:5500 mv:1634 misc:1202 imb:45 pmb:266 smb:1309 d:s ref:0 ;
in:4722 out:4723 type:b dur:2 cpbdur:2 q:38.63 aq:26.59 tex:13 mv:32 misc:179 imb:1 pmb:6 smb:1613 d:s ref:0 ;
in:4727 out:4724 type:P dur:2 cpbdur:2 q:38.62 aq:28.60 tex:11020 mv:3378 misc:1546 imb:80 pmb:512 smb:1028 d:s ref:0 ;
in:4725 out:4725 type:B dur:2 cpbdur:2 q:38.63 aq:24.73 tex:227 mv:212 misc:313 imb:4 pmb:23 smb:1593 d:s ref:0 ;
in:4724 out:4726 type:b dur:2 cpbdur:2 q:38.63 aq:33.84 tex:48 mv:44 misc:180 imb:2 pmb:4 smb:1614 d:s ref:0 ;
in:4726 out:4727 type:b dur:2 cpbdur:2 q:38.63 aq:33.04 tex:162 mv:91 misc:235 imb:6 pmb:9 smb:1605 d:- ref:0 ;
in:4731 out:4728 type:P dur:2 cpbdur:2 q:38.61 aq:29.49 tex:10161 mv:2938 misc:1453 imb:46 pmb:527 smb:1047 d:s ref:0 ;
in:4729 out:4729 type:B dur:2 cpbdur:2 q:38.62 aq:29.29 tex:374 mv:243 misc:343 imb:15 pmb:24 smb:1581 d:s ref:0 ;
in:4728 out:4730 type:b dur:2 cpbdur:2 q:38.62 aq:24.45 tex:18 mv:47 misc:183 imb:1 pmb:9 smb:1610 d:s ref:0 ;
in:4730 out:4731 type:b dur:2 cpbdur:2 q:38.62 aq:29.00 tex:5 mv:56 misc:195 imb:1 pmb:10 smb:1609 d:- ref:0 ;
in:4734 out:4732 type:P dur:2 cpbdur:2 q:38.58 aq:28.44 tex:6882 mv:2117 misc:1401 imb:40 pmb:369 smb:1211 d:s ref:0 ;
in:4732 out:4733 type:B dur:2 cpbdur:2 q:38.61 aq:32.38 tex:186 mv:92 misc:258 imb:2 pmb:18 smb:1600 d:s ref:0 ;
in:4733 out:4734 type:b dur:2 cpbdur:2 q:38.61 aq:29.00 tex:0 mv:0 misc:144 imb:0 pmb:0 smb:1620 d:- ref:0 ;
in:4736 out:4735 type:P dur:2 cpbdur:2 q:38.56 aq:28.45 tex:5825 mv:1514 misc:1181 imb:20 pmb:309 smb:1291 d:s ref:0 ;
in:4735 out:4736 type:b dur:2 cpbdur:2 q:38.58 aq:29.00 tex:0 mv:0 misc:144 imb:0 pmb:0 smb:1620 d:s ref:0 ;
in:4737 out:4737 type:P dur:2 cpbdur:2 q:38.53 aq:29.57 tex:4672 mv:1073 misc:1031 imb:12 pmb:229 smb:1379 d:s ref:0 ;
in:4739 out:4738 type:P dur:2 cpbdur:2 q:38.53 aq:30.27 tex:3373 mv:799 misc:868 imb:7 pmb:167 smb:1446 d:s ref:0 ;
in:4738 out:4739 type:b dur:2 cpbdur:2 q:38.53 aq:29.00 tex:0 mv:0 misc:144 imb:0 pmb:0 smb:1620 d:s ref:0 ;
in:4741 out:4740 type:P dur:2 cpbdur:2 q:38.51 aq:29.70 tex:5369 mv:2140 misc:1363 imb:7 pmb:407 smb:1206 d:s ref:0 ;
in:4740 out:4741 type:b dur:2 cpbdur:2 q:38.53 aq:35.87 tex:98 mv:32 misc:166 imb:0 pmb:5 smb:1615 d:s ref:0 ;
in:4745 out:4742 type:P dur:2 cpbdur:2 q:38.52 aq:28.01 tex:5123 mv:2338 misc:1379 imb:49 pmb:373 smb:1198 d:s ref:0 ;
in:4743 out:4743 type:B dur:2 cpbdur:2 q:38.52 aq:34.80 tex:137 mv:50 misc:197 imb:1 pmb:5 smb:1614 d:s ref:0 ;
in:4742 out:4744 type:b dur:2 cpbdur:2 q:38.52 aq:34.92 tex:100 mv:54 misc:166 imb:5 pmb:1 smb:1614 d:s ref:0 ;
in:4744 out:4745 type:b dur:2 cpbdur:2 q:38.52 aq:29.00 tex:2 mv:10 misc:164 imb:0 pmb:3 smb:1617 d:- ref:0 ;
in:4747 out:4746 type:P dur:2 cpbdur:2 q:38.46 aq:28.42 tex:5122 mv:2050 misc:1332 imb:49 pmb:373 smb:1198 d:s ref:0 ;
in:4746 out:4747 type:b dur:2 cpbdur:2 q:38.52 aq:23.17 tex:40 mv:74 misc:206 imb:4 pmb:8 smb:1608 d:s ref:0 ;
in:4751 out:4748 type:P dur:2 cpbdur:2 q:38.44 aq:29.38 tex:5799 mv:2409 misc:1416 imb:49 pmb:392 smb:1179 d:s ref:0 ;
in:4749 out:4749 type:B dur:2 cpbdur:2 q:38.46 aq:24.63 tex:127 mv:112 misc:249 imb:2 pmb:18 smb:1600 d:t ref:0 ;
in:4748 out:4750 type:b dur:2 cpbdur:2 q:38.46 aq:29.00 tex:1 mv:6 misc:161 imb:0 pmb:2 smb:1618 d:s ref:0 ;
in:4750 out:4751 type:b dur:2 cpbdur:2 q:38.46 aq:23.59 tex:64 mv:29 misc:179 imb:1 pmb:4 smb:1615 d:- ref:0 ;
in:4755 out:4752 type:P dur:2 cpbdur:2 q:38.40 aq:29.09 tex:4550 mv:2536 misc:1474 imb:27 pmb:437 smb:1156 d:s ref:0 ;
in:4753 out:4753 type:B dur:2 cpbdur:2 q:38.44 aq:27.71 tex:88 mv:43 misc:205 imb:3 pmb:2 smb:1615 d:s ref:0 ;
in:4752 out:4754 type:b dur:2 cpbdur:2 q:38.44 aq:23.14 tex:37 mv:22 misc:173 imb:1 pmb:2 smb:1617 d:s ref:0 ;
in:4754 out:4755 type:b dur:2 cpbdur:2 q:38.44 aq:23.17 tex:31 mv:8 misc:161 imb:0 pmb:2 smb:1618 d:- ref:0 ;
in:4756 out:4756 type:P dur:2 cpbdur:2 q:38.35 aq:29.18 tex:2877 mv:1562 misc:1209 imb:13 pmb:307 smb:1300 d:s ref:0 ;
in:4758 out:4757 type:P dur:2 cpbdur:2 q:38.35 aq:29.87 tex:4024 mv:1793 misc:1255 imb:13 pmb:344 smb:1263 d:s ref:0 ;
in:4757 out:4758 type:b dur:2 cpbdur:2 q:38.35 aq:27.40 tex:114 mv:113 misc:197 imb:9 pmb:4 smb:1607 d:s ref:0 ;
in:4762 out:4759 type:P dur:2 cpbdur:2 q:38.33 aq:29.95 tex:3539 mv:1706 misc:1243 imb:16 pmb:322 smb:1282 d:s ref:0 ;
in:4760 out:4760 type:B dur:2 cpbdur:2 q:38.35 aq:35.76 tex:87 mv:24 misc:185 imb:1 pmb:3 smb:1616 d:s ref:0 ;
in:4759 out:4761 type:b dur:2 cpbdur:2 q:38.35 aq:29.00 tex:2 mv:3 misc:155 imb:0 pmb:1 smb:1619 d:s ref:0 ;
in:4761 out:4762 type:b dur:2 cpbdur:2 q:38.34 aq:23.34 tex:26 mv:22 misc:168 imb:1 pmb:3 smb:1616 d:- ref:0 ;
in:4766 out:4763 type:P dur:2 cpbdur:2 q:38.26 aq:28.61 tex:8636 mv:3633 misc:1611 imb:72 pmb:560 smb:988 d:s ref:0 ;
in:4764 out:4764 type:B dur:2 cpbdur:2 q:38.33 aq:22.92 tex:107 mv:72 misc:237 imb:3 pmb:9 smb:1608 d:s ref:0 ;
in:4763 out:4765 type:b dur:2 cpbdur:2 q:38.33 aq:29.00 tex:1 mv:4 misc:155 imb:0 pmb:1 smb:1619 d:s ref:0 ;
in:4765 out:4766 type:b dur:2 cpbdur:2 q:38.33 aq:23.54 tex:41 mv:16 misc:183 imb:0 pmb:5 smb:1615 d:- ref:0 ;
in:4769 out:4767 type:P dur:2 cpbdur:2 q:38.24 aq:27.44 tex:6497 mv:2668 misc:1459 imb:128 pmb:353 smb:1139 d:s ref:0 ;
in:4767 out:4768 type:B dur:2 cpbdur:2 q:38.26 aq:23.59 tex:43 mv:59 misc:226 imb:3 pmb:9 smb:1608 d:s ref:0 ;
in:4768 out:4769 type:b dur:2 cpbdur:2 q:38.26 aq:24.39 tex:20 mv:79 misc:173 imb:2 pmb:4 smb:1614 d:- ref:0 ;
in:4773 out:4770 type:P dur:2 cpbdur:2 q:38.22 aq:28.10 tex:9933 mv:3530 misc:1545 imb:85 pmb:593 smb:942 d:s ref:0 ;
in:4771 out:4771 type:B dur:2 cpbdur:2 q:38.24 aq:25.40 tex:12 mv:50 misc:226 imb:1 pmb:9 smb:1610 d:s ref:0 ;
in:4770 out:4772 type:b dur:2 cpbdur:2 q:38.24 aq:27.79 tex:117 mv:104 misc:195 imb:4 pmb:9 smb:1607 d:s ref:0 ;
in:4772 out:4773 type:b dur:2 cpbdur:2 q:38.24 aq:34.09 tex:33 mv:8 misc:159 imb:0 pmb:2 smb:1618 d:- ref:0 ;
in:4777 out:4774 type:P dur:2 cpbdur:2 q:38.19 aq:29.01 tex:8152 mv:2769 misc:1399 imb:22 pmb:526 smb:1072 d:s ref:0 ;
in:4775 out:4775 type:B dur:2 cpbdur:2 q:38.22 aq:23.96 tex:23 mv:14 misc:187 imb:0 pmb:3 smb:1617 d:s ref:0 ;
in:4774 out:4776 type:b dur:2 cpbdur:2 q:38.22 aq:29.00 tex:0 mv:0 misc:144 imb:0 pmb:0 smb:1620 d:s ref:0 ;
in:4776 out:4777 type:b dur:2 cpbdur:2 q:38.22 aq:26.27 tex:11 mv:11 misc:154 imb:1 pmb:0 smb:1619 d:- ref:0 ;
in:4781 out:4778 type:P dur:2 cpbdur:2 q:38.15 aq:28.69 tex:8960 mv:3401 misc:1543 imb:52 pmb:602 smb:966 d:s ref:0 ;
in:4779 out:4779 type:B dur:2 cpbdur:2 q:38.19 aq:32.76 tex:99 mv:62 misc:183 imb:6 pmb:1 smb:1613 d:s ref:0 ;
in:4778 out:4780 type:b dur:2 cpbdur:2 q:38.19 aq:26.99 tex:24 mv:21 misc:171 imb:0 pmb:7 smb:1613 d:s ref:0 ;
in:4780 out:4781 type:b dur:2 cpbdur:2 q:38.19 aq:27.43 tex:63 mv:62 misc:179 imb:3 pmb:5 smb:1612 d:- ref:0 ;
in:4785 out:4782 type:P dur:2 cpbdur:2 q:38.11 aq:27.49 tex:12962 mv:4597 misc:1689 imb:161 pmb:628 smb:831 d:s ref:0 ;
in:4783 out:4783 type:B dur:2 cpbdur:2 q:38.14 aq:33.08 tex:112 mv:61 misc:259 imb:0 pmb:15 smb:1605 d:s ref:0 ;
in:4782 out:4784 type:b dur:2 cpbdur:2 q:38.15 aq:23.14 tex:48 mv:29 misc:187 imb:1 pmb:5 smb:1614 d:s ref:0 ;
in:4784 out:4785 type:b dur:2 cpbdur:2 q:38.14 aq:24.49 tex:20 mv:5 misc:151 imb:0 pmb:1 smb:1619 d:- ref:0 ;
in:4789 out:4786 type:P dur:2 cpbdur:2 q:38.10 aq:27.98 tex:11127 mv:3685 misc:1620 imb:127 pmb:562 smb:931 d:s ref:0 ;
in:4787 out:4787 type:B dur:2 cpbdur:2 q:38.11 aq:27.00 tex:29 mv:24 misc:195 imb:0 pmb:4 smb:1616 d:s ref:0 ;
in:4786 out:4788 type:b dur:2 cpbdur:2 q:38.11 aq:23.22 tex:18 mv:31 misc:167 imb:1 pmb:2 smb:1617 d:s ref:0 ;
in:4788 out:4789 type:b dur:2 cpbdur:2 q:38.11 aq:30.00 tex:1 mv:3 misc:156 imb:0 pmb:1 smb:1619 d:- ref:0 ;
in:4793 out:4790 type:P dur:2 cpbdur:2 q:38.08 aq:28.94 tex:7791 mv:2577 misc:1448 imb:36 pmb:493 smb:1091 d:s ref:0 ;
in:4791 out:4791 type:B dur:2 cpbdur:2 q:38.10 aq:34.05 tex:65 mv:26 misc:181 imb:2 pmb:1 smb:1617 d:s ref:0 ;
in:4790 out:4792 type:b dur:2 cpbdur:2 q:38.10 aq:30.00 tex:1 mv:6 misc:153 imb:0 pmb:2 smb:1618 d:s ref:0 ;
in:4792 out:4793 type:b dur:2 cpbdur:2 q:38.10 aq:30.00 tex:0 mv:6 misc:154 imb:0 pmb:2 smb:1618 d:- ref:0 ;
in:4797 out:4794 type:P dur:2 cpbdur:2 q:38.03 aq:29.47 tex:6469 mv:2633 misc:1434 imb:20 pmb:508 smb:1092 d:s ref:0 ;
in:4795 out:4795 type:B dur:2 cpbdur:2 q:38.08 aq:31.59 tex:95 mv:18 misc:199 imb:0 pmb:6 smb:1614 d:s ref:0 ;
in:4794 out:4796 type:b dur:2 cpbdur:2 q:38.08 aq:23.21 tex:41 mv:33 misc:182 imb:0 pmb:6 smb:1614 d:s ref:0 ;
in:4796 out:4797 type:b dur:2 cpbdur:2 q:38.08 aq:30.77 tex:72 mv:28 misc:172 imb:0 pmb:4 smb:1616 d:- ref:0 ;
in:4801 out:4798 type:P dur:2 cpbdur:2 q:37.99 aq:29.08 tex:6578 mv:2532 misc:1426 imb:53 pmb:451 smb:1116 d:s ref:0 ;
in:4799 out:4799 type:B dur:2 cpbdur:2 q:38.03 aq:22.27 tex:132 mv:78 misc:246 imb:1 pmb:16 smb:1603 d:s ref:0 ;
in:4798 out:4800 type:b dur:2 cpbdur:2 q:38.03 aq:24.74 tex:17 mv:26 misc:157 imb:2 pmb:1 smb:1617 d:s ref:0 ;
in:4800 out:4801 type:b dur:2 cpbdur:2 q:38.03 aq:33.21 tex:232 mv:90 misc:246 imb:3 pmb:15 smb:1602 d:- ref:0 ;
in:4805 out:4802 type:P dur:2 cpbdur:2 q:37.94 aq:29.30 tex:5006 mv:2318 misc:1348 imb:77 pmb:378 smb:1165 d:s ref:0 ;
in:4803 out:4803 type:B dur:2 cpbdur:2 q:37.99 aq:23.25 tex:101 mv:147 misc:296 imb:2 pmb:24 smb:1594 d:s ref:0 ;
in:4802 out:4804 type:b dur:2 cpbdur:2 q:37.99 aq:23.23 tex:146 mv:50 misc:236 imb:0 pmb:18 smb:1602 d:s ref:0 ;
in:4804 out:4805 type:b dur:2 cpbdur:2 q:37.99 aq:24.16 tex:49 mv:20 misc:187 imb:0 pmb:6 smb:1614 d:- ref:0 ;
in:4808 out:4806 type:P dur:2 cpbdur:2 q:37.89 aq:30.05 tex:4018 mv:1890 misc:1260 imb:25 pmb:352 smb:1243 d:s ref:0 ;
in:4806 out:4807 type:B dur:2 cpbdur:2 q:37.94 aq:33.37 tex:68 mv:25 misc:211 imb:0 pmb:9 smb:1611 d:t ref:0 ;
in:4807 out:4808 type:b dur:2 cpbdur:2 q:37.94 aq:29.00 tex:0 mv:0 misc:144 imb:0 pmb:0 smb:1620 d:- ref:0 ;
in:4811 out:4809 type:P dur:2 cpbdur:2 q:37.86 aq:31.26 tex:1226 mv:895 misc:855 imb:1 pmb:177 smb:1442 d:s ref:0 ;
in:4809 out:4810 type:B dur:2 cpbdur:2 q:37.89 aq:33.37 tex:117 mv:100 misc:199 imb:9 pmb:2 smb:1609 d:s ref:0 ;
in:4810 out:4811 type:b dur:2 cpbdur:2 q:37.89 aq:33.46 tex:41 mv:37 misc:178 imb:1 pmb:4 smb:1615 d:- ref:0 ;
in:4812 out:4812 type:I dur:2 cpbdur:2 q:35.14 aq:24.81 tex:190139 mv:45732 misc:169 imb:1620 pmb:0 smb:0 d:s ref:;
in:4816 out:4813 type:P dur:2 cpbdur:2 q:38.58 aq:27.34 tex:960 mv:638 misc:714 imb:31 pmb:95 smb:1494 d:s ref:0 ;
in:4814 out:4814 type:B dur:2 cpbdur:2 q:38.58 aq:32.00 tex:1 mv:20 misc:187 imb:0 pmb:8 smb:1612 d:s ref:0 ;
in:4813 out:4815 type:b dur:2 cpbdur:2 q:38.58 aq:32.00 tex:0 mv:0 misc:144 imb:0 pmb:0 smb:1620 d:s ref:0 ;
in:4815 out:4816 type:b dur:2 cpbdur:2 q:38.58 aq:35.08 tex:38 mv:34 misc:176 imb:1 pmb:3 smb:1616 d:- ref:0 ;
in:4820 out:4817 type:P dur:2 cpbdur:2 q:38.57 aq:25.30 tex:1278 mv:1258 misc:1048 imb:39 pmb:192 smb:1389 d:s ref:0 ;
in:4818 out:4818 type:B dur:2 cpbdur:2 q:38.58 aq:26.17 tex:307 mv:113 misc:308 imb:5 pmb:20 smb:1595 d:s ref:0 ;
in:4817 out:4819 type:b dur:2 cpbdur:2 q:38.58 aq:24.76 tex:25 mv:22 misc:169 imb:1 pmb:3 smb:1616 d:s ref:0 ;
in:4819 out:4820 type:b dur:2 cpbdur:2 q:38.58 aq:34.02 tex:30 mv:23 misc:163 imb:1 pmb:3 smb:1616 d:- ref:0 ;
in:4824 out:4821 type:P dur:2 cpbdur:2 q:38.50 aq:26.25 tex:1526 mv:2131 misc:1287 imb:40 pmb:311 smb:1269 d:s ref:0 ;
in:4822 out:4822 type:B dur:2 cpbdur:2 q:38.57 aq:22.38 tex:102 mv:69 misc:213 imb:4 pmb:4 smb:1612 d:s ref:0 ;
in:4821 out:4823 type:b dur:2 cpbdur:2 q:38.57 aq:32.00 tex:0 mv:0 misc:144 imb:0 pmb:0 smb:1620 d:s ref:0 ;
in:4823 out:4824 type:b dur:2 cpbdur:2 q:38.57 aq:32.00 tex:0 mv:0 misc:144 imb:0 pmb:0 smb:1620 d:- ref:0 ;
in:4828 out:4825 type:P dur:2 cpbdur:2 q:38.44 aq:27.49 tex:1634 mv:2030 misc:1224 imb:32 pmb:290 smb:1298 d:s ref:0 ;
in:4826 out:4826 type:B dur:2 cpbdur:2 q:38.50 aq:37.72 tex:66 mv:21 misc:193 imb:0 pmb:5 smb:1615 d:s ref:0 ;
in:4825 out:4827 type:b dur:2 cpbdur:2 q:38.50 aq:31.00 tex:1 mv:3 misc:156 imb:0 pmb:1 smb:1619 d:s ref:0 ;
in:4827 out:4828 type:b dur:2 cpbdur:2 q:38.50 aq:23.23 tex:18 mv:11 misc:155 imb:1 pmb:0 smb:1619 d:- ref:0 ;
in:4832 out:4829 type:P dur:2 cpbdur:2 q:38.37 aq:29.40 tex:1265 mv:2187 misc:1284 imb:12 pmb:353 smb:1255 d:s ref:0 ;
in:4830 out:4830 type:B dur:2 cpbdur:2 q:38.44 aq:33.71 tex:82 mv:42 misc:188 imb:3 pmb:3 smb:1614 d:s ref:0 ;
in:4829 out:4831 type:b dur:2 cpbdur:2 q:38.44 aq:31.00 tex:2 mv:8 misc:166 imb:0 pmb:3 smb:1617 d:s ref:0 ;
in:4831 out:4832 type:b dur:2 cpbdur:2 q:38.44 aq:26.77 tex:55 mv:13 misc:172 imb:0 pmb:4 smb:1616 d:- ref:0 ;
in:4836 out:4833 type:P dur:2 cpbdur:2 q:38.30 aq:26.87 tex:1507 mv:1944 misc:1253 imb:19 pmb:322 smb:1279 d:s ref:0 ;
in:4834 out:4834 type:B dur:2 cpbdur:2 q:38.37 aq:23.03 tex:146 mv:28 misc:226 imb:0 pmb:10 smb:1610 d:s ref:0 ;
in:4833 out:4835 type:b dur:2 cpbdur:2 q:38.37 aq:23.22 tex:48 mv:17 misc:183 imb:0 pmb:5 smb:1615 d:s ref:0 ;
in:4835 out:4836 type:b dur:2 cpbdur:2 q:38.37 aq:24.05 tex:103 mv:55 misc:202 imb:1 pmb:11 smb:1608 d:- ref:0 ;
in:4840 out:4837 type:P dur:2 cpbdur:2 q:38.24 aq:27.98 tex:1647 mv:2132 misc:1317 imb:17 pmb:351 smb:1252 d:s ref:0 ;
in:4838 out:4838 type:B dur:2 cpbdur:2 q:38.30 aq:23.66 tex:204 mv:94 misc:238 imb:3 pmb:11 smb:1606 d:s ref:0 ;
in:4837 out:4839 type:b dur:2 cpbdur:2 q:38.30 aq:23.75 tex:46 mv:27 misc:191 imb:1 pmb:5 smb:1614 d:s ref:0 ;
in:4839 out:4840 type:b dur:2 cpbdur:2 q:38.30 aq:35.62 tex:52 mv:41 misc:179 imb:3 pmb:3 smb:1614 d:- ref:0 ;
in:4842 out:4841 type:P dur:2 cpbdur:2 q:38.18 aq:27.28 tex:1592 mv:1634 misc:1166 imb:29 pmb:244 smb:1347 d:s ref:0 ;
in:4841 out:4842 type:b dur:2 cpbdur:2 q:38.23 aq:34.85 tex:70 mv:11 misc:167 imb:0 pmb:3 smb:1617 d:s ref:0 ;
in:4846 out:4843 type:P dur:2 cpbdur:2 q:38.15 aq:28.55 tex:1411 mv:2198 misc:1263 imb:13 pmb:367 smb:1240 d:s ref:0 ;
in:4844 out:4844 type:B dur:2 cpbdur:2 q:38.18 aq:21.23 tex:26 mv:22 misc:176 imb:0 pmb:2 smb:1618 d:s ref:0 ;
in:4843 out:4845 type:b dur:2 cpbdur:2 q:38.18 aq:31.00 tex:0 mv:0 misc:144 imb:0 pmb:0 smb:1620 d:s ref:0 ;
in:4845 out:4846 type:b dur:2 cpbdur:2 q:38.18 aq:30.32 tex:121 mv:69 misc:186 imb:5 pmb:3 smb:1612 d:- ref:0 ;
in:4850 out:4847 type:P dur:2 cpbdur:2 q:38.08 aq:26.82 tex:1318 mv:1963 misc:1279 imb:14 pmb:323 smb:1283 d:s ref:0 ;
in:4848 out:4848 type:B dur:2 cpbdur:2 q:38.15 aq:28.55 tex:378 mv:128 misc:270 imb:5 pmb:16 smb:1599 d:s ref:0 ;
in:4847 out:4849 type:b dur:2 cpbdur:2 q:38.15 aq:38.56 tex:147 mv:46 misc:207 imb:0 pmb:11 smb:1609 d:s ref:0 ;
in:4849 out:4850 type:b dur:2 cpbdur:2 q:38.15 aq:23.79 tex:37 mv:30 misc:197 imb:0 pmb:7 smb:1613 d:- ref:0 ;
in:4852 out:4851 type:P dur:2 cpbdur:2 q:38.02 aq:29.78 tex:1878 mv:1790 misc:1204 imb:12 pmb:303 smb:1305 d:s ref:0 ;
in:4851 out:4852 type:b dur:2 cpbdur:2 q:38.08 aq:31.00 tex:1 mv:6 misc:153 imb:0 pmb:2 smb:1618 d:s ref:0 ;
in:4856 out:4853 type:P dur:2 cpbdur:2 q:38.00 aq:27.48 tex:2347 mv:1804 misc:1209 imb:24 pmb:300 smb:1296 d:s ref:0 ;
in:4854 out:4854 type:B dur:2 cpbdur:2 q:38.02 aq:22.19 tex:61 mv:25 misc:218 imb:0 pmb:8 smb:1612 d:s ref:0 ;
in:4853 out:4855 type:b dur:2 cpbdur:2 q:38.02 aq:26.17 tex:25 mv:11 misc:164 imb:0 pmb:3 smb:1617 d:s ref:0 ;
in:4855 out:4856 type:b dur:2 cpbdur:2 q:38.02 aq:23.23 tex:41 mv:12 misc:171 imb:0 pmb:3 smb:1617 d:- ref:0 ;
in:4858 out:4857 type:P dur:2 cpbdur:2 q:37.92 aq:27.88 tex:1544 mv:964 misc:844 imb:7 pmb:179 smb:1434 d:s ref:0 ;
in:4857 out:4858 type:b dur:2 cpbdur:2 q:37.99 aq:23.76 tex:24 mv:5 misc:155 imb:0 pmb:1 smb:1619 d:s ref:0 ;
in:4862 out:4859 type:P dur:2 cpbdur:2 q:37.88 aq:28.66 tex:4264 mv:2488 misc:1392 imb:11 pmb:436 smb:1173 d:s ref:0 ;
in:4860 out:4860 type:B dur:2 cpbdur:2 q:37.92 aq:27.00 tex:0 mv:3 misc:173 imb:0 pmb:1 smb:1619 d:s ref:0 ;
in:4859 out:4861 type:b dur:2 cpbdur:2 q:37.92 aq:29.00 tex:1 mv:3 misc:156 imb:0 pmb:1 smb:1619 d:s ref:0 ;
in:4861 out:4862 type:b dur:2 cpbdur:2 q:37.92 aq:29.00 tex:0 mv:0 misc:144 imb:0 pmb:0 smb:1620 d:- ref:0 ;
in:4866 out:4863 type:P dur:2 cpbdur:2 q:37.84 aq:28.57 tex:4071 mv:2009 misc:1248 imb:7 pmb:346 smb:1267 d:s ref:0 ;
in:4864 out:4864 type:B dur:2 cpbdur:2 q:37.88 aq:33.65 tex:37 mv:43 misc:200 imb:0 pmb:5 smb:1615 d:s ref:0 ;
in:4863 out:4865 type:b dur:2 cpbdur:2 q:37.88 aq:29.00 tex:1 mv:11 misc:180 imb:0 pmb:4 smb:1616 d:s ref:0 ;
in:4865 out:4866 type:b dur:2 cpbdur:2 q:37.88 aq:29.00 tex:1 mv:3 misc:156 imb:0 pmb:1 smb:1619 d:- ref:0 ;
in:4868 out:4867 type:P dur:2 cpbdur:2 q:37.78 aq:27.40 tex:2929 mv:1517 misc:1106 imb:27 pmb:226 smb:1367 d:s ref:0 ;
in:4867 out:4868 type:b dur:2 cpbdur:2 q:37.84 aq:23.16 tex:57 mv:36 misc:179 imb:1 pmb:6 smb:1613 d:s ref:0 ;
in:4872 out:4869 type:P dur:2 cpbdur:2 q:37.75 aq:27.93 tex:5508 mv:3171 misc:1497 imb:87 pmb:437 smb:1096 d:s ref:0 ;
in:4870 out:4870 type:B dur:2 cpbdur:2 q:37.78 aq:21.28 tex:213 mv:156 misc:319 imb:5 pmb:30 smb:1585 d:s ref:0 ;
in:4869 out:4871 type:b dur:2 cpbdur:2 q:37.78 aq:24.63 tex:152 mv:57 misc:231 imb:1 pmb:16 smb:1603 d:s ref:0 ;
in:4871 out:4872 type:b dur:2 cpbdur:2 q:37.78 aq:23.17 tex:51 mv:33 misc:188 imb:0 pmb:9 smb:1611 d:- ref:0 ;
in:4876 out:4873 type:P dur:2 cpbdur:2 q:37.72 aq:30.22 tex:4922 mv:2080 misc:1190 imb:36 pmb:314 smb:1270 d:s ref:0 ;
in:4874 out:4874 type:B dur:2 cpbdur:2 q:37.75 aq:29.81 tex:95 mv:64 misc:233 imb:2 pmb:11 smb:1607 d:s ref:0 ;
in:4873 out:4875 type:b dur:2 cpbdur:2 q:37.75 aq:23.39 tex:26 mv:10 misc:172 imb:0 pmb:3 smb:1617 d:s ref:0 ;
in:4875 out:4876 type:b dur:2 cpbdur:2 q:37.75 aq:32.04 tex:85 mv:27 misc:192 imb:0 pmb:9 smb:1611 d:- ref:0 ;
in:4880 out:4877 type:P dur:2 cpbdur:2 q:37.65 aq:29.54 tex:8087 mv:2920 misc:1281 imb:75 pmb:408 smb:1137 d:s ref:0 ;
in:4878 out:4878 type:B dur:2 cpbdur:2 q:37.71 aq:33.94 tex:227 mv:104 misc:293 imb:1 pmb:22 smb:1597 d:s ref:0 ;
in:4877 out:4879 type:b dur:2 cpbdur:2 q:37.72 aq:31.53 tex:89 mv:14 misc:177 imb:0 pmb:4 smb:1616 d:s ref:0 ;
in:4879 out:4880 type:b dur:2 cpbdur:2 q:37.71 aq:24.40 tex:24 mv:9 misc:159 imb:0 pmb:2 smb:1618 d:- ref:0 ;
in:4884 out:4881 type:P dur:2 cpbdur:2 q:37.62 aq:29.36 tex:9839 mv:3865 misc:1408 imb:160 pmb:454 smb:1006 d:s ref:0 ;
in:4882 out:4882 type:B dur:2 cpbdur:2 q:37.65 aq:30.25 tex:149 mv:166 misc:325 imb:4 pmb:27 smb:1589 d:s ref:0 ;
in:4881 out:4883 type:b dur:2 cpbdur:2 q:37.65 aq:23.25 tex:92 mv:61 misc:223 imb:1 pmb:10 smb:1609 d:s ref:0 ;
in:4883 out:4884 type:b dur:2 cpbdur:2 q:37.65 aq:32.08 tex:16 mv:23 misc:177 imb:1 pmb:3 smb:1616 d:- ref:0 ;
in:4886 out:4885 type:P dur:2 cpbdur:2 q:37.60 aq:29.32 tex:7332 mv:3242 misc:1394 imb:125 pmb:393 smb:1102 d:s ref:0 ;
in:4885 out:4886 type:b dur:2 cpbdur:2 q:37.62 aq:30.00 tex:5 mv:34 misc:193 imb:1 pmb:5 smb:1614 d:s ref:0 ;
in:4888 out:4887 type:P dur:2 cpbdur:2 q:37.59 aq:29.42 tex:6769 mv:2549 misc:1266 imb:93 pmb:311 smb:1216 d:s ref:0 ;
in:4887 out:4888 type:b dur:2 cpbdur:2 q:37.60 aq:26.95 tex:23 mv:28 misc:189 imb:1 pmb:6 smb:1613 d:s ref:0 ;
in:4890 out:4889 type:P dur:2 cpbdur:2 q:37.58 aq:29.50 tex:8478 mv:3272 misc:1458 imb:114 pmb:425 smb:1081 d:s ref:0 ;
in:4889 out:4890 type:b dur:2 cpbdur:2 q:37.59 aq:33.00 tex:0 mv:4 misc:156 imb:0 pmb:1 smb:1619 d:s ref:0 ;
in:4891 out:4891 type:P dur:2 cpbdur:2 q:37.59 aq:29.66 tex:5804 mv:1959 misc:1173 imb:53 pmb:267 smb:1300 d:s ref:0 ;
in:4894 out:4892 type:P dur:2 cpbdur:2 q:37.60 aq:29.65 tex:12249 mv:4564 misc:1483 imb:199 pmb:524 smb:897 d:s ref:0 ;
in:4892 out:4893 type:B dur:2 cpbdur:2 q:37.60 aq:23.64 tex:27 mv:61 misc:240 imb:1 pmb:10 smb:1609 d:s ref:0 ;
in:4893 out:4894 type:b dur:2 cpbdur:2 q:37.60 aq:32.97 tex:26 mv:42 misc:204 imb:1 pmb:6 smb:1613 d:- ref:0 ;
in:4895 out:4895 type:P dur:2 cpbdur:2 q:37.63 aq:30.98 tex:5755 mv:1963 misc:1170 imb:44 pmb:275 smb:1301 d:s ref:0 ;
in:4897 out:4896 type:P dur:2 cpbdur:2 q:37.62 aq:29.76 tex:6420 mv:2898 misc:1442 imb:121 pmb:348 smb:1151 d:s ref:0 w:6,61,1,6,61,6,64,0 ;
in:4896 out:4897 type:b dur:2 cpbdur:2 q:37.63 aq:34.96 tex:36 mv:25 misc:179 imb:1 pmb:3 smb:1616 d:s ref:0 ;
in:4901 out:4898 type:P dur:2 cpbdur:2 q:37.64 aq:30.45 tex:9270 mv:3908 misc:1486 imb:169 pmb:439 smb:1012 d:s ref:0 w:6,59,2,4,15,8,16,0 ;
in:4899 out:4899 type:B dur:2 cpbdur:2 q:37.64 aq:27.64 tex:234 mv:263 misc:335 imb:7 pmb:24 smb:1589 d:s ref:0 ;
in:4898 out:4900 type:b dur:2 cpbdur:2 q:37.64 aq:35.00 tex:0 mv:0 misc:152 imb:0 pmb:0 smb:1620 d:s ref:0 ;
in:4900 out:4901 type:b dur:2 cpbdur:2 q:37.64 aq:33.36 tex:76 mv:69 misc:207 imb:2 pmb:6 smb:1612 d:- ref:0 ;
in:4903 out:4902 type:P dur:2 cpbdur:2 q:37.60 aq:29.00 tex:10419 mv:4243 misc:1714 imb:244 pmb:516 smb:860 d:s ref:0 w:6,61,1,6,64,0,61,5 ;
in:4902 out:4903 type:b dur:2 cpbdur:2 q:37.64 aq:34.22 tex:17 mv:68 misc:283 imb:1 pmb:20 smb:1599 d:s ref:0 ;
in:4904 out:4904 type:P dur:2 cpbdur:2 q:37.61 aq:30.68 tex:3316 mv:1357 misc:975 imb:46 pmb:159 smb:1415 d:s ref:0 ;
in:4908 out:4905 type:P dur:2 cpbdur:2 q:37.61 aq:29.17 tex:20691 mv:6969 misc:1388 imb:473 pmb:581 smb:566 d:s ref:0 w:7,113,3,7,118,10,119,9 ;
in:4906 out:4906 type:B dur:2 cpbdur:2 q:37.61 aq:31.40 tex:679 mv:610 misc:487 imb:6 pmb:70 smb:1544 d:s ref:0 ;
in:4905 out:4907 type:b dur:2 cpbdur:2 q:37.61 aq:35.93 tex:112 mv:129 misc:279 imb:1 pmb:20 smb:1599 d:s ref:0 ;
in:4907 out:4908 type:b dur:2 cpbdur:2 q:37.61 aq:33.49 tex:46 mv:109 misc:213 imb:1 pmb:11 smb:1608 d:- ref:0 ;
in:4909 out:4909 type:P dur:2 cpbdur:2 q:37.66 aq:28.77 tex:1378 mv:550 misc:664 imb:19 pmb:89 smb:1512 d:s ref:0 ;
in:4913 out:4910 type:P dur:2 cpbdur:2 q:37.64 aq:30.14 tex:12262 mv:4863 misc:1515 imb:316 pmb:445 smb:859 d:s ref:0 w:7,121,1 ;
in:4911 out:4911 type:B dur:2 cpbdur:2 q:37.66 aq:33.99 tex:639 mv:571 misc:542 imb:3 pmb:79 smb:1538 d:s ref:0 ;
in:4910 out:4912 type:b dur:2 cpbdur:2 q:37.66 aq:35.01 tex:318 mv:332 misc:294 imb:3 pmb:35 smb:1582 d:s ref:0 ;
in:4912 out:4913 type:b dur:2 cpbdur:2 q:37.66 aq:33.32 tex:33 mv:124 misc:259 imb:0 pmb:19 smb:1601 d:- ref:0 ;
in:4915 out:4914 type:P dur:2 cpbdur:2 q:37.63 aq:30.67 tex:9171 mv:4150 misc:1503 imb:233 pmb:383 smb:1004 d:s ref:0 w:5,31,1 ;
in:4914 out:4915 type:b dur:2 cpbdur:2 q:37.64 aq:34.30 tex:294 mv:328 misc:298 imb:4 pmb:31 smb:1585 d:s ref:0 ;
in:4917 out:4916 type:P dur:2 cpbdur:2 q:37.66 aq:29.91 tex:15380 mv:6194 misc:1410 imb:373 pmb:496 smb:751 d:s ref:0 ;
in:4916 out:4917 type:b dur:2 cpbdur:2 q:37.66 aq:36.12 tex:342 mv:486 misc:340 imb:3 pmb:43 smb:1574 d:s ref:0 ;
in:4921 out:4918 type:P dur:2 cpbdur:2 q:37.69 aq:30.52 tex:12103 mv:6366 misc:1515 imb:375 pmb:465 smb:780 d:s ref:0 w:7,123,1 ;
in:4919 out:4919 type:B dur:2 cpbdur:2 q:37.69 aq:34.57 tex:695 mv:735 misc:546 imb:6 pmb:85 smb:1529 d:s ref:0 ;
in:4918 out:4920 type:b dur:2 cpbdur:2 q:37.68 aq:32.46 tex:58 mv:120 misc:294 imb:2 pmb:26 smb:1592 d:s ref:0 ;
in:4920 out:4921 type:b dur:2 cpbdur:2 q:37.69 aq:33.59 tex:496 mv:542 misc:386 imb:6 pmb:50 smb:1564 d:- ref:0 ;
in:4923 out:4922 type:P dur:2 cpbdur:2 q:37.70 aq:29.67 tex:13944 mv:6567 misc:1409 imb:366 pmb:479 smb:775 d:s ref:0 ;
in:4922 out:4923 type:b dur:2 cpbdur:2 q:37.70 aq:33.31 tex:513 mv:430 misc:353 imb:6 pmb:41 smb:1573 d:s ref:0 ;
in:4927 out:4924 type:P dur:2 cpbdur:2 q:37.73 aq:29.98 tex:16246 mv:7117 misc:1333 imb:475 pmb:460 smb:685 d:s ref:0 ;
in:4925 out:4925 type:B dur:2 cpbdur:2 q:37.73 aq:33.55 tex:931 mv:1257 misc:700 imb:14 pmb:123 smb:1483 d:s ref:0 ;
in:4924 out:4926 type:b dur:2 cpbdur:2 q:37.73 aq:33.36 tex:111 mv:99 misc:390 imb:0 pmb:45 smb:1575 d:s ref:0 ;
in:4926 out:4927 type:b dur:2 cpbdur:2 q:37.73 aq:34.29 tex:602 mv:662 misc:472 imb:14 pmb:55 smb:1551 d:- ref:0 ;
in:4931 out:4928 type:P dur:2 cpbdur:2 q:37.77 aq:30.81 tex:13397 mv:7188 misc:1399 imb:494 pmb:418 smb:708 d:s ref:0 ;
in:4929 out:4929 type:B dur:2 cpbdur:2 q:37.77 aq:32.84 tex:1229 mv:1610 misc:849 imb:22 pmb:161 smb:1437 d:s ref:0 ;
in:4928 out:4930 type:b dur:2 cpbdur:2 q:37.77 aq:26.70 tex:61 mv:131 misc:384 imb:1 pmb:44 smb:1575 d:s ref:0 ;
in:4930 out:4931 type:b dur:2 cpbdur:2 q:37.77 aq:34.56 tex:741 mv:767 misc:500 imb:8 pmb:75 smb:1537 d:- ref:0 ;
in:4935 out:4932 type:P dur:2 cpbdur:2 q:37.78 aq:31.20 tex:13402 mv:7379 misc:1371 imb:543 pmb:394 smb:683 d:s ref:0 ;
in:4933 out:4933 type:B dur:2 cpbdur:2 q:37.78 aq:33.71 tex:3606 mv:2642 misc:1136 imb:28 pmb:283 smb:1309 d:s ref:0 ;
in:4932 out:4934 type:b dur:2 cpbdur:2 q:37.78 aq:33.57 tex:144 mv:277 misc:643 imb:4 pmb:90 smb:1526 d:s ref:0 ;
in:4934 out:4935 type:b dur:2 cpbdur:2 q:37.78 aq:36.21 tex:707 mv:816 misc:581 imb:7 pmb:89 smb:1524 d:- ref:0 ;
in:4939 out:4936 type:P dur:2 cpbdur:2 q:37.82 aq:31.44 tex:13671 mv:7601 misc:1392 imb:575 pmb:379 smb:666 d:s ref:0 ;
in:4937 out:4937 type:B dur:2 cpbdur:2 q:37.82 aq:34.28 tex:2257 mv:2353 misc:1126 imb:40 pmb:267 smb:1313 d:s ref:0 ;
in:4936 out:4938 type:b dur:2 cpbdur:2 q:37.82 aq:36.54 tex:975 mv:1237 misc:732 imb:12 pmb:126 smb:1482 d:s ref:0 ;
in:4938 out:4939 type:b dur:2 cpbdur:2 q:37.82 aq:34.20 tex:256 mv:182 misc:578 imb:1 pmb:94 smb:1525 d:- ref:0 ;
in:4941 out:4940 type:P dur:2 cpbdur:2 q:37.85 aq:32.66 tex:7992 mv:5084 misc:1364 imb:298 pmb:319 smb:1003 d:s ref:0 ;
in:4940 out:4941 type:b dur:2 cpbdur:2 q:37.85 aq:36.45 tex:1093 mv:1398 misc:773 imb:8 pmb:155 smb:1457 d:t ref:0 ;
in:4942 out:4942 type:I dur:2 cpbdur:2 q:34.83 aq:26.36 tex:38254 mv:20079 misc:139 imb:1620 pmb:0 smb:0 d:s ref:;
in:4946 out:4943 type:P dur:2 cpbdur:2 q:38.03 aq:31.69 tex:10475 mv:6411 misc:1306 imb:393 pmb:339 smb:888 d:s ref:0 ;
in:4944 out:4944 type:B dur:2 cpbdur:2 q:38.03 aq:36.32 tex:1265 mv:2320 misc:967 imb:15 pmb:223 smb:1382 d:s ref:0 ;
in:4943 out:4945 type:b dur:2 cpbdur:2 q:38.03 aq:23.00 tex:28 mv:121 misc:443 imb:0 pmb:53 smb:1567 d:s ref:0 ;
in:4945 out:4946 type:b dur:2 cpbdur:2 q:38.03 aq:37.45 tex:1500 mv:1604 misc:752 imb:15 pmb:148 smb:1457 d:- ref:0 ;
in:4950 out:4947 type:P dur:2 cpbdur:2 q:38.07 aq:31.22 tex:12897 mv:7153 misc:1342 imb:534 pmb:340 smb:746 d:s ref:0 ;
in:4948 out:4948 type:B dur:2 cpbdur:2 q:38.07 aq:34.30 tex:4681 mv:3962 misc:1293 imb:35 pmb:396 smb:1189 d:t ref:0 ;
in:4947 out:4949 type:b dur:2 cpbdur:2 q:38.07 aq:32.32 tex:151 mv:379 misc:686 imb:3 pmb:112 smb:1505 d:s ref:0 ;
in:4949 out:4950 type:b dur:2 cpbdur:2 q:38.07 aq:37.10 tex:1299 mv:1481 misc:844 imb:14 pmb:151 smb:1455 d:- ref:0 ;
in:4954 out:4951 type:P dur:2 cpbdur:2 q:38.12 aq:31.66 tex:15399 mv:7509 misc:1196 imb:573 pmb:352 smb:695 d:s ref:0 ;
in:4952 out:4952 type:B dur:2 cpbdur:2 q:38.12 aq:35.77 tex:2541 mv:2677 misc:1158 imb:25 pmb:293 smb:1302 d:s ref:0 ;
in:4951 out:4953 type:b dur:2 cpbdur:2 q:38.12 aq:36.52 tex:1802 mv:1711 misc:895 imb:23 pmb:169 smb:1428 d:s ref:0 ;
in:4953 out:4954 type:b dur:2 cpbdur:2 q:38.12 aq:34.92 tex:223 mv:286 misc:651 imb:1 pmb:104 smb:1515 d:- ref:0 ;
in:4958 out:4955 type:P dur:2 cpbdur:2 q:38.17 aq:32.20 tex:16220 mv:7759 misc:1301 imb:537 pmb:393 smb:690 d:s ref:0 ;
in:4956 out:4956 type:B dur:2 cpbdur:2 q:38.17 aq:36.43 tex:3103 mv:2624 misc:1209 imb:28 pmb:321 smb:1271 d:s ref:0 ;
in:4955 out:4957 type:b dur:2 cpbdur:2 q:38.17 aq:36.24 tex:1640 mv:1629 misc:867 imb:11 pmb:176 smb:1433 d:s ref:0 ;
in:4957 out:4958 type:b dur:2 cpbdur:2 q:38.17 aq:34.45 tex:216 mv:270 misc:610 imb:2 pmb:91 smb:1527 d:- ref:0 ;
in:4962 out:4959 type:P dur:2 cpbdur:2 q:38.22 aq:31.52 tex:22289 mv:8630 misc:1257 imb:586 pmb:425 smb:609 d:s ref:0 ;
in:4960 out:4960 type:B dur:2 cpbdur:2 q:38.22 aq:36.07 tex:4710 mv:4281 misc:1297 imb:62 pmb:376 smb:1182 d:s ref:0 ;
in:4959 out:4961 type:b dur:2 cpbdur:2 q:38.22 aq:37.10 tex:1518 mv:1660 misc:926 imb:12 pmb:188 smb:1420 d:s ref:0 ;
in:4961 out:4962 type:b dur:2 cpbdur:2 q:38.22 aq:36.30 tex:1488 mv:1750 misc:882 imb:15 pmb:177 smb:1428 d:- ref:0 ;
in:4966 out:4963 type:P dur:2 cpbdur:2 q:38.40 aq:33.14 tex:16899 mv:6896 misc:1405 imb:416 pmb:385 smb:819 d:s ref:0 ;
in:4964 out:4964 type:B dur:2 cpbdur:2 q:38.40 aq:37.16 tex:2425 mv:2757 misc:1122 imb:18 pmb:276 smb:1326 d:s ref:0 ;
in:4963 out:4965 type:b dur:2 cpbdur:2 q:38.40 aq:38.91 tex:41 mv:118 misc:465 imb:0 pmb:55 smb:1565 d:s ref:0 ;
in:4965 out:4966 type:b dur:2 cpbdur:2 q:38.40 aq:37.93 tex:1531 mv:1678 misc:887 imb:18 pmb:183 smb:1419 d:- ref:0 ;
in:4968 out:4967 type:P dur:2 cpbdur:2 q:38.37 aq:32.28 tex:18092 mv:7255 misc:1389 imb:385 pmb:455 smb:780 d:s ref:0 ;
in:4967 out:4968 type:b dur:2 cpbdur:2 q:38.40 aq:38.09 tex:1127 mv:1567 misc:866 imb:10 pmb:169 smb:1441 d:t ref:0 ;
in:4972 out:4969 type:P dur:2 cpbdur:2 q:38.42 aq:31.62 tex:21614 mv:8190 misc:1316 imb:543 pmb:436 smb:641 d:s ref:0 ;
in:4970 out:4970 type:B dur:2 cpbdur:2 q:38.42 aq:36.33 tex:2751 mv:2845 misc:1156 imb:30 pmb:293 smb:1297 d:s ref:0 ;
in:4969 out:4971 type:b dur:2 cpbdur:2 q:38.42 aq:23.30 tex:59 mv:123 misc:538 imb:0 pmb:77 smb:1543 d:s ref:0 ;
in:4971 out:4972 type:b dur:2 cpbdur:2 q:38.42 aq:36.92 tex:1237 mv:1797 misc:878 imb:23 pmb:168 smb:1429 d:- ref:0 ;
in:4976 out:4973 type:P dur:2 cpbdur:2 q:38.51 aq:32.20 tex:14741 mv:7314 misc:1345 imb:487 pmb:386 smb:747 d:s ref:0 ;
in:4974 out:4974 type:B dur:2 cpbdur:2 q:38.51 aq:35.76 tex:2196 mv:2663 misc:1125 imb:28 pmb:273 smb:1319 d:s ref:0 ;
in:4973 out:4975 type:b dur:2 cpbdur:2 q:38.51 aq:38.70 tex:72 mv:175 misc:505 imb:0 pmb:73 smb:1547 d:s ref:0 ;
in:4975 out:4976 type:b dur:2 cpbdur:2 q:38.51 aq:37.34 tex:1541 mv:1731 misc:872 imb:16 pmb:178 smb:1426 d:- ref:0 ;
in:4980 out:4977 type:P dur:2 cpbdur:2 q:38.54 aq:33.45 tex:13557 mv:7241 misc:1282 imb:469 pmb:394 smb:757 d:s ref:0 ;
in:4978 out:4978 type:B dur:2 cpbdur:2 q:38.54 aq:34.82 tex:5237 mv:3909 misc:1310 imb:34 pmb:388 smb:1198 d:t ref:0 ;
in:4977 out:4979 type:b dur:2 cpbdur:2 q:38.54 aq:37.02 tex:171 mv:309 misc:640 imb:2 pmb:108 smb:1510 d:s ref:0 ;
in:4979 out:4980 type:b dur:2 cpbdur:2 q:38.54 aq:38.42 tex:1140 mv:1506 misc:746 imb:12 pmb:154 smb:1454 d:- ref:0 ;
in:4983 out:4981 type:P dur:2 cpbdur:2 q:38.76 aq:32.07 tex:16559 mv:7497 misc:1296 imb:495 pmb:411 smb:714 d:s ref:0 ;
in:4981 out:4982 type:B dur:2 cpbdur:2 q:38.76 aq:38.15 tex:2245 mv:2317 misc:1038 imb:16 pmb:245 smb:1359 d:t ref:0 ;
in:4982 out:4983 type:b dur:2 cpbdur:2 q:38.76 aq:37.66 tex:1205 mv:1484 misc:831 imb:13 pmb:155 smb:1452 d:- ref:0 ;
in:4987 out:4984 type:P dur:2 cpbdur:2 q:38.65 aq:32.21 tex:15913 mv:7656 misc:1319 imb:418 pmb:454 smb:748 d:s ref:0 ;
in:4985 out:4985 type:B dur:2 cpbdur:2 q:38.76 aq:37.15 tex:2157 mv:2658 misc:1113 imb:32 pmb:260 smb:1328 d:s ref:0 ;
in:4984 out:4986 type:b dur:2 cpbdur:2 q:38.76 aq:37.76 tex:130 mv:151 misc:479 imb:1 pmb:59 smb:1560 d:s ref:0 ;
in:4986 out:4987 type:b dur:2 cpbdur:2 q:38.76 aq:38.64 tex:1299 mv:1544 misc:837 imb:15 pmb:155 smb:1450 d:- ref:0 ;
in:4991 out:4988 type:P dur:2 cpbdur:2 q:38.69 aq:32.70 tex:13297 mv:6712 misc:1359 imb:466 pmb:376 smb:778 d:s ref:0 ;
in:4989 out:4989 type:B dur:2 cpbdur:2 q:38.69 aq:36.39 tex:1976 mv:2581 misc:1059 imb:16 pmb:258 smb:1346 d:t ref:0 ;
in:4988 out:4990 type:b dur:2 cpbdur:2 q:38.69 aq:34.52 tex:66 mv:154 misc:420 imb:1 pmb:51 smb:1568 d:s ref:0 ;
in:4990 out:4991 type:b dur:2 cpbdur:2 q:38.69 aq:38.79 tex:1571 mv:1758 misc:879 imb:14 pmb:173 smb:1433 d:- ref:0 ;
in:4995 out:4992 type:P dur:2 cpbdur:2 q:38.72 aq:33.37 tex:11916 mv:6727 misc:1445 imb:428 pmb:376 smb:816 d:s ref:0 ;
in:4993 out:4993 type:B dur:2 cpbdur:2 q:38.71 aq:35.89 tex:4987 mv:4232 misc:1317 imb:44 pmb:394 smb:1182 d:t ref:0 ;
in:4992 out:4994 type:b dur:2 cpbdur:2 q:38.71 aq:38.25 tex:195 mv:192 misc:645 imb:0 pmb:109 smb:1511 d:s ref:0 ;
in:4994 out:4995 type:b dur:2 cpbdur:2 q:38.72 aq:36.38 tex:1423 mv:1471 misc:834 imb:15 pmb:155 smb:1450 d:- ref:0 ;
in:4998 out:4996 type:P dur:2 cpbdur:2 q:38.76 aq:32.54 tex:16870 mv:7580 misc:1326 imb:503 pmb:412 smb:705 d:s ref:0 ;
in:4996 out:4997 type:B dur:2 cpbdur:2 q:38.76 aq:38.36 tex:2505 mv:2612 misc:1051 imb:21 pmb:255 smb:1344 d:t ref:0 ;
in:4997 out:4998 type:b dur:2 cpbdur:2 q:38.76 aq:38.27 tex:1561 mv:1905 misc:918 imb:11 pmb:196 smb:1413 d:- ref:0 ;
in:5002 out:4999 type:P dur:2 cpbdur:2 q:38.82 aq:32.37 tex:15830 mv:7478 misc:1364 imb:481 pmb:424 smb:715 d:s ref:0 ;
in:5000 out:5000 type:B dur:2 cpbdur:2 q:38.82 aq:37.10 tex:2289 mv:2681 misc:1110 imb:25 pmb:268 smb:1327 d:t ref:0 ;
in:4999 out:5001 type:b dur:2 cpbdur:2 q:38.82 aq:31.37 tex:53 mv:21 misc:182 imb:0 pmb:4 smb:1616 d:s ref:0 ;
in:5001 out:5002 type:b dur:2 cpbdur:2 q:38.82 aq:37.95 tex:1565 mv:1505 misc:802 imb:9 pmb:165 smb:1446 d:- ref:0 ;
in:5006 out:5003 type:P dur:2 cpbdur:2 q:38.87 aq:32.40 tex:11643 mv:6428 misc:1385 imb:463 pmb:345 smb:812 d:s ref:0 ;
in:5004 out:5004 type:B dur:2 cpbdur:2 q:38.87 aq:35.76 tex:1662 mv:2567 misc:1083 imb:19 pmb:270 smb:1331 d:t ref:0 ;
in:5003 out:5005 type:b dur:2 cpbdur:2 q:38.87 aq:37.04 tex:106 mv:181 misc:449 imb:1 pmb:58 smb:1561 d:s ref:0 ;
in:5005 out:5006 type:b dur:2 cpbdur:2 q:38.87 aq:38.54 tex:1063 mv:1183 misc:754 imb:6 pmb:135 smb:1479 d:- ref:0 ;
in:5010 out:5007 type:P dur:2 cpbdur:2 q:38.88 aq:32.33 tex:11428 mv:6312 misc:1364 imb:441 pmb:337 smb:842 d:s ref:0 ;
in:5008 out:5008 type:B dur:2 cpbdur:2 q:38.88 aq:35.10 tex:4588 mv:3481 misc:1227 imb:37 pmb:362 smb:1221 d:t ref:0 ;
in:5007 out:5009 type:b dur:2 cpbdur:2 q:38.88 aq:38.14 tex:202 mv:398 misc:672 imb:7 pmb:109 smb:1504 d:s ref:0 ;
in:5009 out:5010 type:b dur:2 cpbdur:2 q:38.88 aq:38.89 tex:1450 mv:1349 misc:737 imb:11 pmb:145 smb:1464 d:- ref:0 ;
in:5014 out:5011 type:P dur:2 cpbdur:2 q:38.91 aq:33.47 tex:12673 mv:6710 misc:1329 imb:474 pmb:352 smb:794 d:s ref:0 ;
in:5012 out:5012 type:B dur:2 cpbdur:2 q:38.91 aq:37.23 tex:2359 mv:2485 misc:1132 imb:26 pmb:284 smb:1310 d:s ref:0 ;
in:5011 out:5013 type:b dur:2 cpbdur:2 q:38.91 aq:38.37 tex:1321 mv:1437 misc:826 imb:15 pmb:153 smb:1452 d:s ref:0 ;
in:5013 out:5014 type:b dur:2 cpbdur:2 q:38.91 aq:37.38 tex:164 mv:155 misc:513 imb:0 pmb:69 smb:1551 d:- ref:0 ;
in:5018 out:5015 type:P dur:2 cpbdur:2 q:38.94 aq:33.58 tex:10836 mv:6426 misc:1338 imb:421 pmb:356 smb:843 d:s ref:0 ;
in:5016 out:5016 type:B dur:2 cpbdur:2 q:38.94 aq:36.14 tex:2184 mv:2455 misc:1153 imb:22 pmb:299 smb:1299 d:t ref:0 ;
in:5015 out:5017 type:b dur:2 cpbdur:2 q:38.94 aq:36.89 tex:799 mv:1119 misc:738 imb:9 pmb:126 smb:1485 d:s ref:0 ;
in:5017 out:5018 type:b dur:2 cpbdur:2 q:38.94 aq:38.63 tex:209 mv:222 misc:473 imb:2 pmb:60 smb:1558 d:- ref:0 ;
in:5022 out:5019 type:P dur:2 cpbdur:2 q:38.96 aq:32.68 tex:16683 mv:7279 misc:1326 imb:558 pmb:360 smb:702 d:s ref:0 ;
in:5020 out:5020 type:B dur:2 cpbdur:2 q:38.96 aq:35.48 tex:3506 mv:3608 misc:1262 imb:48 pmb:336 smb:1236 d:s ref:0 ;
in:5019 out:5021 type:b dur:2 cpbdur:2 q:38.96 aq:37.60 tex:1238 mv:1282 misc:824 imb:14 pmb:147 smb:1459 d:s ref:0 ;
in:5021 out:5022 type:b dur:2 cpbdur:2 q:38.96 aq:38.53 tex:1009 mv:1213 misc:786 imb:7 pmb:140 smb:1473 d:- ref:0 ;
in:5026 out:5023 type:P dur:2 cpbdur:2 q:39.01 aq:33.26 tex:10716 mv:6192 misc:1356 imb:420 pmb:335 smb:865 d:s ref:0 ;
in:5024 out:5024 type:B dur:2 cpbdur:2 q:39.01 aq:37.45 tex:1793 mv:2365 misc:1058 imb:19 pmb:243 smb:1358 d:t ref:0 ;
in:5023 out:5025 type:b dur:2 cpbdur:2 q:39.01 aq:37.42 tex:89 mv:151 misc:448 imb:2 pmb:51 smb:1567 d:s ref:0 ;
in:5025 out:5026 type:b dur:2 cpbdur:2 q:39.01 aq:38.04 tex:1011 mv:1328 misc:725 imb:14 pmb:134 smb:1472 d:- ref:0 ;
in:5028 out:5027 type:P dur:2 cpbdur:2 q:39.02 aq:32.50 tex:12512 mv:6147 misc:1437 imb:338 pmb:382 smb:900 d:s ref:0 ;
in:5027 out:5028 type:b dur:2 cpbdur:2 q:39.02 aq:38.61 tex:857 mv:874 misc:661 imb:6 pmb:105 smb:1509 d:s ref:0 ;
in:5032 out:5029 type:P dur:2 cpbdur:2 q:39.06 aq:32.57 tex:14053 mv:7035 misc:1352 imb:423 pmb:402 smb:795 d:s ref:0 ;
in:5030 out:5030 type:B dur:2 cpbdur:2 q:39.06 aq:36.48 tex:1957 mv:2021 misc:1022 imb:20 pmb:231 smb:1369 d:s ref:0 ;
in:5029 out:5031 type:b dur:2 cpbdur:2 q:39.06 aq:37.00 tex:41 mv:145 misc:422 imb:0 pmb:54 smb:1566 d:s ref:0 ;
in:5031 out:5032 type:b dur:2 cpbdur:2 q:39.06 aq:38.43 tex:955 mv:1199 misc:742 imb:11 pmb:125 smb:1484 d:- ref:0 ;
in:5036 out:5033 type:P dur:2 cpbdur:2 q:39.09 aq:32.26 tex:12651 mv:6621 misc:1384 imb:478 pmb:355 smb:787 d:s ref:0 ;
in:5034 out:5034 type:B dur:2 cpbdur:2 q:39.09 aq:36.49 tex:1624 mv:2294 misc:1050 imb:21 pmb:237 smb:1362 d:t ref:0 ;
in:5033 out:5035 type:b dur:2 cpbdur:2 q:39.09 aq:39.96 tex:82 mv:118 misc:400 imb:1 pmb:45 smb:1574 d:s ref:0 ;
in:5035 out:5036 type:b dur:2 cpbdur:2 q:39.09 aq:38.14 tex:1018 mv:1351 misc:807 imb:18 pmb:138 smb:1464 d:- ref:0 ;
in:5040 out:5037 type:P dur:2 cpbdur:2 q:39.11 aq:33.15 tex:11418 mv:6027 misc:1379 imb:402 pmb:342 smb:876 d:s ref:0 ;
in:5038 out:5038 type:B dur:2 cpbdur:2 q:39.11 aq:34.87 tex:3671 mv:3194 misc:1199 imb:39 pmb:303 smb:1278 d:s ref:0 ;
in:5037 out:5039 type:b dur:2 cpbdur:2 q:39.11 aq:31.85 tex:109 mv:307 misc:568 imb:4 pmb:85 smb:1531 d:s ref:0 ;
in:5039 out:5040 type:b dur:2 cpbdur:2 q:39.11 aq:39.74 tex:745 mv:1060 misc:675 imb:5 pmb:116 smb:1499 d:- ref:0 ;
in:5044 out:5041 type:P dur:2 cpbdur:2 q:39.13 aq:33.85 tex:11201 mv:5974 misc:1345 imb:400 pmb:336 smb:884 d:s ref:0 ;
in:5042 out:5042 type:B dur:2 cpbdur:2 q:39.13 aq:37.03 tex:1914 mv:2099 misc:1035 imb:19 pmb:249 smb:1352 d:t ref:0 ;
in:5041 out:5043 type:b dur:2 cpbdur:2 q:39.13 aq:37.85 tex:1158 mv:1180 misc:774 imb:14 pmb:124 smb:1482 d:s ref:0 ;
in:5043 out:5044 type:b dur:2 cpbdur:2 q:39.13 aq:38.30 tex:166 mv:169 misc:497 imb:1 pmb:66 smb:1553 d:- ref:0 ;
in:5047 out:5045 type:P dur:2 cpbdur:2 q:39.14 aq:32.65 tex:14217 mv:7145 misc:1342 imb:456 pmb:401 smb:763 d:s ref:0 ;
in:5045 out:5046 type:B dur:2 cpbdur:2 q:39.14 aq:38.19 tex:1473 mv:2027 misc:972 imb:18 pmb:198 smb:1404 d:t ref:0 ;
in:5046 out:5047 type:b dur:2 cpbdur:2 q:39.14 aq:38.25 tex:914 mv:1264 misc:782 imb:14 pmb:132 smb:1474 d:- ref:0 ;
in:5051 out:5048 type:P dur:2 cpbdur:2 q:39.19 aq:33.27 tex:11133 mv:6315 misc:1416 imb:437 pmb:343 smb:840 d:s ref:0 ;
in:5049 out:5049 type:B dur:2 cpbdur:2 q:39.19 aq:37.76 tex:1077 mv:1715 misc:952 imb:12 pmb:208 smb:1400 d:t ref:0 ;
in:5048 out:5050 type:b dur:2 cpbdur:2 q:39.19 aq:31.83 tex:48 mv:110 misc:346 imb:0 pmb:33 smb:1587 d:s ref:0 ;
in:5050 out:5051 type:b dur:2 cpbdur:2 q:39.19 aq:38.99 tex:601 mv:952 misc:663 imb:4 pmb:105 smb:1511 d:- ref:0 ;
in:5055 out:5052 type:P dur:2 cpbdur:2 q:39.19 aq:32.59 tex:10330 mv:6258 misc:1428 imb:452 pmb:335 smb:833 d:s ref:0 ;
in:5053 out:5053 type:B dur:2 cpbdur:2 q:39.19 aq:35.82 tex:3468 mv:2945 misc:1131 imb:30 pmb:296 smb:1294 d:t ref:0 ;
in:5052 out:5054 type:b dur:2 cpbdur:2 q:39.19 aq:35.11 tex:95 mv:150 misc:459 imb:2 pmb:52 smb:1566 d:s ref:0 ;
in:5054 out:5055 type:b dur:2 cpbdur:2 q:39.19 aq:39.08 tex:628 mv:867 misc:641 imb:10 pmb:92 smb:1518 d:- ref:0 ;
in:5059 out:5056 type:P dur:2 cpbdur:2 q:39.21 aq:32.61 tex:9709 mv:5901 misc:1486 imb:420 pmb:326 smb:874 d:s ref:0 ;
in:5057 out:5057 type:B dur:2 cpbdur:2 q:39.21 aq:37.15 tex:1809 mv:1767 misc:1080 imb:21 pmb:228 smb:1371 d:t ref:0 ;
in:5056 out:5058 type:b dur:2 cpbdur:2 q:39.21 aq:37.69 tex:978 mv:1044 misc:698 imb:13 pmb:112 smb:1495 d:s ref:0 ;
in:5058 out:5059 type:b dur:2 cpbdur:2 q:39.21 aq:39.59 tex:64 mv:81 misc:351 imb:0 pmb:38 smb:1582 d:- ref:0 ;
in:5063 out:5060 type:P dur:2 cpbdur:2 q:39.21 aq:32.21 tex:9111 mv:5645 misc:1436 imb:463 pmb:294 smb:863 d:s ref:0 ;
in:5061 out:5061 type:B dur:2 cpbdur:2 q:39.21 aq:34.99 tex:1244 mv:1636 misc:1024 imb:20 pmb:212 smb:1388 d:t ref:0 ;
in:5060 out:5062 type:b dur:2 cpbdur:2 q:39.21 aq:37.68 tex:769 mv:828 misc:651 imb:14 pmb:92 smb:1514 d:s ref:0 ;
in:5062 out:5063 type:b dur:2 cpbdur:2 q:39.21 aq:38.51 tex:157 mv:129 misc:370 imb:0 pmb:37 smb:1583 d:- ref:0 ;
in:5065 out:5064 type:P dur:2 cpbdur:2 q:39.21 aq:34.06 tex:6940 mv:4575 misc:1341 imb:262 pmb:301 smb:1057 d:s ref:0 ;
in:5064 out:5065 type:b dur:2 cpbdur:2 q:39.21 aq:38.54 tex:643 mv:546 misc:571 imb:4 pmb:74 smb:1542 d:s ref:0 ;
in:5067 out:5066 type:P dur:2 cpbdur:2 q:39.22 aq:32.58 tex:10210 mv:5472 misc:1422 imb:348 pmb:324 smb:948 d:s ref:0 ;
in:5066 out:5067 type:b dur:2 cpbdur:2 q:39.22 aq:38.00 tex:389 mv:746 misc:569 imb:6 pmb:79 smb:1535 d:t ref:0 ;
in:5071 out:5068 type:P dur:2 cpbdur:2 q:39.24 aq:32.64 tex:8037 mv:5859 misc:1376 imb:366 pmb:318 smb:936 d:s ref:0 ;
in:5069 out:5069 type:B dur:2 cpbdur:2 q:39.24 aq:37.22 tex:1290 mv:1726 misc:928 imb:14 pmb:201 smb:1405 d:t ref:0 ;
in:5068 out:5070 type:b dur:2 cpbdur:2 q:39.24 aq:34.36 tex:149 mv:96 misc:363 imb:1 pmb:33 smb:1586 d:s ref:0 ;
in:5070 out:5071 type:b dur:2 cpbdur:2 q:39.24 aq:38.99 tex:595 mv:902 misc:615 imb:9 pmb:89 smb:1522 d:- ref:0 ;
in:5073 out:5072 type:P dur:2 cpbdur:2 q:39.24 aq:33.09 tex:9345 mv:5664 misc:1431 imb:346 pmb:345 smb:929 d:s ref:0 ;
in:5072 out:5073 type:b dur:2 cpbdur:2 q:39.24 aq:39.10 tex:699 mv:895 misc:670 imb:6 pmb:99 smb:1515 d:t ref:0 ;
in:5077 out:5074 type:P dur:2 cpbdur:2 q:39.26 aq:31.62 tex:10188 mv:6679 misc:1389 imb:419 pmb:384 smb:817 d:s ref:0 ;
in:5075 out:5075 type:B dur:2 cpbdur:2 q:39.26 aq:35.25 tex:1585 mv:1837 misc:994 imb:23 pmb:206 smb:1391 d:t ref:0 ;
in:5074 out:5076 type:b dur:2 cpbdur:2 q:39.26 aq:35.73 tex:47 mv:80 misc:345 imb:0 pmb:32 smb:1588 d:s ref:0 ;
in:5076 out:5077 type:b dur:2 cpbdur:2 q:39.26 aq:38.99 tex:499 mv:941 misc:680 imb:7 pmb:97 smb:1516 d:- ref:0 ;
in:5081 out:5078 type:P dur:2 cpbdur:2 q:39.27 aq:32.97 tex:8658 mv:6063 misc:1415 imb:391 pmb:330 smb:899 d:s ref:0 ;
in:5079 out:5079 type:B dur:2 cpbdur:2 q:39.27 aq:36.06 tex:1100 mv:1747 misc:945 imb:15 pmb:185 smb:1420 d:t ref:0 ;
in:5078 out:5080 type:b dur:2 cpbdur:2 q:39.27 aq:40.49 tex:153 mv:89 misc:350 imb:0 pmb:31 smb:1589 d:s ref:0 ;
in:5080 out:5081 type:b dur:2 cpbdur:2 q:39.27 aq:38.96 tex:547 mv:674 misc:555 imb:3 pmb:85 smb:1532 d:- ref:0 ;
in:5085 out:5082 type:P dur:2 cpbdur:2 q:39.27 aq:32.95 tex:8176 mv:6088 misc:1416 imb:398 pmb:317 smb:905 d:s ref:0 ;
in:5083 out:5083 type:B dur:2 cpbdur:2 q:39.27 aq:34.32 tex:2515 mv:2758 misc:1151 imb:34 pmb:275 smb:1311 d:t ref:0 ;
in:5082 out:5084 type:b dur:2 cpbdur:2 q:39.27 aq:32.28 tex:112 mv:261 misc:483 imb:7 pmb:57 smb:1556 d:s ref:0 ;
in:5084 out:5085 type:b dur:2 cpbdur:2 q:39.27 aq:38.80 tex:464 mv:745 misc:559 imb:2 pmb:83 smb:1535 d:- ref:0 ;
in:5089 out:5086 type:P dur:2 cpbdur:2 q:39.27 aq:32.24 tex:8681 mv:6256 misc:1447 imb:438 pmb:328 smb:854 d:s ref:0 ;
in:5087 out:5087 type:B dur:2 cpbdur:2 q:39.27 aq:35.90 tex:1339 mv:1952 misc:1061 imb:17 pmb:232 smb:1371 d:s ref:0 ;
in:5086 out:5088 type:b dur:2 cpbdur:2 q:39.27 aq:35.81 tex:577 mv:975 misc:664 imb:14 pmb:93 smb:1513 d:s ref:0 ;
in:5088 out:5089 type:b dur:2 cpbdur:2 q:39.27 aq:27.69 tex:112 mv:81 misc:399 imb:2 pmb:42 smb:1576 d:- ref:0 ;
in:5092 out:5090 type:P dur:2 cpbdur:2 q:39.27 aq:32.24 tex:10445 mv:6609 misc:1394 imb:423 pmb:354 smb:843 d:s ref:0 ;
in:5090 out:5091 type:B dur:2 cpbdur:2 q:39.27 aq:37.92 tex:1202 mv:1631 misc:879 imb:11 pmb:177 smb:1432 d:t ref:0 ;
in:5091 out:5092 type:b dur:2 cpbdur:2 q:39.27 aq:37.17 tex:633 mv:872 misc:567 imb:9 pmb:82 smb:1529 d:- ref:0 ;
in:5096 out:5093 type:P dur:2 cpbdur:2 q:39.29 aq:32.22 tex:8488 mv:5978 misc:1430 imb:394 pmb:316 smb:910 d:s ref:0 ;
in:5094 out:5094 type:B dur:2 cpbdur:2 q:39.29 aq:35.44 tex:1081 mv:1913 misc:918 imb:14 pmb:187 smb:1419 d:t ref:0 ;
in:5093 out:5095 type:b dur:2 cpbdur:2 q:39.29 aq:29.00 tex:15 mv:81 misc:376 imb:0 pmb:43 smb:1577 d:s ref:0 ;
in:5095 out:5096 type:b dur:2 cpbdur:2 q:39.29 aq:36.92 tex:441 mv:693 misc:506 imb:4 pmb:66 smb:1550 d:- ref:0 ;
in:5100 out:5097 type:P dur:2 cpbdur:2 q:39.29 aq:32.87 tex:7795 mv:5429 misc:1424 imb:364 pmb:270 smb:986 d:s ref:0 ;
in:5098 out:5098 type:B dur:2 cpbdur:2 q:39.29 aq:34.51 tex:2066 mv:2400 misc:1118 imb:28 pmb:255 smb:1337 d:t ref:0 ;
in:5097 out:5099 type:b dur:2 cpbdur:2 q:39.29 aq:29.70 tex:70 mv:292 misc:494 imb:3 pmb:64 smb:1553 d:s ref:0 ;
in:5099 out:5100 type:b dur:2 cpbdur:2 q:39.29 aq:39.20 tex:277 mv:644 misc:487 imb:4 pmb:65 smb:1551 d:- ref:0 ;
in:5104 out:5101 type:P dur:2 cpbdur:2 q:39.29 aq:33.52 tex:7969 mv:5353 misc:1422 imb:399 pmb:260 smb:961 d:s ref:0 ;
in:5102 out:5102 type:B dur:2 cpbdur:2 q:39.29 aq:35.36 tex:1168 mv:1710 misc:994 imb:18 pmb:203 smb:1399 d:s ref:0 ;
in:5101 out:5103 type:b dur:2 cpbdur:2 q:39.29 aq:37.04 tex:402 mv:798 misc:592 imb:6 pmb:86 smb:1528 d:s ref:0 ;
in:5103 out:5104 type:b dur:2 cpbdur:2 q:39.29 aq:35.40 tex:100 mv:105 misc:371 imb:1 pmb:39 smb:1580 d:- ref:0 ;
in:5106 out:5105 type:P dur:2 cpbdur:2 q:39.28 aq:35.04 tex:4649 mv:3973 misc:1330 imb:207 pmb:273 smb:1140 d:s ref:0 w:6,53,3 ;
in:5105 out:5106 type:b dur:2 cpbdur:2 q:39.29 aq:38.24 tex:445 mv:551 misc:508 imb:4 pmb:63 smb:1553 d:t ref:0 ;
in:5107 out:5107 type:I dur:2 cpbdur:2 q:36.34 aq:26.95 tex:30478 mv:14715 misc:135 imb:1620 pmb:0 smb:0 d:s ref:;
in:5111 out:5108 type:P dur:2 cpbdur:2 q:39.38 aq:31.98 tex:6519 mv:6083 misc:1470 imb:345 pmb:356 smb:919 d:s ref:0 ;
in:5109 out:5109 type:B dur:2 cpbdur:2 q:39.38 aq:35.80 tex:397 mv:1233 misc:762 imb:10 pmb:146 smb:1464 d:t ref:0 ;
in:5108 out:5110 type:b dur:2 cpbdur:2 q:39.38 aq:37.00 tex:1 mv:34 misc:237 imb:0 pmb:13 smb:1607 d:s ref:0 ;
in:5110 out:5111 type:b dur:2 cpbdur:2 q:39.38 aq:36.73 tex:216 mv:657 misc:495 imb:4 pmb:62 smb:1554 d:- ref:0 ;
in:5115 out:5112 type:P dur:2 cpbdur:2 q:39.38 aq:31.22 tex:7010 mv:6010 misc:1444 imb:387 pmb:329 smb:904 d:s ref:0 ;
in:5113 out:5113 type:B dur:2 cpbdur:2 q:39.38 aq:35.34 tex:1779 mv:2681 misc:1084 imb:26 pmb:248 smb:1346 d:t ref:0 ;
in:5112 out:5114 type:b dur:2 cpbdur:2 q:39.38 aq:27.29 tex:70 mv:238 misc:452 imb:5 pmb:50 smb:1565 d:s ref:0 ;
in:5114 out:5115 type:b dur:2 cpbdur:2 q:39.38 aq:36.60 tex:420 mv:635 misc:473 imb:10 pmb:58 smb:1552 d:- ref:0 ;
in:5119 out:5116 type:P dur:2 cpbdur:2 q:39.38 aq:32.16 tex:7579 mv:6057 misc:1444 imb:430 pmb:325 smb:865 d:s ref:0 ;
in:5117 out:5117 type:B dur:2 cpbdur:2 q:39.38 aq:32.99 tex:817 mv:1545 misc:966 imb:23 pmb:187 smb:1410 d:t ref:0 ;
in:5116 out:5118 type:b dur:2 cpbdur:2 q:39.38 aq:36.95 tex:557 mv:715 misc:552 imb:11 pmb:67 smb:1542 d:s ref:0 ;
in:5118 out:5119 type:b dur:2 cpbdur:2 q:39.38 aq:35.33 tex:43 mv:48 misc:261 imb:0 pmb:21 smb:1599 d:- ref:0 ;
in:5122 out:5120 type:P dur:2 cpbdur:2 q:39.37 aq:31.02 tex:8627 mv:6586 misc:1371 imb:421 pmb:354 smb:845 d:s ref:0 ;
in:5120 out:5121 type:B dur:2 cpbdur:2 q:39.38 aq:35.69 tex:488 mv:1083 misc:701 imb:7 pmb:109 smb:1504 d:t ref:0 ;
in:5121 out:5122 type:b dur:2 cpbdur:2 q:39.38 aq:33.67 tex:392 mv:529 misc:463 imb:9 pmb:51 smb:1560 d:- ref:0 ;
in:5126 out:5123 type:P dur:2 cpbdur:2 q:39.38 aq:31.20 tex:7610 mv:5793 misc:1445 imb:453 pmb:297 smb:870 d:s ref:0 ;
in:5124 out:5124 type:B dur:2 cpbdur:2 q:39.38 aq:33.11 tex:786 mv:1391 misc:847 imb:14 pmb:164 smb:1442 d:t ref:0 ;
in:5123 out:5125 type:b dur:2 cpbdur:2 q:39.38 aq:35.79 tex:60 mv:112 misc:332 imb:1 pmb:30 smb:1589 d:s ref:0 ;
in:5125 out:5126 type:b dur:2 cpbdur:2 q:39.38 aq:36.81 tex:461 mv:585 misc:546 imb:7 pmb:67 smb:1546 d:- ref:0 ;
in:5130 out:5127 type:P dur:2 cpbdur:2 q:39.37 aq:31.51 tex:6939 mv:5399 misc:1430 imb:394 pmb:283 smb:943 d:s ref:0 ;
in:5128 out:5128 type:B dur:2 cpbdur:2 q:39.38 aq:34.11 tex:1731 mv:2126 misc:975 imb:22 pmb:217 smb:1381 d:t ref:0 ;
in:5127 out:5129 type:b dur:2 cpbdur:2 q:39.38 aq:33.14 tex:114 mv:200 misc:398 imb:2 pmb:45 smb:1573 d:s ref:0 ;
in:5129 out:5130 type:b dur:2 cpbdur:2 q:39.38 aq:35.79 tex:263 mv:409 misc:408 imb:6 pmb:44 smb:1570 d:- ref:0 ;
in:5134 out:5131 type:P dur:2 cpbdur:2 q:39.36 aq:32.43 tex:7259 mv:5199 misc:1390 imb:394 pmb:278 smb:948 d:s ref:0 ;
in:5132 out:5132 type:B dur:2 cpbdur:2 q:39.37 aq:35.58 tex:718 mv:1190 misc:844 imb:12 pmb:151 smb:1457 d:t ref:0 ;
in:5131 out:5133 type:b dur:2 cpbdur:2 q:39.37 aq:37.38 tex:174 mv:505 misc:473 imb:3 pmb:53 smb:1564 d:s ref:0 ;
in:5133 out:5134 type:b dur:2 cpbdur:2 q:39.37 aq:38.91 tex:34 mv:110 misc:312 imb:1 pmb:26 smb:1593 d:- ref:0 ;
in:5137 out:5135 type:P dur:2 cpbdur:2 q:39.34 aq:31.43 tex:8285 mv:6045 misc:1382 imb:412 pmb:323 smb:885 d:s ref:0 ;
in:5135 out:5136 type:B dur:2 cpbdur:2 q:39.36 aq:37.37 tex:363 mv:795 misc:578 imb:7 pmb:73 smb:1540 d:t ref:0 ;
in:5136 out:5137 type:b dur:2 cpbdur:2 q:39.36 aq:38.53 tex:203 mv:362 misc:403 imb:1 pmb:47 smb:1572 d:- ref:0 ;
in:5141 out:5138 type:P dur:2 cpbdur:2 q:39.35 aq:31.07 tex:6548 mv:5378 misc:1402 imb:366 pmb:300 smb:954 d:s ref:0 ;
in:5139 out:5139 type:B dur:2 cpbdur:2 q:39.35 aq:37.30 tex:319 mv:742 misc:579 imb:8 pmb:78 smb:1534 d:t ref:0 ;
in:5138 out:5140 type:b dur:2 cpbdur:2 q:39.35 aq:30.83 tex:36 mv:36 misc:232 imb:0 pmb:13 smb:1607 d:s ref:0 ;
in:5140 out:5141 type:b dur:2 cpbdur:2 q:39.35 aq:38.90 tex:174 mv:201 misc:329 imb:0 pmb:30 smb:1590 d:- ref:0 ;
in:5145 out:5142 type:P dur:2 cpbdur:2 q:39.32 aq:32.08 tex:6501 mv:5073 misc:1394 imb:322 pmb:298 smb:1000 d:s ref:0 ;
in:5143 out:5143 type:B dur:2 cpbdur:2 q:39.35 aq:34.47 tex:839 mv:1359 misc:818 imb:10 pmb:152 smb:1458 d:t ref:0 ;
in:5142 out:5144 type:b dur:2 cpbdur:2 q:39.35 aq:31.63 tex:63 mv:135 misc:314 imb:1 pmb:26 smb:1593 d:s ref:0 ;
in:5144 out:5145 type:b dur:2 cpbdur:2 q:39.35 aq:31.61 tex:100 mv:253 misc:319 imb:2 pmb:25 smb:1593 d:- ref:0 ;
in:5149 out:5146 type:P dur:2 cpbdur:2 q:39.30 aq:31.62 tex:7008 mv:5263 misc:1337 imb:351 pmb:287 smb:982 d:s ref:0 ;
in:5147 out:5147 type:B dur:2 cpbdur:2 q:39.32 aq:35.16 tex:510 mv:668 misc:654 imb:10 pmb:92 smb:1518 d:s ref:0 ;
in:5146 out:5148 type:b dur:2 cpbdur:2 q:39.32 aq:34.27 tex:193 mv:244 misc:339 imb:3 pmb:29 smb:1588 d:s ref:0 ;
in:5148 out:5149 type:b dur:2 cpbdur:2 q:39.32 aq:39.00 tex:27 mv:15 misc:182 imb:0 pmb:4 smb:1616 d:- ref:0 ;
in:5152 out:5150 type:P dur:2 cpbdur:2 q:39.28 aq:30.41 tex:6616 mv:5693 misc:1379 imb:322 pmb:321 smb:977 d:s ref:0 ;
in:5150 out:5151 type:B dur:2 cpbdur:2 q:39.30 aq:35.62 tex:227 mv:517 misc:440 imb:7 pmb:47 smb:1566 d:t ref:0 ;
in:5151 out:5152 type:b dur:2 cpbdur:2 q:39.30 aq:37.56 tex:168 mv:284 misc:356 imb:2 pmb:33 smb:1585 d:- ref:0 ;
in:5156 out:5153 type:P dur:2 cpbdur:2 q:39.28 aq:31.44 tex:6665 mv:4934 misc:1385 imb:319 pmb:294 smb:1007 d:s ref:0 ;
in:5154 out:5154 type:B dur:2 cpbdur:2 q:39.28 aq:33.84 tex:428 mv:555 misc:537 imb:5 pmb:65 smb:1550 d:s ref:0 ;
in:5153 out:5155 type:b dur:2 cpbdur:2 q:39.28 aq:32.53 tex:24 mv:56 misc:208 imb:1 pmb:6 smb:1613 d:s ref:0 ;
in:5155 out:5156 type:b dur:2 cpbdur:2 q:39.28 aq:37.68 tex:130 mv:244 misc:346 imb:1 pmb:32 smb:1587 d:- ref:0 ;
in:5160 out:5157 type:P dur:2 cpbdur:2 q:39.25 aq:31.03 tex:5710 mv:4527 misc:1387 imb:294 pmb:275 smb:1051 d:s ref:0 w:5,33,-1 ;
in:5158 out:5158 type:B dur:2 cpbdur:2 q:39.28 aq:33.76 tex:861 mv:1054 misc:709 imb:9 pmb:118 smb:1493 d:t ref:0 ;
in:5157 out:5159 type:b dur:2 cpbdur:2 q:39.28 aq:28.67 tex:67 mv:130 misc:291 imb:5 pmb:16 smb:1599 d:s ref:0 ;
in:5159 out:5160 type:b dur:2 cpbdur:2 q:39.28 aq:35.87 tex:60 mv:55 misc:229 imb:1 pmb:10 smb:1609 d:- ref:0 ;
in:5163 out:5161 type:P dur:2 cpbdur:2 q:39.22 aq:30.11 tex:8163 mv:5559 misc:1326 imb:397 pmb:296 smb:927 d:s ref:0 ;
in:5161 out:5162 type:B dur:2 cpbdur:2 q:39.25 aq:35.57 tex:311 mv:517 misc:484 imb:6 pmb:57 smb:1557 d:s ref:0 ;
in:5162 out:5163 type:b dur:2 cpbdur:2 q:39.25 aq:37.77 tex:93 mv:144 misc:299 imb:1 pmb:21 smb:1598 d:- ref:0 ;
in:5167 out:5164 type:P dur:2 cpbdur:2 q:39.23 aq:30.26 tex:7232 mv:4958 misc:1314 imb:351 pmb:278 smb:991 d:s ref:0 ;
in:5165 out:5165 type:B dur:2 cpbdur:2 q:39.23 aq:30.25 tex:257 mv:481 misc:454 imb:3 pmb:52 smb:1565 d:t ref:0 ;
in:5164 out:5166 type:b dur:2 cpbdur:2 q:39.23 aq:36.00 tex:6 mv:43 misc:207 imb:0 pmb:7 smb:1613 d:s ref:0 ;
in:5166 out:5167 type:b dur:2 cpbdur:2 q:39.23 aq:38.93 tex:114 mv:164 misc:258 imb:1 pmb:18 smb:1601 d:- ref:0 ;
in:5171 out:5168 type:P dur:2 cpbdur:2 q:39.20 aq:31.66 tex:5736 mv:4316 misc:1340 imb:249 pmb:266 smb:1105 d:s ref:0 ;
in:5169 out:5169 type:B dur:2 cpbdur:2 q:39.23 aq:36.30 tex:299 mv:444 misc:457 imb:2 pmb:56 smb:1562 d:s ref:0 ;
in:5168 out:5170 type:b dur:2 cpbdur:2 q:39.23 aq:38.00 tex:16 mv:24 misc:208 imb:0 pmb:9 smb:1611 d:s ref:0 ;
in:5170 out:5171 type:b dur:2 cpbdur:2 q:39.23 aq:37.85 tex:153 mv:193 misc:246 imb:2 pmb:19 smb:1599 d:- ref:0 ;
in:5175 out:5172 type:P dur:2 cpbdur:2 q:39.16 aq:30.91 tex:6115 mv:4409 misc:1356 imb:284 pmb:273 smb:1063 d:s ref:0 ;
in:5173 out:5173 type:B dur:2 cpbdur:2 q:39.20 aq:35.14 tex:625 mv:911 misc:664 imb:11 pmb:96 smb:1513 d:t ref:0 ;
in:5172 out:5174 type:b dur:2 cpbdur:2 q:39.20 aq:36.00 tex:4 mv:53 misc:247 imb:1 pmb:14 smb:1605 d:s ref:0 ;
in:5174 out:5175 type:b dur:2 cpbdur:2 q:39.20 aq:39.29 tex:163 mv:204 misc:281 imb:1 pmb:24 smb:1595 d:- ref:0 ;
in:5179 out:5176 type:P dur:2 cpbdur:2 q:39.14 aq:31.28 tex:6561 mv:4626 misc:1325 imb:355 pmb:246 smb:1019 d:s ref:0 w:6,69,-1 ;
in:5177 out:5177 type:B dur:2 cpbdur:2 q:39.16 aq:31.50 tex:324 mv:586 misc:602 imb:10 pmb:76 smb:1534 d:t ref:0 ;
in:5176 out:5178 type:b dur:2 cpbdur:2 q:39.16 aq:30.54 tex:126 mv:165 misc:277 imb:5 pmb:15 smb:1600 d:s ref:0 ;
in:5178 out:5179 type:b dur:2 cpbdur:2 q:39.16 aq:36.13 tex:47 mv:30 misc:203 imb:1 pmb:6 smb:1613 d:- ref:0 ;
in:5183 out:5180 type:P dur:2 cpbdur:2 q:39.11 aq:31.42 tex:5603 mv:4143 misc:1278 imb:270 pmb:253 smb:1097 d:s ref:0 ;
in:5181 out:5181 type:B dur:2 cpbdur:2 q:39.14 aq:30.71 tex:461 mv:601 misc:578 imb:11 pmb:70 smb:1539 d:s ref:0 ;
in:5180 out:5182 type:b dur:2 cpbdur:2 q:39.14 aq:34.77 tex:103 mv:212 misc:253 imb:3 pmb:17 smb:1600 d:s ref:0 ;
in:5182 out:5183 type:b dur:2 cpbdur:2 q:39.14 aq:32.81 tex:24 mv:57 misc:191 imb:1 pmb:8 smb:1611 d:- ref:0 ;
in:5185 out:5184 type:P dur:2 cpbdur:2 q:39.08 aq:31.33 tex:3779 mv:2849 misc:1236 imb:163 pmb:211 smb:1246 d:s ref:0 w:5,33,-1 ;
in:5184 out:5185 type:b dur:2 cpbdur:2 q:39.11 aq:28.64 tex:63 mv:118 misc:227 imb:2 pmb:11 smb:1607 d:t ref:0 ;
in:5187 out:5186 type:P dur:2 cpbdur:2 q:39.07 aq:30.76 tex:5027 mv:3543 misc:1270 imb:226 pmb:229 smb:1165 d:s ref:0 ;
in:5186 out:5187 type:b dur:2 cpbdur:2 q:39.08 aq:29.51 tex:81 mv:74 misc:237 imb:2 pmb:10 smb:1608 d:t ref:0 ;
in:5191 out:5188 type:P dur:2 cpbdur:2 q:39.06 aq:31.03 tex:4634 mv:4015 misc:1279 imb:253 pmb:240 smb:1127 d:s ref:0 ;
in:5189 out:5189 type:B dur:2 cpbdur:2 q:39.07 aq:30.47 tex:277 mv:406 misc:461 imb:3 pmb:59 smb:1558 d:s ref:0 ;
in:5188 out:5190 type:b dur:2 cpbdur:2 q:39.07 aq:35.00 tex:0 mv:20 misc:180 imb:0 pmb:4 smb:1616 d:s ref:0 ;
in:5190 out:5191 type:b dur:2 cpbdur:2 q:39.07 aq:37.42 tex:81 mv:118 misc:241 imb:0 pmb:16 smb:1604 d:- ref:0 ;
in:5193 out:5192 type:P dur:2 cpbdur:2 q:39.02 aq:31.17 tex:5448 mv:4341 misc:1323 imb:249 pmb:300 smb:1071 d:s ref:0 ;
in:5192 out:5193 type:b dur:2 cpbdur:2 q:39.06 aq:38.82 tex:72 mv:157 misc:283 imb:2 pmb:19 smb:1599 d:t ref:0 ;
in:5197 out:5194 type:P dur:2 cpbdur:2 q:39.02 aq:30.19 tex:6959 mv:5212 misc:1293 imb:352 pmb:311 smb:957 d:s ref:0 ;
in:5195 out:5195 type:B dur:2 cpbdur:2 q:39.02 aq:31.57 tex:285 mv:560 misc:507 imb:7 pmb:64 smb:1549 d:t ref:0 ;
in:5194 out:5196 type:b dur:2 cpbdur:2 q:39.02 aq:34.09 tex:17 mv:54 misc:201 imb:1 pmb:5 smb:1614 d:s ref:0 ;
in:5196 out:5197 type:b dur:2 cpbdur:2 q:39.02 aq:37.61 tex:138 mv:267 misc:283 imb:2 pmb:23 smb:1595 d:- ref:0 ;
in:5201 out:5198 type:P dur:2 cpbdur:2 q:39.00 aq:31.17 tex:5637 mv:4855 misc:1300 imb:298 pmb:294 smb:1028 d:s ref:0 ;
in:5199 out:5199 type:B dur:2 cpbdur:2 q:39.02 aq:36.16 tex:256 mv:649 misc:503 imb:4 pmb:67 smb:1549 d:t ref:0 ;
in:5198 out:5200 type:b dur:2 cpbdur:2 q:39.02 aq:32.40 tex:18 mv:33 misc:197 imb:1 pmb:7 smb:1612 d:s ref:0 ;
in:5200 out:5201 type:b dur:2 cpbdur:2 q:39.02 aq:38.37 tex:182 mv:238 misc:276 imb:5 pmb:19 smb:1596 d:- ref:0 ;
in:5205 out:5202 type:P dur:2 cpbdur:2 q:38.97 aq:31.17 tex:6075 mv:4446 misc:1303 imb:323 pmb:265 smb:1032 d:s ref:0 ;
in:5203 out:5203 type:B dur:2 cpbdur:2 q:39.00 aq:34.83 tex:880 mv:1067 misc:669 imb:20 pmb:108 smb:1492 d:s ref:0 ;
in:5202 out:5204 type:b dur:2 cpbdur:2 q:39.00 aq:28.99 tex:27 mv:153 misc:276 imb:5 pmb:16 smb:1599 d:s ref:0 ;
in:5204 out:5205 type:b dur:2 cpbdur:2 q:39.00 aq:35.63 tex:63 mv:128 misc:281 imb:2 pmb:17 smb:1601 d:- ref:0 ;
in:5209 out:5206 type:P dur:2 cpbdur:2 q:38.94 aq:31.38 tex:5888 mv:4196 misc:1268 imb:293 pmb:258 smb:1069 d:s ref:0 ;
in:5207 out:5207 type:B dur:2 cpbdur:2 q:38.97 aq:34.92 tex:284 mv:609 misc:579 imb:3 pmb:83 smb:1534 d:s ref:0 ;
in:5206 out:5208 type:b dur:2 cpbdur:2 q:38.97 aq:36.18 tex:152 mv:258 misc:310 imb:8 pmb:19 smb:1593 d:s ref:0 ;
in:5208 out:5209 type:b dur:2 cpbdur:2 q:38.97 aq:34.00 tex:4 mv:20 misc:184 imb:1 pmb:3 smb:1616 d:- ref:0 ;
in:5213 out:5210 type:P dur:2 cpbdur:2 q:38.91 aq:30.09 tex:4124 mv:4015 misc:1237 imb:264 pmb:241 smb:1115 d:s ref:0 ;
in:5211 out:5211 type:B dur:2 cpbdur:2 q:38.94 aq:36.13 tex:288 mv:483 misc:493 imb:3 pmb:65 smb:1552 d:s ref:0 ;
in:5210 out:5212 type:b dur:2 cpbdur:2 q:38.94 aq:35.88 tex:129 mv:177 misc:262 imb:4 pmb:13 smb:1603 d:s ref:0 ;
in:5212 out:5213 type:b dur:2 cpbdur:2 q:38.94 aq:35.00 tex:11 mv:12 misc:185 imb:0 pmb:4 smb:1616 d:- ref:0 ;
in:5217 out:5214 type:P dur:2 cpbdur:2 q:38.87 aq:29.33 tex:6408 mv:5187 misc:1253 imb:389 pmb:268 smb:963 d:s ref:0 ;
in:5215 out:5215 type:B dur:2 cpbdur:2 q:38.91 aq:32.91 tex:476 mv:1259 misc:713 imb:14 pmb:118 smb:1488 d:t ref:0 ;
in:5214 out:5216 type:b dur:2 cpbdur:2 q:38.91 aq:31.17 tex:114 mv:210 misc:292 imb:4 pmb:19 smb:1597 d:s ref:0 ;
in:5216 out:5217 type:b dur:2 cpbdur:2 q:38.91 aq:37.83 tex:93 mv:139 misc:256 imb:1 pmb:14 smb:1605 d:- ref:0 ;
in:5221 out:5218 type:P dur:2 cpbdur:2 q:38.85 aq:31.33 tex:3705 mv:3239 misc:1216 imb:216 pmb:192 smb:1212 d:s ref:0 ;
in:5219 out:5219 type:B dur:2 cpbdur:2 q:38.87 aq:30.63 tex:235 mv:570 misc:507 imb:9 pmb:57 smb:1554 d:t ref:0 ;
in:5218 out:5220 type:b dur:2 cpbdur:2 q:38.87 aq:36.00 tex:0 mv:11 misc:181 imb:0 pmb:4 smb:1616 d:s ref:0 ;
in:5220 out:5221 type:b dur:2 cpbdur:2 q:38.87 aq:37.27 tex:90 mv:110 misc:232 imb:2 pmb:11 smb:1607 d:- ref:0 ;
in:5223 out:5222 type:P dur:2 cpbdur:2 q:38.80 aq:30.63 tex:4329 mv:3829 misc:1218 imb:235 pmb:254 smb:1131 d:s ref:0 ;
in:5222 out:5223 type:b dur:2 cpbdur:2 q:38.85 aq:35.21 tex:20 mv:100 misc:240 imb:1 pmb:12 smb:1607 d:s ref:0 ;
in:5227 out:5224 type:P dur:2 cpbdur:2 q:38.80 aq:30.17 tex:4740 mv:4516 misc:1248 imb:315 pmb:264 smb:1041 d:s ref:0 ;
in:5225 out:5225 type:B dur:2 cpbdur:2 q:38.80 aq:30.04 tex:273 mv:529 misc:462 imb:10 pmb:48 smb:1562 d:t ref:0 ;
in:5224 out:5226 type:b dur:2 cpbdur:2 q:38.80 aq:35.20 tex:49 mv:25 misc:174 imb:1 pmb:3 smb:1616 d:s ref:0 ;
in:5226 out:5227 type:b dur:2 cpbdur:2 q:38.80 aq:37.75 tex:63 mv:57 misc:192 imb:0 pmb:6 smb:1614 d:- ref:0 ;
in:5231 out:5228 type:P dur:2 cpbdur:2 q:38.76 aq:30.77 tex:3968 mv:3752 misc:1320 imb:242 pmb:242 smb:1136 d:s ref:0 ;
in:5229 out:5229 type:B dur:2 cpbdur:2 q:38.80 aq:32.01 tex:372 mv:597 misc:543 imb:11 pmb:58 smb:1551 d:t ref:0 ;
in:5228 out:5230 type:b dur:2 cpbdur:2 q:38.80 aq:34.54 tex:47 mv:53 misc:204 imb:1 pmb:6 smb:1613 d:s ref:0 ;
in:5230 out:5231 type:b dur:2 cpbdur:2 q:38.80 aq:36.07 tex:106 mv:169 misc:261 imb:2 pmb:16 smb:1602 d:- ref:0 ;
in:5235 out:5232 type:P dur:2 cpbdur:2 q:38.72 aq:31.09 tex:4795 mv:3823 misc:1334 imb:302 pmb:229 smb:1089 d:s ref:0 ;
in:5233 out:5233 type:B dur:2 cpbdur:2 q:38.76 aq:30.84 tex:639 mv:975 misc:698 imb:19 pmb:101 smb:1500 d:t ref:0 ;
in:5232 out:5234 type:b dur:2 cpbdur:2 q:38.76 aq:31.28 tex:61 mv:157 misc:286 imb:6 pmb:16 smb:1598 d:s ref:0 ;
in:5234 out:5235 type:b dur:2 cpbdur:2 q:38.76 aq:37.12 tex:77 mv:148 misc:271 imb:2 pmb:17 smb:1601 d:- ref:0 ;
in:5237 out:5236 type:P dur:2 cpbdur:2 q:38.69 aq:30.60 tex:4531 mv:3346 misc:1267 imb:242 pmb:209 smb:1169 d:s ref:0 ;
in:5236 out:5237 type:b dur:2 cpbdur:2 q:38.72 aq:34.50 tex:13 mv:61 misc:214 imb:1 pmb:8 smb:1611 d:s ref:0 ;
in:5241 out:5238 type:P dur:2 cpbdur:2 q:38.68 aq:30.93 tex:4584 mv:4063 misc:1265 imb:276 pmb:254 smb:1090 d:s ref:0 ;
in:5239 out:5239 type:B dur:2 cpbdur:2 q:38.69 aq:33.33 tex:527 mv:896 misc:601 imb:7 pmb:93 smb:1520 d:t ref:0 ;
in:5238 out:5240 type:b dur:2 cpbdur:2 q:38.69 aq:32.09 tex:21 mv:80 misc:283 imb:2 pmb:17 smb:1601 d:s ref:0 ;
in:5240 out:5241 type:b dur:2 cpbdur:2 q:38.69 aq:37.00 tex:21 mv:99 misc:216 imb:1 pmb:10 smb:1609 d:- ref:0 ;
in:5245 out:5242 type:P dur:2 cpbdur:2 q:38.65 aq:30.67 tex:3283 mv:3541 misc:1224 imb:239 pmb:207 smb:1174 d:s ref:0 ;
in:5243 out:5243 type:B dur:2 cpbdur:2 q:38.68 aq:31.55 tex:695 mv:778 misc:591 imb:9 pmb:85 smb:1526 d:t ref:0 ;
in:5242 out:5244 type:b dur:2 cpbdur:2 q:38.68 aq:33.64 tex:120 mv:90 misc:254 imb:2 pmb:14 smb:1604 d:s ref:0 ;
in:5244 out:5245 type:b dur:2 cpbdur:2 q:38.68 aq:37.00 tex:48 mv:135 misc:233 imb:0 pmb:13 smb:1607 d:- ref:0 ;
in:5247 out:5246 type:P dur:2 cpbdur:2 q:38.60 aq:30.46 tex:4372 mv:3563 misc:1321 imb:250 pmb:235 smb:1135 d:s ref:0 ;
in:5246 out:5247 type:b dur:2 cpbdur:2 q:38.65 aq:35.64 tex:122 mv:99 misc:251 imb:1 pmb:16 smb:1603 d:s ref:0 ;
in:5251 out:5248 type:P dur:2 cpbdur:2 q:38.60 aq:29.64 tex:3731 mv:3555 misc:1330 imb:245 pmb:225 smb:1150 d:s ref:0 w:7,121,1 ;
in:5249 out:5249 type:B dur:2 cpbdur:2 q:38.60 aq:28.11 tex:227 mv:532 misc:505 imb:10 pmb:53 smb:1557 d:t ref:0 ;
in:5248 out:5250 type:b dur:2 cpbdur:2 q:38.60 aq:36.00 tex:2 mv:20 misc:194 imb:0 pmb:5 smb:1615 d:s ref:0 ;
in:5250 out:5251 type:b dur:2 cpbdur:2 q:38.60 aq:32.64 tex:75 mv:160 misc:253 imb:4 pmb:12 smb:1604 d:- ref:0 ;
in:5253 out:5252 type:P dur:2 cpbdur:2 q:38.56 aq:29.12 tex:5036 mv:4005 misc:1335 imb:315 pmb:232 smb:1073 d:s ref:0 ;
in:5252 out:5253 type:b dur:2 cpbdur:2 q:38.60 aq:33.13 tex:31 mv:109 misc:228 imb:0 pmb:12 smb:1608 d:t ref:0 ;
in:5257 out:5254 type:P dur:2 cpbdur:2 q:38.57 aq:28.38 tex:4449 mv:4012 misc:1315 imb:266 pmb:235 smb:1119 d:s ref:0 w:6,61,1 ;
in:5255 out:5255 type:B dur:2 cpbdur:2 q:38.57 aq:29.16 tex:227 mv:371 misc:386 imb:5 pmb:38 smb:1577 d:s ref:0 ;
in:5254 out:5256 type:b dur:2 cpbdur:2 q:38.57 aq:30.00 tex:1 mv:27 misc:188 imb:0 pmb:5 smb:1615 d:s ref:0 ;
in:5256 out:5257 type:b dur:2 cpbdur:2 q:38.57 aq:28.55 tex:16 mv:115 misc:213 imb:1 pmb:8 smb:1611 d:- ref:0 ;
in:5261 out:5258 type:P dur:2 cpbdur:2 q:38.51 aq:28.77 tex:3647 mv:3670 misc:1355 imb:229 pmb:214 smb:1177 d:s ref:0 w:7,121,1 ;
in:5259 out:5259 type:B dur:2 cpbdur:2 q:38.56 aq:29.56 tex:225 mv:274 misc:365 imb:5 pmb:34 smb:1581 d:s ref:0 ;
in:5258 out:5260 type:b dur:2 cpbdur:2 q:38.57 aq:27.63 tex:17 mv:20 misc:171 imb:1 pmb:3 smb:1616 d:s ref:0 ;
in:5260 out:5261 type:b dur:2 cpbdur:2 q:38.56 aq:35.65 tex:84 mv:127 misc:237 imb:4 pmb:10 smb:1606 d:- ref:0 ;
in:5265 out:5262 type:P dur:2 cpbdur:2 q:38.47 aq:28.75 tex:3202 mv:3161 misc:1221 imb:227 pmb:170 smb:1223 d:s ref:0 w:4,15,1 ;
in:5263 out:5263 type:B dur:2 cpbdur:2 q:38.51 aq:30.70 tex:325 mv:672 misc:515 imb:9 pmb:62 smb:1549 d:s ref:0 ;
in:5262 out:5264 type:b dur:2 cpbdur:2 q:38.51 aq:26.19 tex:44 mv:136 misc:244 imb:4 pmb:11 smb:1605 d:s ref:0 ;
in:5264 out:5265 type:b dur:2 cpbdur:2 q:38.51 aq:31.42 tex:80 mv:62 misc:194 imb:1 pmb:5 smb:1614 d:- ref:0 ;
in:5269 out:5266 type:P dur:2 cpbdur:2 q:38.42 aq:25.26 tex:5297 mv:4917 misc:1466 imb:772 pmb:237 smb:611 d:s ref:0 w:4,15,1,6,57,13,64,0 ;
in:5267 out:5267 type:B dur:2 cpbdur:2 q:38.47 aq:28.99 tex:188 mv:359 misc:437 imb:9 pmb:39 smb:1572 d:s ref:0 ;
in:5266 out:5268 type:b dur:2 cpbdur:2 q:38.47 aq:25.40 tex:27 mv:89 misc:228 imb:2 pmb:9 smb:1609 d:s ref:0 ;
in:5268 out:5269 type:b dur:2 cpbdur:2 q:38.47 aq:29.35 tex:21 mv:28 misc:191 imb:1 pmb:5 smb:1614 d:- ref:0 ;
in:5273 out:5270 type:P dur:2 cpbdur:2 q:38.39 aq:27.95 tex:2984 mv:2821 misc:1243 imb:211 pmb:184 smb:1225 d:s ref:0 w:7,119,1 ;
in:5271 out:5271 type:B dur:2 cpbdur:2 q:38.42 aq:30.99 tex:190 mv:264 misc:378 imb:4 pmb:32 smb:1584 d:s ref:0 ;
in:5270 out:5272 type:b dur:2 cpbdur:2 q:38.42 aq:33.29 tex:52 mv:36 misc:208 imb:0 pmb:8 smb:1612 d:s ref:0 ;
in:5272 out:5273 type:b dur:2 cpbdur:2 q:38.42 aq:23.02 tex:36 mv:40 misc:188 imb:1 pmb:5 smb:1614 d:- ref:0 ;
in:5277 out:5274 type:P dur:2 cpbdur:2 q:38.34 aq:28.26 tex:3727 mv:3289 misc:1272 imb:264 pmb:175 smb:1181 d:s ref:0 w:7,117,1 ;
in:5275 out:5275 type:B dur:2 cpbdur:2 q:38.39 aq:28.60 tex:174 mv:332 misc:366 imb:10 pmb:27 smb:1583 d:s ref:0 ;
in:5274 out:5276 type:b dur:2 cpbdur:2 q:38.39 aq:30.03 tex:57 mv:60 misc:203 imb:4 pmb:3 smb:1613 d:s ref:0 ;
in:5276 out:5277 type:b dur:2 cpbdur:2 q:38.39 aq:30.00 tex:1 mv:14 misc:185 imb:0 pmb:5 smb:1615 d:- ref:0 ;
in:5281 out:5278 type:P dur:2 cpbdur:2 q:38.29 aq:26.73 tex:2140 mv:2144 misc:1180 imb:177 pmb:106 smb:1337 d:s ref:0 w:7,119,1 ;
in:5279 out:5279 type:B dur:2 cpbdur:2 q:38.34 aq:24.41 tex:73 mv:88 misc:263 imb:0 pmb:16 smb:1604 d:s ref:0 ;
in:5278 out:5280 type:b dur:2 cpbdur:2 q:38.34 aq:25.92 tex:33 mv:10 misc:173 imb:0 pmb:3 smb:1617 d:s ref:0 ;
in:5280 out:5281 type:b dur:2 cpbdur:2 q:38.34 aq:30.00 tex:1 mv:32 misc:159 imb:0 pmb:2 smb:1618 d:- ref:0 ;
in:5283 out:5282 type:P dur:2 cpbdur:2 q:38.23 aq:24.32 tex:4046 mv:3796 misc:1414 imb:694 pmb:207 smb:719 d:s ref:0 w:4,15,1,6,64,0,55,17 ;
in:5282 out:5283 type:b dur:2 cpbdur:2 q:38.29 aq:26.29 tex:41 mv:40 misc:191 imb:1 pmb:6 smb:1613 d:s ref:0 ;
in:5287 out:5284 type:P dur:2 cpbdur:2 q:38.23 aq:27.62 tex:3026 mv:2361 misc:1245 imb:241 pmb:110 smb:1269 d:s ref:0 w:6,59,1 ;
in:5285 out:5285 type:B dur:2 cpbdur:2 q:38.23 aq:24.77 tex:324 mv:167 misc:381 imb:4 pmb:33 smb:1583 d:s ref:0 ;
in:5284 out:5286 type:b dur:2 cpbdur:2 q:38.23 aq:30.00 tex:0 mv:0 misc:144 imb:0 pmb:0 smb:1620 d:s ref:0 ;
in:5286 out:5287 type:b dur:2 cpbdur:2 q:38.23 aq:30.00 tex:2 mv:46 misc:176 imb:0 pmb:4 smb:1616 d:- ref:0 ;
in:5289 out:5288 type:P dur:2 cpbdur:2 q:38.17 aq:26.78 tex:1070 mv:781 misc:725 imb:63 pmb:46 smb:1511 d:s ref:0 ;
in:5288 out:5289 type:b dur:2 cpbdur:2 q:38.23 aq:30.00 tex:2 mv:11 misc:155 imb:1 pmb:0 smb:1619 d:s ref:0 ;
in:5293 out:5290 type:P dur:2 cpbdur:2 q:38.14 aq:24.16 tex:4292 mv:3324 misc:1408 imb:643 pmb:243 smb:734 d:s ref:0 w:7,109,2,4,13,23,16,0 ;
in:5291 out:5291 type:B dur:2 cpbdur:2 q:38.17 aq:27.63 tex:355 mv:228 misc:385 imb:4 pmb:35 smb:1581 d:s ref:0 ;
in:5290 out:5292 type:b dur:2 cpbdur:2 q:38.17 aq:30.60 tex:90 mv:80 misc:238 imb:3 pmb:10 smb:1607 d:s ref:0 ;
in:5292 out:5293 type:b dur:2 cpbdur:2 q:38.17 aq:28.86 tex:50 mv:25 misc:197 imb:0 pmb:8 smb:1612 d:- ref:0 ;
in:5297 out:5294 type:P dur:2 cpbdur:2 q:38.10 aq:23.82 tex:3234 mv:2915 misc:1323 imb:599 pmb:275 smb:746 d:s ref:0 w:7,111,2,6,64,0,55,17 ;
in:5295 out:5295 type:B dur:2 cpbdur:2 q:38.14 aq:28.28 tex:353 mv:372 misc:443 imb:16 pmb:32 smb:1572 d:s ref:0 ;
in:5294 out:5296 type:b dur:2 cpbdur:2 q:38.14 aq:25.81 tex:31 mv:38 misc:179 imb:1 pmb:3 smb:1616 d:s ref:0 ;
in:5296 out:5297 type:b dur:2 cpbdur:2 q:38.14 aq:26.93 tex:27 mv:73 misc:188 imb:2 pmb:4 smb:1614 d:- ref:0 ;
in:5298 out:5298 type:I dur:2 cpbdur:2 q:35.39 aq:20.86 tex:15040 mv:6635 misc:157 imb:1620 pmb:0 smb:0 d:s ref:;
in:5302 out:5299 type:P dur:2 cpbdur:2 q:38.11 aq:20.98 tex:432 mv:613 misc:539 imb:51 pmb:24 smb:1545 d:s ref:0 ;
in:5300 out:5300 type:B dur:2 cpbdur:2 q:38.11 aq:22.00 tex:18 mv:11 misc:179 imb:0 pmb:3 smb:1617 d:s ref:0 ;
in:5299 out:5301 type:b dur:2 cpbdur:2 q:38.11 aq:23.00 tex:0 mv:0 misc:144 imb:0 pmb:0 smb:1620 d:s ref:0 ;
in:5301 out:5302 type:b dur:2 cpbdur:2 q:38.11 aq:23.00 tex:20 mv:18 misc:170 imb:1 pmb:2 smb:1617 d:- ref:0 ;
in:5304 out:5303 type:P dur:2 cpbdur:2 q:38.02 aq:22.49 tex:936 mv:547 misc:485 imb:39 pmb:33 smb:1548 d:s ref:0 ;
in:5303 out:5304 type:b dur:2 cpbdur:2 q:38.11 aq:23.00 tex:17 mv:10 misc:173 imb:0 pmb:3 smb:1617 d:s ref:0 ;
in:5307 out:5305 type:P dur:2 cpbdur:2 q:37.99 aq:21.88 tex:1465 mv:1201 misc:966 imb:173 pmb:33 smb:1414 d:s ref:0 w:7,101,3 ;
in:5305 out:5306 type:B dur:2 cpbdur:2 q:38.02 aq:23.17 tex:159 mv:138 misc:335 imb:4 pmb:22 smb:1594 d:s ref:0 ;
in:5306 out:5307 type:b dur:2 cpbdur:2 q:38.02 aq:23.00 tex:56 mv:133 misc:347 imb:3 pmb:37 smb:1580 d:- ref:0 ;
in:5311 out:5308 type:P dur:2 cpbdur:2 q:37.95 aq:20.99 tex:1234 mv:1146 misc:964 imb:148 pmb:52 smb:1420 d:s ref:0 w:7,95,4 ;
in:5309 out:5309 type:B dur:2 cpbdur:2 q:37.99 aq:21.56 tex:120 mv:124 misc:340 imb:4 pmb:23 smb:1593 d:s ref:0 ;
in:5308 out:5310 type:b dur:2 cpbdur:2 q:37.99 aq:23.00 tex:35 mv:48 misc:213 imb:2 pmb:7 smb:1611 d:s ref:0 ;
in:5310 out:5311 type:b dur:2 cpbdur:2 q:37.99 aq:23.00 tex:94 mv:113 misc:329 imb:3 pmb:25 smb:1592 d:- ref:0 ;
in:5315 out:5312 type:P dur:2 cpbdur:2 q:37.88 aq:21.50 tex:2111 mv:1665 misc:992 imb:285 pmb:56 smb:1279 d:s ref:0 ;
in:5313 out:5313 type:B dur:2 cpbdur:2 q:37.95 aq:22.37 tex:250 mv:341 misc:593 imb:15 pmb:78 smb:1527 d:s ref:0 ;
in:5312 out:5314 type:b dur:2 cpbdur:2 q:37.95 aq:23.00 tex:102 mv:115 misc:343 imb:3 pmb:31 smb:1586 d:s ref:0 ;
in:5314 out:5315 type:b dur:2 cpbdur:2 q:37.95 aq:23.00 tex:55 mv:63 misc:242 imb:2 pmb:12 smb:1606 d:- ref:0 ;
in:5319 out:5316 type:P dur:2 cpbdur:2 q:37.82 aq:19.43 tex:1270 mv:1995 misc:1039 imb:369 pmb:48 smb:1203 d:s ref:0 ;
in:5317 out:5317 type:B dur:2 cpbdur:2 q:37.88 aq:22.32 tex:370 mv:545 misc:805 imb:21 pmb:141 smb:1458 d:s ref:0 ;
in:5316 out:5318 type:b dur:2 cpbdur:2 q:37.88 aq:23.48 tex:175 mv:331 misc:622 imb:10 pmb:95 smb:1515 d:s ref:0 ;
in:5318 out:5319 type:b dur:2 cpbdur:2 q:37.88 aq:23.00 tex:66 mv:115 misc:339 imb:2 pmb:29 smb:1589 d:- ref:0 ;
in:5323 out:5320 type:P dur:2 cpbdur:2 q:37.77 aq:18.93 tex:288 mv:129 misc:455 imb:7 pmb:20 smb:1593 d:s ref:0 w:7,37,11,7,43,85,37,91 ;
in:5321 out:5321 type:B dur:2 cpbdur:2 q:37.82 aq:22.00 tex:147 mv:328 misc:845 imb:17 pmb:182 smb:1421 d:s ref:0 ;
in:5320 out:5322 type:b dur:2 cpbdur:2 q:37.82 aq:23.00 tex:138 mv:378 misc:804 imb:14 pmb:176 smb:1430 d:s ref:0 ;
in:5322 out:5323 type:b dur:2 cpbdur:2 q:37.82 aq:23.00 tex:3 mv:23 misc:198 imb:0 pmb:8 smb:1612 d:- ref:0 ;
in:5327 out:5324 type:P dur:2 cpbdur:2 q:37.70 aq:19.00 tex:2 mv:11 misc:195 imb:1 pmb:0 smb:1619 d:s ref:0 ;
in:5325 out:5325 type:B dur:2 cpbdur:2 q:37.76 aq:21.00 tex:1 mv:4 misc:171 imb:0 pmb:1 smb:1619 d:s ref:0 ;
in:5324 out:5326 type:b dur:2 cpbdur:2 q:37.76 aq:23.00 tex:10 mv:8 misc:166 imb:0 pmb:2 smb:1618 d:s ref:0 ;
in:5326 out:5327 type:b dur:2 cpbdur:2 q:37.76 aq:23.00 tex:0 mv:0 misc:144 imb:0 pmb:0 smb:1620 d:- ref:0 ;
in:5331 out:5328 type:P dur:2 cpbdur:2 q:37.62 aq:20.00 tex:0 mv:0 misc:176 imb:0 pmb:0 smb:1620 d:s ref:0 ;
in:5329 out:5329 type:B dur:2 cpbdur:2 q:37.69 aq:21.00 tex:0 mv:0 misc:160 imb:0 pmb:0 smb:1620 d:s ref:0 ;
in:5328 out:5330 type:b dur:2 cpbdur:2 q:37.69 aq:23.00 tex:0 mv:0 misc:144 imb:0 pmb:0 smb:1620 d:s ref:0 ;
in:5330 out:5331 type:b dur:2 cpbdur:2 q:37.69 aq:23.00 tex:0 mv:0 misc:144 imb:0 pmb:0 smb:1620 d:- ref:0 ;
in:5334 out:5332 type:P dur:2 cpbdur:2 q:37.54 aq:23.00 tex:0 mv:0 misc:176 imb:0 pmb:0 smb:1620 d:s ref:0 ;
in:5332 out:5333 type:B dur:2 cpbdur:2 q:37.62 aq:22.00 tex:0 mv:0 misc:160 imb:0 pmb:0 smb:1620 d:s ref:0 ;
in:5333 out:5334 type:b dur:2 cpbdur:2 q:37.61 aq:23.00 tex:0 mv:0 misc:144 imb:0 pmb:0 smb:1620 d:- ref:0 ;
